2026-04-15 19:39:06,384 - Starting training con Algoritmo: q_learning
2026-04-15 19:39:06,527 - ========== INIZIO RUN 1/5 ==========
2026-04-15 19:39:08,133 - Episodio: 001/800 | Reward: -111.68 | Temp: 0.990 | MA (100 ep): -111.68
2026-04-15 19:39:08,604 - Episodio: 002/800 | Reward:  -61.89 | Temp: 0.980 | MA (100 ep):  -86.79
2026-04-15 19:39:09,365 - Episodio: 003/800 | Reward: -326.18 | Temp: 0.970 | MA (100 ep): -166.58
2026-04-15 19:39:09,870 - Episodio: 004/800 | Reward: -338.78 | Temp: 0.961 | MA (100 ep): -209.63
2026-04-15 19:39:10,567 - Episodio: 005/800 | Reward:  -68.74 | Temp: 0.951 | MA (100 ep): -181.45
2026-04-15 19:39:11,406 - Episodio: 006/800 | Reward: -195.89 | Temp: 0.941 | MA (100 ep): -183.86
2026-04-15 19:39:11,810 - Episodio: 007/800 | Reward:  -25.90 | Temp: 0.932 | MA (100 ep): -161.29
2026-04-15 19:39:12,416 - Episodio: 008/800 | Reward: -270.86 | Temp: 0.923 | MA (100 ep): -174.99
2026-04-15 19:39:12,722 - Episodio: 009/800 | Reward: -113.80 | Temp: 0.914 | MA (100 ep): -168.19
2026-04-15 19:39:13,301 - Episodio: 010/800 | Reward: -164.04 | Temp: 0.904 | MA (100 ep): -167.78
2026-04-15 19:39:13,772 - Episodio: 011/800 | Reward: -104.67 | Temp: 0.895 | MA (100 ep): -162.04
2026-04-15 19:39:14,321 - Episodio: 012/800 | Reward:  -81.14 | Temp: 0.886 | MA (100 ep): -155.30
2026-04-15 19:39:14,945 - Episodio: 013/800 | Reward: -212.05 | Temp: 0.878 | MA (100 ep): -159.66
2026-04-15 19:39:15,827 - Episodio: 014/800 | Reward: -167.60 | Temp: 0.869 | MA (100 ep): -160.23
2026-04-15 19:39:16,551 - Episodio: 015/800 | Reward:  -80.54 | Temp: 0.860 | MA (100 ep): -154.92
2026-04-15 19:39:17,120 - Episodio: 016/800 | Reward: -228.14 | Temp: 0.851 | MA (100 ep): -159.49
2026-04-15 19:39:17,614 - Episodio: 017/800 | Reward:  -93.11 | Temp: 0.843 | MA (100 ep): -155.59
2026-04-15 19:39:18,246 - Episodio: 018/800 | Reward: -108.34 | Temp: 0.835 | MA (100 ep): -152.96
2026-04-15 19:39:18,612 - Episodio: 019/800 | Reward: -224.52 | Temp: 0.826 | MA (100 ep): -156.73
2026-04-15 19:39:19,227 - Episodio: 020/800 | Reward: -128.48 | Temp: 0.818 | MA (100 ep): -155.32
2026-04-15 19:39:20,024 - Episodio: 021/800 | Reward: -220.31 | Temp: 0.810 | MA (100 ep): -158.41
2026-04-15 19:39:20,610 - Episodio: 022/800 | Reward: -153.13 | Temp: 0.802 | MA (100 ep): -158.17
2026-04-15 19:39:21,086 - Episodio: 023/800 | Reward:  -69.53 | Temp: 0.794 | MA (100 ep): -154.32
2026-04-15 19:39:21,845 - Episodio: 024/800 | Reward:   11.90 | Temp: 0.786 | MA (100 ep): -147.39
2026-04-15 19:39:22,658 - Episodio: 025/800 | Reward: -188.85 | Temp: 0.778 | MA (100 ep): -149.05
2026-04-15 19:39:23,539 - Episodio: 026/800 | Reward: -289.18 | Temp: 0.770 | MA (100 ep): -154.44
2026-04-15 19:39:24,082 - Episodio: 027/800 | Reward:  -24.21 | Temp: 0.762 | MA (100 ep): -149.62
2026-04-15 19:39:24,690 - Episodio: 028/800 | Reward:    6.09 | Temp: 0.755 | MA (100 ep): -144.06
2026-04-15 19:39:25,244 - Episodio: 029/800 | Reward:    8.22 | Temp: 0.747 | MA (100 ep): -138.81
2026-04-15 19:39:25,858 - Episodio: 030/800 | Reward:  -21.47 | Temp: 0.740 | MA (100 ep): -134.89
2026-04-15 19:39:26,601 - Episodio: 031/800 | Reward: -183.61 | Temp: 0.732 | MA (100 ep): -136.47
2026-04-15 19:39:27,424 - Episodio: 032/800 | Reward:  -11.28 | Temp: 0.725 | MA (100 ep): -132.55
2026-04-15 19:39:28,252 - Episodio: 033/800 | Reward:  -71.47 | Temp: 0.718 | MA (100 ep): -130.70
2026-04-15 19:39:29,123 - Episodio: 034/800 | Reward:  -89.27 | Temp: 0.711 | MA (100 ep): -129.48
2026-04-15 19:39:29,787 - Episodio: 035/800 | Reward:  -87.21 | Temp: 0.703 | MA (100 ep): -128.28
2026-04-15 19:39:30,737 - Episodio: 036/800 | Reward: -134.15 | Temp: 0.696 | MA (100 ep): -128.44
2026-04-15 19:39:32,026 - Episodio: 037/800 | Reward: -138.85 | Temp: 0.689 | MA (100 ep): -128.72
2026-04-15 19:39:32,636 - Episodio: 038/800 | Reward:    0.20 | Temp: 0.683 | MA (100 ep): -125.33
2026-04-15 19:39:33,095 - Episodio: 039/800 | Reward:  -54.81 | Temp: 0.676 | MA (100 ep): -123.52
2026-04-15 19:39:33,871 - Episodio: 040/800 | Reward: -126.38 | Temp: 0.669 | MA (100 ep): -123.59
2026-04-15 19:39:34,829 - Episodio: 041/800 | Reward: -102.97 | Temp: 0.662 | MA (100 ep): -123.09
2026-04-15 19:39:35,452 - Episodio: 042/800 | Reward:  -14.51 | Temp: 0.656 | MA (100 ep): -120.50
2026-04-15 19:39:36,273 - Episodio: 043/800 | Reward: -155.13 | Temp: 0.649 | MA (100 ep): -121.31
2026-04-15 19:39:36,905 - Episodio: 044/800 | Reward:  -66.58 | Temp: 0.643 | MA (100 ep): -120.06
2026-04-15 19:39:37,593 - Episodio: 045/800 | Reward:  -92.39 | Temp: 0.636 | MA (100 ep): -119.45
2026-04-15 19:39:38,673 - Episodio: 046/800 | Reward:  -58.21 | Temp: 0.630 | MA (100 ep): -118.12
2026-04-15 19:39:39,377 - Episodio: 047/800 | Reward:   -7.01 | Temp: 0.624 | MA (100 ep): -115.75
2026-04-15 19:39:40,301 - Episodio: 048/800 | Reward: -174.93 | Temp: 0.617 | MA (100 ep): -116.99
2026-04-15 19:39:41,645 - Episodio: 049/800 | Reward:  225.44 | Temp: 0.611 | MA (100 ep): -110.00
2026-04-15 19:39:42,529 - Episodio: 050/800 | Reward:   70.74 | Temp: 0.605 | MA (100 ep): -106.38
2026-04-15 19:39:42,529 - --- Inizio Evaluation run all'Episodio 50 ---
2026-04-15 19:39:50,150 - *** EVALUATION | Epi: 050 | Mean Reward (50 Run): -191.18 ± 111.49 ***
2026-04-15 19:39:50,150 - --- Fine Evaluation ---
2026-04-15 19:39:50,757 - Episodio: 051/800 | Reward:  -11.79 | Temp: 0.599 | MA (100 ep): -104.53
2026-04-15 19:39:51,347 - Episodio: 052/800 | Reward:  -32.36 | Temp: 0.593 | MA (100 ep): -103.14
2026-04-15 19:39:52,955 - Episodio: 053/800 | Reward:  -38.02 | Temp: 0.587 | MA (100 ep): -101.91
2026-04-15 19:39:54,148 - Episodio: 054/800 | Reward:    2.11 | Temp: 0.581 | MA (100 ep):  -99.99
2026-04-15 19:39:55,765 - Episodio: 055/800 | Reward:  -16.03 | Temp: 0.575 | MA (100 ep):  -98.46
2026-04-15 19:39:56,729 - Episodio: 056/800 | Reward:   11.76 | Temp: 0.570 | MA (100 ep):  -96.49
2026-04-15 19:39:57,526 - Episodio: 057/800 | Reward:   28.26 | Temp: 0.564 | MA (100 ep):  -94.30
2026-04-15 19:40:00,289 - Episodio: 058/800 | Reward:  -97.73 | Temp: 0.558 | MA (100 ep):  -94.36
2026-04-15 19:40:02,533 - Episodio: 059/800 | Reward: -147.14 | Temp: 0.553 | MA (100 ep):  -95.26
2026-04-15 19:40:04,367 - Episodio: 060/800 | Reward:  179.08 | Temp: 0.547 | MA (100 ep):  -90.68
2026-04-15 19:40:06,366 - Episodio: 061/800 | Reward: -131.28 | Temp: 0.542 | MA (100 ep):  -91.35
2026-04-15 19:40:09,306 - Episodio: 062/800 | Reward:  -94.92 | Temp: 0.536 | MA (100 ep):  -91.41
2026-04-15 19:40:11,793 - Episodio: 063/800 | Reward: -157.37 | Temp: 0.531 | MA (100 ep):  -92.46
2026-04-15 19:40:15,098 - Episodio: 064/800 | Reward:  -32.96 | Temp: 0.526 | MA (100 ep):  -91.53
2026-04-15 19:40:18,586 - Episodio: 065/800 | Reward:  -43.02 | Temp: 0.520 | MA (100 ep):  -90.78
2026-04-15 19:40:21,821 - Episodio: 066/800 | Reward:  -36.61 | Temp: 0.515 | MA (100 ep):  -89.96
2026-04-15 19:40:25,076 - Episodio: 067/800 | Reward:  -53.26 | Temp: 0.510 | MA (100 ep):  -89.41
2026-04-15 19:40:28,433 - Episodio: 068/800 | Reward:  -23.44 | Temp: 0.505 | MA (100 ep):  -88.44
2026-04-15 19:40:31,615 - Episodio: 069/800 | Reward:   -5.42 | Temp: 0.500 | MA (100 ep):  -87.24
2026-04-15 19:40:33,683 - Episodio: 070/800 | Reward: -109.92 | Temp: 0.495 | MA (100 ep):  -87.56
2026-04-15 19:40:37,031 - Episodio: 071/800 | Reward:    8.77 | Temp: 0.490 | MA (100 ep):  -86.20
2026-04-15 19:40:39,453 - Episodio: 072/800 | Reward:  148.87 | Temp: 0.485 | MA (100 ep):  -82.94
2026-04-15 19:40:42,734 - Episodio: 073/800 | Reward:  -55.91 | Temp: 0.480 | MA (100 ep):  -82.57
2026-04-15 19:40:45,803 - Episodio: 074/800 | Reward: -181.86 | Temp: 0.475 | MA (100 ep):  -83.91
2026-04-15 19:40:49,096 - Episodio: 075/800 | Reward:  -21.44 | Temp: 0.471 | MA (100 ep):  -83.08
2026-04-15 19:40:52,513 - Episodio: 076/800 | Reward:    5.10 | Temp: 0.466 | MA (100 ep):  -81.92
2026-04-15 19:40:55,778 - Episodio: 077/800 | Reward:    6.80 | Temp: 0.461 | MA (100 ep):  -80.77
2026-04-15 19:40:59,083 - Episodio: 078/800 | Reward:   -6.81 | Temp: 0.457 | MA (100 ep):  -79.82
2026-04-15 19:41:00,506 - Episodio: 079/800 | Reward: -114.83 | Temp: 0.452 | MA (100 ep):  -80.26
2026-04-15 19:41:03,850 - Episodio: 080/800 | Reward:   19.51 | Temp: 0.448 | MA (100 ep):  -79.01
2026-04-15 19:41:07,271 - Episodio: 081/800 | Reward:   13.68 | Temp: 0.443 | MA (100 ep):  -77.87
2026-04-15 19:41:10,734 - Episodio: 082/800 | Reward:  -61.72 | Temp: 0.439 | MA (100 ep):  -77.67
2026-04-15 19:41:14,283 - Episodio: 083/800 | Reward:  -24.91 | Temp: 0.434 | MA (100 ep):  -77.04
2026-04-15 19:41:14,727 - Episodio: 084/800 | Reward:  -60.54 | Temp: 0.430 | MA (100 ep):  -76.84
2026-04-15 19:41:18,198 - Episodio: 085/800 | Reward:  -12.10 | Temp: 0.426 | MA (100 ep):  -76.08
2026-04-15 19:41:21,691 - Episodio: 086/800 | Reward:    2.38 | Temp: 0.421 | MA (100 ep):  -75.17
2026-04-15 19:41:24,964 - Episodio: 087/800 | Reward:  -31.69 | Temp: 0.417 | MA (100 ep):  -74.67
2026-04-15 19:41:28,438 - Episodio: 088/800 | Reward:  -63.16 | Temp: 0.413 | MA (100 ep):  -74.54
2026-04-15 19:41:31,818 - Episodio: 089/800 | Reward:  -47.89 | Temp: 0.409 | MA (100 ep):  -74.24
2026-04-15 19:41:32,073 - Episodio: 090/800 | Reward: -593.20 | Temp: 0.405 | MA (100 ep):  -80.00
2026-04-15 19:41:35,412 - Episodio: 091/800 | Reward:  -44.46 | Temp: 0.401 | MA (100 ep):  -79.61
2026-04-15 19:41:38,951 - Episodio: 092/800 | Reward:  -28.79 | Temp: 0.397 | MA (100 ep):  -79.06
2026-04-15 19:41:42,434 - Episodio: 093/800 | Reward:  -38.98 | Temp: 0.393 | MA (100 ep):  -78.63
2026-04-15 19:41:42,923 - Episodio: 094/800 | Reward:  -88.66 | Temp: 0.389 | MA (100 ep):  -78.74
2026-04-15 19:41:44,658 - Episodio: 095/800 | Reward:  -62.11 | Temp: 0.385 | MA (100 ep):  -78.56
2026-04-15 19:41:48,074 - Episodio: 096/800 | Reward:  -40.73 | Temp: 0.381 | MA (100 ep):  -78.17
2026-04-15 19:41:51,626 - Episodio: 097/800 | Reward:  -51.85 | Temp: 0.377 | MA (100 ep):  -77.90
2026-04-15 19:41:53,532 - Episodio: 098/800 | Reward: -101.40 | Temp: 0.373 | MA (100 ep):  -78.14
2026-04-15 19:41:56,973 - Episodio: 099/800 | Reward:  -80.57 | Temp: 0.370 | MA (100 ep):  -78.16
2026-04-15 19:42:00,413 - Episodio: 100/800 | Reward:  -26.49 | Temp: 0.366 | MA (100 ep):  -77.64
2026-04-15 19:42:00,413 - --- Inizio Evaluation run all'Episodio 100 ---
2026-04-15 19:42:09,888 - *** EVALUATION | Epi: 100 | Mean Reward (50 Run):  -23.04 ± 86.33 ***
2026-04-15 19:42:09,888 - --- Fine Evaluation ---
2026-04-15 19:42:13,411 - Episodio: 101/800 | Reward:    7.02 | Temp: 0.362 | MA (100 ep):  -76.46
2026-04-15 19:42:16,851 - Episodio: 102/800 | Reward:  -48.44 | Temp: 0.359 | MA (100 ep):  -76.32
2026-04-15 19:42:20,352 - Episodio: 103/800 | Reward:  -27.55 | Temp: 0.355 | MA (100 ep):  -73.34
2026-04-15 19:42:20,981 - Episodio: 104/800 | Reward:  -55.13 | Temp: 0.352 | MA (100 ep):  -70.50
2026-04-15 19:42:24,341 - Episodio: 105/800 | Reward:    2.56 | Temp: 0.348 | MA (100 ep):  -69.79
2026-04-15 19:42:27,647 - Episodio: 106/800 | Reward:  222.49 | Temp: 0.345 | MA (100 ep):  -65.60
2026-04-15 19:42:31,050 - Episodio: 107/800 | Reward:  -47.26 | Temp: 0.341 | MA (100 ep):  -65.82
2026-04-15 19:42:34,458 - Episodio: 108/800 | Reward:  -78.06 | Temp: 0.338 | MA (100 ep):  -63.89
2026-04-15 19:42:35,038 - Episodio: 109/800 | Reward:  -77.67 | Temp: 0.334 | MA (100 ep):  -63.53
2026-04-15 19:42:36,866 - Episodio: 110/800 | Reward:  202.94 | Temp: 0.331 | MA (100 ep):  -59.86
2026-04-15 19:42:40,320 - Episodio: 111/800 | Reward:   -6.83 | Temp: 0.328 | MA (100 ep):  -58.88
2026-04-15 19:42:43,744 - Episodio: 112/800 | Reward:  -12.25 | Temp: 0.324 | MA (100 ep):  -58.19
2026-04-15 19:42:44,259 - Episodio: 113/800 | Reward:  -70.15 | Temp: 0.321 | MA (100 ep):  -56.77
2026-04-15 19:42:45,851 - Episodio: 114/800 | Reward:  255.91 | Temp: 0.318 | MA (100 ep):  -52.54
2026-04-15 19:42:49,385 - Episodio: 115/800 | Reward:   -2.55 | Temp: 0.315 | MA (100 ep):  -51.76
2026-04-15 19:42:52,888 - Episodio: 116/800 | Reward:  -29.09 | Temp: 0.312 | MA (100 ep):  -49.76
2026-04-15 19:42:55,594 - Episodio: 117/800 | Reward:  170.46 | Temp: 0.309 | MA (100 ep):  -47.13
2026-04-15 19:42:59,179 - Episodio: 118/800 | Reward:  -24.26 | Temp: 0.305 | MA (100 ep):  -46.29
2026-04-15 19:43:02,658 - Episodio: 119/800 | Reward:   32.18 | Temp: 0.302 | MA (100 ep):  -43.72
2026-04-15 19:43:03,764 - Episodio: 120/800 | Reward:  283.86 | Temp: 0.299 | MA (100 ep):  -39.60
2026-04-15 19:43:05,098 - Episodio: 121/800 | Reward:  204.47 | Temp: 0.296 | MA (100 ep):  -35.35
2026-04-15 19:43:08,513 - Episodio: 122/800 | Reward:   -4.73 | Temp: 0.293 | MA (100 ep):  -33.87
2026-04-15 19:43:10,300 - Episodio: 123/800 | Reward:  224.84 | Temp: 0.290 | MA (100 ep):  -30.92
2026-04-15 19:43:13,854 - Episodio: 124/800 | Reward:  -63.90 | Temp: 0.288 | MA (100 ep):  -31.68
2026-04-15 19:43:15,968 - Episodio: 125/800 | Reward:  188.42 | Temp: 0.285 | MA (100 ep):  -27.91
2026-04-15 19:43:19,414 - Episodio: 126/800 | Reward:  -17.32 | Temp: 0.282 | MA (100 ep):  -25.19
2026-04-15 19:43:20,560 - Episodio: 127/800 | Reward:  -12.09 | Temp: 0.279 | MA (100 ep):  -25.07
2026-04-15 19:43:22,547 - Episodio: 128/800 | Reward:  229.97 | Temp: 0.276 | MA (100 ep):  -22.83
2026-04-15 19:43:23,481 - Episodio: 129/800 | Reward:  284.98 | Temp: 0.273 | MA (100 ep):  -20.06
2026-04-15 19:43:28,104 - Episodio: 130/800 | Reward:  -33.43 | Temp: 0.271 | MA (100 ep):  -20.18
2026-04-15 19:43:29,755 - Episodio: 131/800 | Reward:  229.92 | Temp: 0.268 | MA (100 ep):  -16.05
2026-04-15 19:43:34,072 - Episodio: 132/800 | Reward:    0.76 | Temp: 0.265 | MA (100 ep):  -15.93
2026-04-15 19:43:36,786 - Episodio: 133/800 | Reward:  165.34 | Temp: 0.263 | MA (100 ep):  -13.56
2026-04-15 19:43:40,970 - Episodio: 134/800 | Reward:  141.98 | Temp: 0.260 | MA (100 ep):  -11.24
2026-04-15 19:43:43,089 - Episodio: 135/800 | Reward:  194.72 | Temp: 0.257 | MA (100 ep):   -8.43
2026-04-15 19:43:44,412 - Episodio: 136/800 | Reward:  256.71 | Temp: 0.255 | MA (100 ep):   -4.52
2026-04-15 19:43:49,253 - Episodio: 137/800 | Reward:  -48.60 | Temp: 0.252 | MA (100 ep):   -3.61
2026-04-15 19:43:53,743 - Episodio: 138/800 | Reward:  -17.64 | Temp: 0.250 | MA (100 ep):   -3.79
2026-04-15 19:43:55,522 - Episodio: 139/800 | Reward:  235.74 | Temp: 0.247 | MA (100 ep):   -0.89
2026-04-15 19:43:56,900 - Episodio: 140/800 | Reward:  243.12 | Temp: 0.245 | MA (100 ep):    2.81
2026-04-15 19:44:01,423 - Episodio: 141/800 | Reward:  -37.41 | Temp: 0.242 | MA (100 ep):    3.46
2026-04-15 19:44:03,789 - Episodio: 142/800 | Reward:  204.80 | Temp: 0.240 | MA (100 ep):    5.66
2026-04-15 19:44:05,694 - Episodio: 143/800 | Reward:  233.52 | Temp: 0.238 | MA (100 ep):    9.54
2026-04-15 19:44:08,502 - Episodio: 144/800 | Reward:  156.54 | Temp: 0.235 | MA (100 ep):   11.77
2026-04-15 19:44:12,402 - Episodio: 145/800 | Reward:  125.09 | Temp: 0.233 | MA (100 ep):   13.95
2026-04-15 19:44:13,851 - Episodio: 146/800 | Reward:  227.25 | Temp: 0.231 | MA (100 ep):   16.80
2026-04-15 19:44:16,714 - Episodio: 147/800 | Reward:  209.99 | Temp: 0.228 | MA (100 ep):   18.97
2026-04-15 19:44:18,668 - Episodio: 148/800 | Reward:  218.39 | Temp: 0.226 | MA (100 ep):   22.91
2026-04-15 19:44:22,482 - Episodio: 149/800 | Reward:   84.91 | Temp: 0.224 | MA (100 ep):   21.50
2026-04-15 19:44:23,685 - Episodio: 150/800 | Reward:   -8.46 | Temp: 0.221 | MA (100 ep):   20.71
2026-04-15 19:44:23,685 - --- Inizio Evaluation run all'Episodio 150 ---
2026-04-15 19:44:36,868 - *** EVALUATION | Epi: 150 | Mean Reward (50 Run):   56.71 ± 121.85 ***
2026-04-15 19:44:36,868 - --- Fine Evaluation ---
2026-04-15 19:44:39,174 - Episodio: 151/800 | Reward:  205.96 | Temp: 0.219 | MA (100 ep):   22.89
2026-04-15 19:44:44,178 - Episodio: 152/800 | Reward:  -60.86 | Temp: 0.217 | MA (100 ep):   22.60
2026-04-15 19:44:46,388 - Episodio: 153/800 | Reward:  203.26 | Temp: 0.215 | MA (100 ep):   25.01
2026-04-15 19:44:52,832 - Episodio: 154/800 | Reward:   83.57 | Temp: 0.213 | MA (100 ep):   25.83
2026-04-15 19:44:55,395 - Episodio: 155/800 | Reward:  258.80 | Temp: 0.211 | MA (100 ep):   28.58
2026-04-15 19:44:57,808 - Episodio: 156/800 | Reward:  233.48 | Temp: 0.208 | MA (100 ep):   30.79
2026-04-15 19:44:59,955 - Episodio: 157/800 | Reward:  231.69 | Temp: 0.206 | MA (100 ep):   32.83
2026-04-15 19:45:03,134 - Episodio: 158/800 | Reward:  225.62 | Temp: 0.204 | MA (100 ep):   36.06
2026-04-15 19:45:06,213 - Episodio: 159/800 | Reward:  -76.69 | Temp: 0.202 | MA (100 ep):   36.77
2026-04-15 19:45:11,437 - Episodio: 160/800 | Reward:  -17.50 | Temp: 0.200 | MA (100 ep):   34.80
2026-04-15 19:45:13,547 - Episodio: 161/800 | Reward:  216.33 | Temp: 0.198 | MA (100 ep):   38.28
2026-04-15 19:45:15,647 - Episodio: 162/800 | Reward:  286.30 | Temp: 0.196 | MA (100 ep):   42.09
2026-04-15 19:45:18,132 - Episodio: 163/800 | Reward:  227.98 | Temp: 0.194 | MA (100 ep):   45.94
2026-04-15 19:45:19,760 - Episodio: 164/800 | Reward:  299.19 | Temp: 0.192 | MA (100 ep):   49.26
2026-04-15 19:45:24,067 - Episodio: 165/800 | Reward:  -33.12 | Temp: 0.190 | MA (100 ep):   49.36
2026-04-15 19:45:29,791 - Episodio: 166/800 | Reward:  146.77 | Temp: 0.189 | MA (100 ep):   51.20
2026-04-15 19:45:31,634 - Episodio: 167/800 | Reward:  223.42 | Temp: 0.187 | MA (100 ep):   53.96
2026-04-15 19:45:33,940 - Episodio: 168/800 | Reward:  240.28 | Temp: 0.185 | MA (100 ep):   56.60
2026-04-15 19:45:37,095 - Episodio: 169/800 | Reward:  238.36 | Temp: 0.183 | MA (100 ep):   59.04
2026-04-15 19:45:41,601 - Episodio: 170/800 | Reward:   71.19 | Temp: 0.181 | MA (100 ep):   60.85
2026-04-15 19:45:45,873 - Episodio: 171/800 | Reward:  191.81 | Temp: 0.179 | MA (100 ep):   62.68
2026-04-15 19:45:48,101 - Episodio: 172/800 | Reward:   -3.34 | Temp: 0.178 | MA (100 ep):   61.16
2026-04-15 19:45:49,783 - Episodio: 173/800 | Reward:  251.19 | Temp: 0.176 | MA (100 ep):   64.23
2026-04-15 19:45:51,927 - Episodio: 174/800 | Reward:  189.84 | Temp: 0.174 | MA (100 ep):   67.95
2026-04-15 19:45:56,709 - Episodio: 175/800 | Reward:  121.72 | Temp: 0.172 | MA (100 ep):   69.38
2026-04-15 19:46:02,628 - Episodio: 176/800 | Reward:  -13.98 | Temp: 0.171 | MA (100 ep):   69.19
2026-04-15 19:46:04,768 - Episodio: 177/800 | Reward:  260.37 | Temp: 0.169 | MA (100 ep):   71.72
2026-04-15 19:46:06,852 - Episodio: 178/800 | Reward:  212.46 | Temp: 0.167 | MA (100 ep):   73.92
2026-04-15 19:46:08,416 - Episodio: 179/800 | Reward:  280.62 | Temp: 0.165 | MA (100 ep):   77.87
2026-04-15 19:46:09,814 - Episodio: 180/800 | Reward:  297.43 | Temp: 0.164 | MA (100 ep):   80.65
2026-04-15 19:46:11,256 - Episodio: 181/800 | Reward:  244.53 | Temp: 0.162 | MA (100 ep):   82.96
2026-04-15 19:46:12,573 - Episodio: 182/800 | Reward:  269.80 | Temp: 0.161 | MA (100 ep):   86.27
2026-04-15 19:46:14,532 - Episodio: 183/800 | Reward:  246.28 | Temp: 0.159 | MA (100 ep):   88.99
2026-04-15 19:46:17,620 - Episodio: 184/800 | Reward:  206.73 | Temp: 0.157 | MA (100 ep):   91.66
2026-04-15 19:46:21,952 - Episodio: 185/800 | Reward:  -15.28 | Temp: 0.156 | MA (100 ep):   91.63
2026-04-15 19:46:23,514 - Episodio: 186/800 | Reward:  267.78 | Temp: 0.154 | MA (100 ep):   94.28
2026-04-15 19:46:25,190 - Episodio: 187/800 | Reward:  213.19 | Temp: 0.153 | MA (100 ep):   96.73
2026-04-15 19:46:28,344 - Episodio: 188/800 | Reward: -127.86 | Temp: 0.151 | MA (100 ep):   96.08
2026-04-15 19:46:30,487 - Episodio: 189/800 | Reward: -146.50 | Temp: 0.150 | MA (100 ep):   95.10
2026-04-15 19:46:31,604 - Episodio: 190/800 | Reward:   21.85 | Temp: 0.148 | MA (100 ep):  101.25
2026-04-15 19:46:32,159 - Episodio: 191/800 | Reward:  -54.42 | Temp: 0.147 | MA (100 ep):  101.15
2026-04-15 19:46:33,197 - Episodio: 192/800 | Reward:  263.14 | Temp: 0.145 | MA (100 ep):  104.07
2026-04-15 19:46:33,909 - Episodio: 193/800 | Reward:  -39.08 | Temp: 0.144 | MA (100 ep):  104.07
2026-04-15 19:46:37,576 - Episodio: 194/800 | Reward:   53.74 | Temp: 0.142 | MA (100 ep):  105.49
2026-04-15 19:46:39,298 - Episodio: 195/800 | Reward:  -27.03 | Temp: 0.141 | MA (100 ep):  105.84
2026-04-15 19:46:40,316 - Episodio: 196/800 | Reward:  200.37 | Temp: 0.139 | MA (100 ep):  108.25
2026-04-15 19:46:41,011 - Episodio: 197/800 | Reward:   -4.13 | Temp: 0.138 | MA (100 ep):  108.73
2026-04-15 19:46:42,052 - Episodio: 198/800 | Reward:  263.11 | Temp: 0.137 | MA (100 ep):  112.37
2026-04-15 19:46:43,078 - Episodio: 199/800 | Reward:   -6.64 | Temp: 0.135 | MA (100 ep):  113.11
2026-04-15 19:46:46,596 - Episodio: 200/800 | Reward:  -34.74 | Temp: 0.134 | MA (100 ep):  113.03
2026-04-15 19:46:46,596 - --- Inizio Evaluation run all'Episodio 200 ---
2026-04-15 19:46:55,490 - *** EVALUATION | Epi: 200 | Mean Reward (50 Run):  128.42 ± 128.84 ***
2026-04-15 19:46:55,490 - --- Fine Evaluation ---
2026-04-15 19:46:56,309 - Episodio: 201/800 | Reward:  261.17 | Temp: 0.133 | MA (100 ep):  115.57
2026-04-15 19:46:57,271 - Episodio: 202/800 | Reward:  252.58 | Temp: 0.131 | MA (100 ep):  118.58
2026-04-15 19:46:58,217 - Episodio: 203/800 | Reward:  210.67 | Temp: 0.130 | MA (100 ep):  120.96
2026-04-15 19:46:58,942 - Episodio: 204/800 | Reward:  -14.64 | Temp: 0.129 | MA (100 ep):  121.37
2026-04-15 19:47:00,169 - Episodio: 205/800 | Reward:  223.94 | Temp: 0.127 | MA (100 ep):  123.58
2026-04-15 19:47:00,756 - Episodio: 206/800 | Reward:   63.77 | Temp: 0.126 | MA (100 ep):  122.00
2026-04-15 19:47:01,689 - Episodio: 207/800 | Reward:  251.14 | Temp: 0.125 | MA (100 ep):  124.98
2026-04-15 19:47:02,616 - Episodio: 208/800 | Reward:   25.35 | Temp: 0.124 | MA (100 ep):  126.01
2026-04-15 19:47:03,760 - Episodio: 209/800 | Reward:  271.97 | Temp: 0.122 | MA (100 ep):  129.51
2026-04-15 19:47:04,444 - Episodio: 210/800 | Reward:   32.11 | Temp: 0.121 | MA (100 ep):  127.80
2026-04-15 19:47:05,044 - Episodio: 211/800 | Reward:   21.73 | Temp: 0.120 | MA (100 ep):  128.09
2026-04-15 19:47:05,991 - Episodio: 212/800 | Reward:  277.43 | Temp: 0.119 | MA (100 ep):  130.98
2026-04-15 19:47:06,955 - Episodio: 213/800 | Reward:  271.73 | Temp: 0.118 | MA (100 ep):  134.40
2026-04-15 19:47:07,998 - Episodio: 214/800 | Reward:  258.83 | Temp: 0.116 | MA (100 ep):  134.43
2026-04-15 19:47:09,225 - Episodio: 215/800 | Reward:  -28.92 | Temp: 0.115 | MA (100 ep):  134.17
2026-04-15 19:47:10,283 - Episodio: 216/800 | Reward:  252.64 | Temp: 0.114 | MA (100 ep):  136.99
2026-04-15 19:47:11,330 - Episodio: 217/800 | Reward:  232.00 | Temp: 0.113 | MA (100 ep):  137.60
2026-04-15 19:47:12,506 - Episodio: 218/800 | Reward:   26.46 | Temp: 0.112 | MA (100 ep):  138.11
2026-04-15 19:47:13,429 - Episodio: 219/800 | Reward:  247.66 | Temp: 0.111 | MA (100 ep):  140.26
2026-04-15 19:47:14,430 - Episodio: 220/800 | Reward:  221.40 | Temp: 0.110 | MA (100 ep):  139.64
2026-04-15 19:47:15,953 - Episodio: 221/800 | Reward:  -40.05 | Temp: 0.108 | MA (100 ep):  137.19
2026-04-15 19:47:16,920 - Episodio: 222/800 | Reward:  228.52 | Temp: 0.107 | MA (100 ep):  139.53
2026-04-15 19:47:17,867 - Episodio: 223/800 | Reward:   64.40 | Temp: 0.106 | MA (100 ep):  137.92
2026-04-15 19:47:18,660 - Episodio: 224/800 | Reward:  -36.57 | Temp: 0.105 | MA (100 ep):  138.20
2026-04-15 19:47:20,333 - Episodio: 225/800 | Reward:  195.03 | Temp: 0.104 | MA (100 ep):  138.26
2026-04-15 19:47:21,153 - Episodio: 226/800 | Reward:  238.04 | Temp: 0.103 | MA (100 ep):  140.82
2026-04-15 19:47:22,290 - Episodio: 227/800 | Reward:    9.91 | Temp: 0.102 | MA (100 ep):  141.04
2026-04-15 19:47:23,139 - Episodio: 228/800 | Reward:  268.28 | Temp: 0.101 | MA (100 ep):  141.42
2026-04-15 19:47:24,122 - Episodio: 229/800 | Reward:  242.72 | Temp: 0.100 | MA (100 ep):  141.00
2026-04-15 19:47:25,124 - Episodio: 230/800 | Reward:  244.47 | Temp: 0.099 | MA (100 ep):  143.77
2026-04-15 19:47:27,436 - Episodio: 231/800 | Reward:  235.93 | Temp: 0.098 | MA (100 ep):  143.83
2026-04-15 19:47:28,660 - Episodio: 232/800 | Reward:  228.25 | Temp: 0.097 | MA (100 ep):  146.11
2026-04-15 19:47:30,219 - Episodio: 233/800 | Reward:  259.41 | Temp: 0.096 | MA (100 ep):  147.05
2026-04-15 19:47:30,782 - Episodio: 234/800 | Reward:  -20.82 | Temp: 0.095 | MA (100 ep):  145.42
2026-04-15 19:47:31,770 - Episodio: 235/800 | Reward:  222.36 | Temp: 0.094 | MA (100 ep):  145.70
2026-04-15 19:47:32,629 - Episodio: 236/800 | Reward:  221.24 | Temp: 0.093 | MA (100 ep):  145.34
2026-04-15 19:47:33,660 - Episodio: 237/800 | Reward:  280.87 | Temp: 0.092 | MA (100 ep):  148.64
2026-04-15 19:47:34,719 - Episodio: 238/800 | Reward:  -21.83 | Temp: 0.091 | MA (100 ep):  148.60
2026-04-15 19:47:35,627 - Episodio: 239/800 | Reward:  234.25 | Temp: 0.091 | MA (100 ep):  148.58
2026-04-15 19:47:36,740 - Episodio: 240/800 | Reward:  256.02 | Temp: 0.090 | MA (100 ep):  148.71
2026-04-15 19:47:37,850 - Episodio: 241/800 | Reward:  254.51 | Temp: 0.089 | MA (100 ep):  151.63
2026-04-15 19:47:38,748 - Episodio: 242/800 | Reward:  234.85 | Temp: 0.088 | MA (100 ep):  151.93
2026-04-15 19:47:39,799 - Episodio: 243/800 | Reward:  250.34 | Temp: 0.087 | MA (100 ep):  152.10
2026-04-15 19:47:40,834 - Episodio: 244/800 | Reward:  249.25 | Temp: 0.086 | MA (100 ep):  153.03
2026-04-15 19:47:41,888 - Episodio: 245/800 | Reward:  227.04 | Temp: 0.085 | MA (100 ep):  154.05
2026-04-15 19:47:42,817 - Episodio: 246/800 | Reward:  267.47 | Temp: 0.084 | MA (100 ep):  154.45
2026-04-15 19:47:43,805 - Episodio: 247/800 | Reward:  234.16 | Temp: 0.084 | MA (100 ep):  154.69
2026-04-15 19:47:44,856 - Episodio: 248/800 | Reward:  244.16 | Temp: 0.083 | MA (100 ep):  154.95
2026-04-15 19:47:47,112 - Episodio: 249/800 | Reward:  244.78 | Temp: 0.082 | MA (100 ep):  156.55
2026-04-15 19:47:47,678 - Episodio: 250/800 | Reward:   56.28 | Temp: 0.081 | MA (100 ep):  157.19
2026-04-15 19:47:47,678 - --- Inizio Evaluation run all'Episodio 250 ---
2026-04-15 19:47:53,790 - *** EVALUATION | Epi: 250 | Mean Reward (50 Run):  171.86 ± 125.49 ***
2026-04-15 19:47:53,790 - --- Fine Evaluation ---
2026-04-15 19:47:54,864 - Episodio: 251/800 | Reward:  242.11 | Temp: 0.080 | MA (100 ep):  157.55
2026-04-15 19:47:55,633 - Episodio: 252/800 | Reward:  266.93 | Temp: 0.079 | MA (100 ep):  160.83
2026-04-15 19:47:56,438 - Episodio: 253/800 | Reward:  265.82 | Temp: 0.079 | MA (100 ep):  161.46
2026-04-15 19:47:57,680 - Episodio: 254/800 | Reward:  231.58 | Temp: 0.078 | MA (100 ep):  162.94
2026-04-15 19:47:58,551 - Episodio: 255/800 | Reward:  258.19 | Temp: 0.077 | MA (100 ep):  162.93
2026-04-15 19:47:59,838 - Episodio: 256/800 | Reward:  269.49 | Temp: 0.076 | MA (100 ep):  163.29
2026-04-15 19:48:01,439 - Episodio: 257/800 | Reward:  274.12 | Temp: 0.076 | MA (100 ep):  163.72
2026-04-15 19:48:03,836 - Episodio: 258/800 | Reward:  222.01 | Temp: 0.075 | MA (100 ep):  163.68
2026-04-15 19:48:04,713 - Episodio: 259/800 | Reward:  -22.16 | Temp: 0.074 | MA (100 ep):  164.23
2026-04-15 19:48:05,650 - Episodio: 260/800 | Reward:  246.13 | Temp: 0.073 | MA (100 ep):  166.86
2026-04-15 19:48:06,873 - Episodio: 261/800 | Reward:  281.76 | Temp: 0.073 | MA (100 ep):  167.52
2026-04-15 19:48:07,534 - Episodio: 262/800 | Reward:   38.51 | Temp: 0.072 | MA (100 ep):  165.04
2026-04-15 19:48:08,718 - Episodio: 263/800 | Reward:  273.36 | Temp: 0.071 | MA (100 ep):  165.49
2026-04-15 19:48:09,686 - Episodio: 264/800 | Reward:  297.70 | Temp: 0.070 | MA (100 ep):  165.48
2026-04-15 19:48:11,249 - Episodio: 265/800 | Reward:  226.81 | Temp: 0.070 | MA (100 ep):  168.08
2026-04-15 19:48:12,086 - Episodio: 266/800 | Reward:  266.15 | Temp: 0.069 | MA (100 ep):  169.27
2026-04-15 19:48:12,894 - Episodio: 267/800 | Reward:  292.91 | Temp: 0.068 | MA (100 ep):  169.97
2026-04-15 19:48:14,117 - Episodio: 268/800 | Reward:  262.12 | Temp: 0.068 | MA (100 ep):  170.18
2026-04-15 19:48:15,154 - Episodio: 269/800 | Reward:  245.30 | Temp: 0.067 | MA (100 ep):  170.25
2026-04-15 19:48:16,023 - Episodio: 270/800 | Reward:  263.78 | Temp: 0.066 | MA (100 ep):  172.18
2026-04-15 19:48:16,836 - Episodio: 271/800 | Reward:  237.28 | Temp: 0.066 | MA (100 ep):  172.63
2026-04-15 19:48:17,927 - Episodio: 272/800 | Reward:  278.82 | Temp: 0.065 | MA (100 ep):  175.46
2026-04-15 19:48:19,213 - Episodio: 273/800 | Reward:  249.32 | Temp: 0.064 | MA (100 ep):  175.44
2026-04-15 19:48:20,096 - Episodio: 274/800 | Reward:  304.07 | Temp: 0.064 | MA (100 ep):  176.58
2026-04-15 19:48:21,090 - Episodio: 275/800 | Reward:  257.51 | Temp: 0.063 | MA (100 ep):  177.94
2026-04-15 19:48:21,858 - Episodio: 276/800 | Reward:  260.04 | Temp: 0.062 | MA (100 ep):  180.68
2026-04-15 19:48:23,469 - Episodio: 277/800 | Reward:  265.63 | Temp: 0.062 | MA (100 ep):  180.73
2026-04-15 19:48:24,585 - Episodio: 278/800 | Reward:  243.08 | Temp: 0.061 | MA (100 ep):  181.04
2026-04-15 19:48:25,390 - Episodio: 279/800 | Reward:  249.97 | Temp: 0.061 | MA (100 ep):  180.73
2026-04-15 19:48:27,264 - Episodio: 280/800 | Reward:  -84.10 | Temp: 0.060 | MA (100 ep):  176.91
2026-04-15 19:48:28,223 - Episodio: 281/800 | Reward:   42.63 | Temp: 0.059 | MA (100 ep):  174.90
2026-04-15 19:48:29,441 - Episodio: 282/800 | Reward:  249.45 | Temp: 0.059 | MA (100 ep):  174.69
2026-04-15 19:48:30,179 - Episodio: 283/800 | Reward:   13.54 | Temp: 0.058 | MA (100 ep):  172.36
2026-04-15 19:48:31,379 - Episodio: 284/800 | Reward:  244.05 | Temp: 0.058 | MA (100 ep):  172.74
2026-04-15 19:48:33,692 - Episodio: 285/800 | Reward: -113.58 | Temp: 0.057 | MA (100 ep):  171.75
2026-04-15 19:48:34,605 - Episodio: 286/800 | Reward:  284.50 | Temp: 0.056 | MA (100 ep):  171.92
2026-04-15 19:48:35,804 - Episodio: 287/800 | Reward:  236.96 | Temp: 0.056 | MA (100 ep):  172.16
2026-04-15 19:48:36,733 - Episodio: 288/800 | Reward:  285.09 | Temp: 0.055 | MA (100 ep):  176.29
2026-04-15 19:48:40,217 - Episodio: 289/800 | Reward:   -9.33 | Temp: 0.055 | MA (100 ep):  177.66
2026-04-15 19:48:41,138 - Episodio: 290/800 | Reward:  279.67 | Temp: 0.054 | MA (100 ep):  180.24
2026-04-15 19:48:41,988 - Episodio: 291/800 | Reward:  279.77 | Temp: 0.054 | MA (100 ep):  183.58
2026-04-15 19:48:44,876 - Episodio: 292/800 | Reward:  148.60 | Temp: 0.053 | MA (100 ep):  182.43
2026-04-15 19:48:45,728 - Episodio: 293/800 | Reward:  264.69 | Temp: 0.053 | MA (100 ep):  185.47
2026-04-15 19:48:46,879 - Episodio: 294/800 | Reward:  269.58 | Temp: 0.052 | MA (100 ep):  187.63
2026-04-15 19:48:47,655 - Episodio: 295/800 | Reward:   40.51 | Temp: 0.052 | MA (100 ep):  188.31
2026-04-15 19:48:48,912 - Episodio: 296/800 | Reward:  276.06 | Temp: 0.051 | MA (100 ep):  189.06
2026-04-15 19:48:49,958 - Episodio: 297/800 | Reward:  238.06 | Temp: 0.051 | MA (100 ep):  191.49
2026-04-15 19:48:51,724 - Episodio: 298/800 | Reward:  209.87 | Temp: 0.050 | MA (100 ep):  190.95
2026-04-15 19:48:53,141 - Episodio: 299/800 | Reward:  214.25 | Temp: 0.050 | MA (100 ep):  193.16
2026-04-15 19:48:53,930 - Episodio: 300/800 | Reward:  270.58 | Temp: 0.049 | MA (100 ep):  196.21
2026-04-15 19:48:53,930 - --- Inizio Evaluation run all'Episodio 300 ---
2026-04-15 19:49:00,226 - *** EVALUATION | Epi: 300 | Mean Reward (50 Run):  180.73 ± 105.16 ***
2026-04-15 19:49:00,226 - --- Fine Evaluation ---
2026-04-15 19:49:01,135 - Episodio: 301/800 | Reward:  255.51 | Temp: 0.049 | MA (100 ep):  196.16
2026-04-15 19:49:02,021 - Episodio: 302/800 | Reward:  240.91 | Temp: 0.048 | MA (100 ep):  196.04
2026-04-15 19:49:03,094 - Episodio: 303/800 | Reward:  256.34 | Temp: 0.048 | MA (100 ep):  196.50
2026-04-15 19:49:03,865 - Episodio: 304/800 | Reward:  275.22 | Temp: 0.047 | MA (100 ep):  199.40
2026-04-15 19:49:04,898 - Episodio: 305/800 | Reward:  276.96 | Temp: 0.047 | MA (100 ep):  199.93
2026-04-15 19:49:07,359 - Episodio: 306/800 | Reward:  191.95 | Temp: 0.046 | MA (100 ep):  201.21
2026-04-15 19:49:08,344 - Episodio: 307/800 | Reward:  287.81 | Temp: 0.046 | MA (100 ep):  201.58
2026-04-15 19:49:11,797 - Episodio: 308/800 | Reward:  131.26 | Temp: 0.045 | MA (100 ep):  202.63
2026-04-15 19:49:13,113 - Episodio: 309/800 | Reward:  255.71 | Temp: 0.045 | MA (100 ep):  202.47
2026-04-15 19:49:16,428 - Episodio: 310/800 | Reward:  148.12 | Temp: 0.044 | MA (100 ep):  203.63
2026-04-15 19:49:17,370 - Episodio: 311/800 | Reward:  233.99 | Temp: 0.044 | MA (100 ep):  205.75
2026-04-15 19:49:18,346 - Episodio: 312/800 | Reward:  286.22 | Temp: 0.043 | MA (100 ep):  205.84
2026-04-15 19:49:19,589 - Episodio: 313/800 | Reward:  258.49 | Temp: 0.043 | MA (100 ep):  205.71
2026-04-15 19:49:21,027 - Episodio: 314/800 | Reward:  249.22 | Temp: 0.043 | MA (100 ep):  205.61
2026-04-15 19:49:22,642 - Episodio: 315/800 | Reward:  262.22 | Temp: 0.042 | MA (100 ep):  208.53
2026-04-15 19:49:23,492 - Episodio: 316/800 | Reward:  260.49 | Temp: 0.042 | MA (100 ep):  208.60
2026-04-15 19:49:24,781 - Episodio: 317/800 | Reward:  225.63 | Temp: 0.041 | MA (100 ep):  208.54
2026-04-15 19:49:25,639 - Episodio: 318/800 | Reward:  247.79 | Temp: 0.041 | MA (100 ep):  210.75
2026-04-15 19:49:26,638 - Episodio: 319/800 | Reward:  257.28 | Temp: 0.041 | MA (100 ep):  210.85
2026-04-15 19:49:29,944 - Episodio: 320/800 | Reward:  159.73 | Temp: 0.040 | MA (100 ep):  210.23
2026-04-15 19:49:33,712 - Episodio: 321/800 | Reward:  -37.64 | Temp: 0.040 | MA (100 ep):  210.26
2026-04-15 19:49:37,958 - Episodio: 322/800 | Reward:  -27.15 | Temp: 0.039 | MA (100 ep):  207.70
2026-04-15 19:49:39,378 - Episodio: 323/800 | Reward:  263.60 | Temp: 0.039 | MA (100 ep):  209.69
2026-04-15 19:49:40,778 - Episodio: 324/800 | Reward:  246.03 | Temp: 0.039 | MA (100 ep):  212.52
2026-04-15 19:49:44,043 - Episodio: 325/800 | Reward:  219.39 | Temp: 0.038 | MA (100 ep):  212.76
2026-04-15 19:49:44,941 - Episodio: 326/800 | Reward:   16.41 | Temp: 0.038 | MA (100 ep):  210.55
2026-04-15 19:49:46,056 - Episodio: 327/800 | Reward:  239.23 | Temp: 0.037 | MA (100 ep):  212.84
2026-04-15 19:49:46,755 - Episodio: 328/800 | Reward:   17.26 | Temp: 0.037 | MA (100 ep):  210.33
2026-04-15 19:49:47,507 - Episodio: 329/800 | Reward:  244.50 | Temp: 0.037 | MA (100 ep):  210.35
2026-04-15 19:49:48,312 - Episodio: 330/800 | Reward:  269.93 | Temp: 0.036 | MA (100 ep):  210.60
2026-04-15 19:49:49,338 - Episodio: 331/800 | Reward:   64.52 | Temp: 0.036 | MA (100 ep):  208.89
2026-04-15 19:49:52,924 - Episodio: 332/800 | Reward:  -45.22 | Temp: 0.036 | MA (100 ep):  206.15
2026-04-15 19:49:54,080 - Episodio: 333/800 | Reward:  266.99 | Temp: 0.035 | MA (100 ep):  206.23
2026-04-15 19:49:55,069 - Episodio: 334/800 | Reward:   -6.06 | Temp: 0.035 | MA (100 ep):  206.38
2026-04-15 19:49:56,142 - Episodio: 335/800 | Reward:  268.09 | Temp: 0.034 | MA (100 ep):  206.83
2026-04-15 19:49:57,321 - Episodio: 336/800 | Reward:  288.95 | Temp: 0.034 | MA (100 ep):  207.51
2026-04-15 19:49:58,220 - Episodio: 337/800 | Reward:  266.97 | Temp: 0.034 | MA (100 ep):  207.37
2026-04-15 19:49:59,147 - Episodio: 338/800 | Reward:  288.16 | Temp: 0.033 | MA (100 ep):  210.47
2026-04-15 19:50:00,742 - Episodio: 339/800 | Reward:  212.50 | Temp: 0.033 | MA (100 ep):  210.25
2026-04-15 19:50:01,919 - Episodio: 340/800 | Reward:  263.79 | Temp: 0.033 | MA (100 ep):  210.33
2026-04-15 19:50:02,676 - Episodio: 341/800 | Reward:  278.16 | Temp: 0.032 | MA (100 ep):  210.57
2026-04-15 19:50:03,844 - Episodio: 342/800 | Reward:  254.47 | Temp: 0.032 | MA (100 ep):  210.76
2026-04-15 19:50:05,025 - Episodio: 343/800 | Reward:  292.59 | Temp: 0.032 | MA (100 ep):  211.19
2026-04-15 19:50:05,962 - Episodio: 344/800 | Reward:  271.20 | Temp: 0.032 | MA (100 ep):  211.41
2026-04-15 19:50:06,637 - Episodio: 345/800 | Reward:  249.33 | Temp: 0.031 | MA (100 ep):  211.63
2026-04-15 19:50:08,255 - Episodio: 346/800 | Reward:  244.34 | Temp: 0.031 | MA (100 ep):  211.40
2026-04-15 19:50:10,172 - Episodio: 347/800 | Reward:  -29.79 | Temp: 0.031 | MA (100 ep):  208.76
2026-04-15 19:50:11,351 - Episodio: 348/800 | Reward:  287.10 | Temp: 0.030 | MA (100 ep):  209.19
2026-04-15 19:50:12,204 - Episodio: 349/800 | Reward:  249.69 | Temp: 0.030 | MA (100 ep):  209.24
2026-04-15 19:50:13,150 - Episodio: 350/800 | Reward:  266.21 | Temp: 0.030 | MA (100 ep):  211.34
2026-04-15 19:50:13,150 - --- Inizio Evaluation run all'Episodio 350 ---
2026-04-15 19:50:17,325 - *** EVALUATION | Epi: 350 | Mean Reward (50 Run):  230.20 ± 89.62 ***
2026-04-15 19:50:17,325 - --- Fine Evaluation ---
2026-04-15 19:50:18,171 - Episodio: 351/800 | Reward:  260.71 | Temp: 0.029 | MA (100 ep):  211.52
2026-04-15 19:50:18,977 - Episodio: 352/800 | Reward:  257.56 | Temp: 0.029 | MA (100 ep):  211.43
2026-04-15 19:50:19,404 - Episodio: 353/800 | Reward:   44.94 | Temp: 0.029 | MA (100 ep):  209.22
2026-04-15 19:50:22,504 - Episodio: 354/800 | Reward:  165.32 | Temp: 0.029 | MA (100 ep):  208.56
2026-04-15 19:50:23,238 - Episodio: 355/800 | Reward:  263.93 | Temp: 0.028 | MA (100 ep):  208.61
2026-04-15 19:50:25,645 - Episodio: 356/800 | Reward:  215.86 | Temp: 0.028 | MA (100 ep):  208.08
2026-04-15 19:50:26,511 - Episodio: 357/800 | Reward:  273.59 | Temp: 0.028 | MA (100 ep):  208.07
2026-04-15 19:50:27,663 - Episodio: 358/800 | Reward:  293.08 | Temp: 0.027 | MA (100 ep):  208.78
2026-04-15 19:50:28,593 - Episodio: 359/800 | Reward:  276.48 | Temp: 0.027 | MA (100 ep):  211.77
2026-04-15 19:50:30,448 - Episodio: 360/800 | Reward:  254.83 | Temp: 0.027 | MA (100 ep):  211.86
2026-04-15 19:50:31,357 - Episodio: 361/800 | Reward:  278.97 | Temp: 0.027 | MA (100 ep):  211.83
2026-04-15 19:50:32,173 - Episodio: 362/800 | Reward:  283.03 | Temp: 0.026 | MA (100 ep):  214.27
2026-04-15 19:50:33,013 - Episodio: 363/800 | Reward:  304.32 | Temp: 0.026 | MA (100 ep):  214.58
2026-04-15 19:50:33,847 - Episodio: 364/800 | Reward:  259.29 | Temp: 0.026 | MA (100 ep):  214.20
2026-04-15 19:50:34,638 - Episodio: 365/800 | Reward:  299.95 | Temp: 0.026 | MA (100 ep):  214.93
2026-04-15 19:50:35,561 - Episodio: 366/800 | Reward:  267.19 | Temp: 0.025 | MA (100 ep):  214.94
2026-04-15 19:50:36,615 - Episodio: 367/800 | Reward:  275.35 | Temp: 0.025 | MA (100 ep):  214.77
2026-04-15 19:50:38,001 - Episodio: 368/800 | Reward:  267.70 | Temp: 0.025 | MA (100 ep):  214.82
2026-04-15 19:50:39,010 - Episodio: 369/800 | Reward:  258.60 | Temp: 0.025 | MA (100 ep):  214.95
2026-04-15 19:50:39,977 - Episodio: 370/800 | Reward:  250.30 | Temp: 0.024 | MA (100 ep):  214.82
2026-04-15 19:50:40,900 - Episodio: 371/800 | Reward:   58.33 | Temp: 0.024 | MA (100 ep):  213.03
2026-04-15 19:50:42,119 - Episodio: 372/800 | Reward:  279.93 | Temp: 0.024 | MA (100 ep):  213.04
2026-04-15 19:50:42,953 - Episodio: 373/800 | Reward:  261.22 | Temp: 0.024 | MA (100 ep):  213.16
2026-04-15 19:50:43,785 - Episodio: 374/800 | Reward:  306.03 | Temp: 0.023 | MA (100 ep):  213.18
2026-04-15 19:50:44,674 - Episodio: 375/800 | Reward:  254.82 | Temp: 0.023 | MA (100 ep):  213.15
2026-04-15 19:50:45,607 - Episodio: 376/800 | Reward:  276.75 | Temp: 0.023 | MA (100 ep):  213.32
2026-04-15 19:50:46,379 - Episodio: 377/800 | Reward:  279.10 | Temp: 0.023 | MA (100 ep):  213.45
2026-04-15 19:50:47,174 - Episodio: 378/800 | Reward:  270.24 | Temp: 0.022 | MA (100 ep):  213.73
2026-04-15 19:50:48,173 - Episodio: 379/800 | Reward:  254.23 | Temp: 0.022 | MA (100 ep):  213.77
2026-04-15 19:50:49,164 - Episodio: 380/800 | Reward:  267.54 | Temp: 0.022 | MA (100 ep):  217.29
2026-04-15 19:50:49,932 - Episodio: 381/800 | Reward:  243.47 | Temp: 0.022 | MA (100 ep):  219.29
2026-04-15 19:50:50,725 - Episodio: 382/800 | Reward:  255.51 | Temp: 0.022 | MA (100 ep):  219.35
2026-04-15 19:50:51,795 - Episodio: 383/800 | Reward:  293.17 | Temp: 0.021 | MA (100 ep):  222.15
2026-04-15 19:50:52,478 - Episodio: 384/800 | Reward:  247.51 | Temp: 0.021 | MA (100 ep):  222.19
2026-04-15 19:50:53,325 - Episodio: 385/800 | Reward:  272.28 | Temp: 0.021 | MA (100 ep):  226.04
2026-04-15 19:50:54,558 - Episodio: 386/800 | Reward:  284.11 | Temp: 0.021 | MA (100 ep):  226.04
2026-04-15 19:50:55,355 - Episodio: 387/800 | Reward:  241.61 | Temp: 0.020 | MA (100 ep):  226.09
2026-04-15 19:50:55,950 - Episodio: 388/800 | Reward:    9.18 | Temp: 0.020 | MA (100 ep):  223.33
2026-04-15 19:50:57,081 - Episodio: 389/800 | Reward:  292.31 | Temp: 0.020 | MA (100 ep):  226.34
2026-04-15 19:50:57,864 - Episodio: 390/800 | Reward:  297.10 | Temp: 0.020 | MA (100 ep):  226.52
2026-04-15 19:50:58,648 - Episodio: 391/800 | Reward:  275.19 | Temp: 0.020 | MA (100 ep):  226.47
2026-04-15 19:50:59,534 - Episodio: 392/800 | Reward:  256.21 | Temp: 0.019 | MA (100 ep):  227.55
2026-04-15 19:51:00,449 - Episodio: 393/800 | Reward:  299.30 | Temp: 0.019 | MA (100 ep):  227.89
2026-04-15 19:51:00,812 - Episodio: 394/800 | Reward:   42.41 | Temp: 0.019 | MA (100 ep):  225.62
2026-04-15 19:51:01,682 - Episodio: 395/800 | Reward:  291.99 | Temp: 0.019 | MA (100 ep):  228.14
2026-04-15 19:51:02,464 - Episodio: 396/800 | Reward:  256.70 | Temp: 0.019 | MA (100 ep):  227.94
2026-04-15 19:51:03,146 - Episodio: 397/800 | Reward:   39.44 | Temp: 0.019 | MA (100 ep):  225.96
2026-04-15 19:51:03,934 - Episodio: 398/800 | Reward:   69.50 | Temp: 0.018 | MA (100 ep):  224.55
2026-04-15 19:51:04,608 - Episodio: 399/800 | Reward:  251.69 | Temp: 0.018 | MA (100 ep):  224.93
2026-04-15 19:51:05,546 - Episodio: 400/800 | Reward:  266.17 | Temp: 0.018 | MA (100 ep):  224.88
2026-04-15 19:51:05,546 - --- Inizio Evaluation run all'Episodio 400 ---
2026-04-15 19:51:09,529 - *** EVALUATION | Epi: 400 | Mean Reward (50 Run):  245.09 ± 63.99 ***
2026-04-15 19:51:09,529 - --- Fine Evaluation ---
2026-04-15 19:51:10,423 - Episodio: 401/800 | Reward:  266.94 | Temp: 0.018 | MA (100 ep):  225.00
2026-04-15 19:51:11,208 - Episodio: 402/800 | Reward:  246.49 | Temp: 0.018 | MA (100 ep):  225.05
2026-04-15 19:51:12,224 - Episodio: 403/800 | Reward:  278.01 | Temp: 0.017 | MA (100 ep):  225.27
2026-04-15 19:51:13,034 - Episodio: 404/800 | Reward:  295.10 | Temp: 0.017 | MA (100 ep):  225.47
2026-04-15 19:51:13,957 - Episodio: 405/800 | Reward:  289.47 | Temp: 0.017 | MA (100 ep):  225.60
2026-04-15 19:51:14,897 - Episodio: 406/800 | Reward:  261.66 | Temp: 0.017 | MA (100 ep):  226.29
2026-04-15 19:51:15,765 - Episodio: 407/800 | Reward:  266.67 | Temp: 0.017 | MA (100 ep):  226.08
2026-04-15 19:51:16,712 - Episodio: 408/800 | Reward:  269.48 | Temp: 0.017 | MA (100 ep):  227.46
2026-04-15 19:51:17,760 - Episodio: 409/800 | Reward:  299.69 | Temp: 0.016 | MA (100 ep):  227.90
2026-04-15 19:51:18,554 - Episodio: 410/800 | Reward:  264.55 | Temp: 0.016 | MA (100 ep):  229.07
2026-04-15 19:51:19,406 - Episodio: 411/800 | Reward:  308.30 | Temp: 0.016 | MA (100 ep):  229.81
2026-04-15 19:51:20,421 - Episodio: 412/800 | Reward:  284.23 | Temp: 0.016 | MA (100 ep):  229.79
2026-04-15 19:51:21,165 - Episodio: 413/800 | Reward:  255.42 | Temp: 0.016 | MA (100 ep):  229.76
2026-04-15 19:51:21,868 - Episodio: 414/800 | Reward:   14.72 | Temp: 0.016 | MA (100 ep):  227.42
2026-04-15 19:51:22,758 - Episodio: 415/800 | Reward:  246.80 | Temp: 0.015 | MA (100 ep):  227.26
2026-04-15 19:51:23,702 - Episodio: 416/800 | Reward:  278.96 | Temp: 0.015 | MA (100 ep):  227.45
2026-04-15 19:51:24,794 - Episodio: 417/800 | Reward:  265.88 | Temp: 0.015 | MA (100 ep):  227.85
2026-04-15 19:51:25,534 - Episodio: 418/800 | Reward:   17.38 | Temp: 0.015 | MA (100 ep):  225.54
2026-04-15 19:51:26,534 - Episodio: 419/800 | Reward:  286.63 | Temp: 0.015 | MA (100 ep):  225.84
2026-04-15 19:51:27,332 - Episodio: 420/800 | Reward:  292.24 | Temp: 0.015 | MA (100 ep):  227.16
2026-04-15 19:51:28,475 - Episodio: 421/800 | Reward:  279.45 | Temp: 0.015 | MA (100 ep):  230.33
2026-04-15 19:51:29,251 - Episodio: 422/800 | Reward:  253.94 | Temp: 0.014 | MA (100 ep):  233.14
2026-04-15 19:51:30,928 - Episodio: 423/800 | Reward:  258.58 | Temp: 0.014 | MA (100 ep):  233.09
2026-04-15 19:51:32,032 - Episodio: 424/800 | Reward:  302.95 | Temp: 0.014 | MA (100 ep):  233.66
2026-04-15 19:51:32,836 - Episodio: 425/800 | Reward:  285.28 | Temp: 0.014 | MA (100 ep):  234.32
2026-04-15 19:51:33,589 - Episodio: 426/800 | Reward:  257.54 | Temp: 0.014 | MA (100 ep):  236.73
2026-04-15 19:51:34,593 - Episodio: 427/800 | Reward:  298.15 | Temp: 0.014 | MA (100 ep):  237.32
2026-04-15 19:51:35,260 - Episodio: 428/800 | Reward:  292.12 | Temp: 0.014 | MA (100 ep):  240.07
2026-04-15 19:51:38,883 - Episodio: 429/800 | Reward:  163.33 | Temp: 0.013 | MA (100 ep):  239.26
2026-04-15 19:51:39,835 - Episodio: 430/800 | Reward:  273.24 | Temp: 0.013 | MA (100 ep):  239.29
2026-04-15 19:51:40,518 - Episodio: 431/800 | Reward:   27.82 | Temp: 0.013 | MA (100 ep):  238.93
2026-04-15 19:51:41,280 - Episodio: 432/800 | Reward:  256.45 | Temp: 0.013 | MA (100 ep):  241.94
2026-04-15 19:51:42,054 - Episodio: 433/800 | Reward:  247.86 | Temp: 0.013 | MA (100 ep):  241.75
2026-04-15 19:51:42,731 - Episodio: 434/800 | Reward:  245.09 | Temp: 0.013 | MA (100 ep):  244.26
2026-04-15 19:51:43,481 - Episodio: 435/800 | Reward:  264.78 | Temp: 0.013 | MA (100 ep):  244.23
2026-04-15 19:51:44,443 - Episodio: 436/800 | Reward:  299.91 | Temp: 0.013 | MA (100 ep):  244.34
2026-04-15 19:51:45,238 - Episodio: 437/800 | Reward:  245.20 | Temp: 0.012 | MA (100 ep):  244.12
2026-04-15 19:51:46,045 - Episodio: 438/800 | Reward:  251.42 | Temp: 0.012 | MA (100 ep):  243.75
2026-04-15 19:51:46,868 - Episodio: 439/800 | Reward:  276.83 | Temp: 0.012 | MA (100 ep):  244.40
2026-04-15 19:51:47,623 - Episodio: 440/800 | Reward:  266.68 | Temp: 0.012 | MA (100 ep):  244.43
2026-04-15 19:51:48,858 - Episodio: 441/800 | Reward:  282.93 | Temp: 0.012 | MA (100 ep):  244.47
2026-04-15 19:51:49,601 - Episodio: 442/800 | Reward:  253.07 | Temp: 0.012 | MA (100 ep):  244.46
2026-04-15 19:51:51,160 - Episodio: 443/800 | Reward:  249.12 | Temp: 0.012 | MA (100 ep):  244.02
2026-04-15 19:51:51,983 - Episodio: 444/800 | Reward:  289.54 | Temp: 0.012 | MA (100 ep):  244.21
2026-04-15 19:51:52,697 - Episodio: 445/800 | Reward:    3.65 | Temp: 0.011 | MA (100 ep):  241.75
2026-04-15 19:51:53,678 - Episodio: 446/800 | Reward:  291.97 | Temp: 0.011 | MA (100 ep):  242.23
2026-04-15 19:51:54,666 - Episodio: 447/800 | Reward:  241.82 | Temp: 0.011 | MA (100 ep):  244.94
2026-04-15 19:51:55,326 - Episodio: 448/800 | Reward:  283.84 | Temp: 0.011 | MA (100 ep):  244.91
2026-04-15 19:51:56,369 - Episodio: 449/800 | Reward:  273.69 | Temp: 0.011 | MA (100 ep):  245.15
2026-04-15 19:51:57,190 - Episodio: 450/800 | Reward:  292.75 | Temp: 0.011 | MA (100 ep):  245.42
2026-04-15 19:51:57,190 - --- Inizio Evaluation run all'Episodio 450 ---
2026-04-15 19:52:01,308 - *** EVALUATION | Epi: 450 | Mean Reward (50 Run):  236.36 ± 89.25 ***
2026-04-15 19:52:01,308 - --- Fine Evaluation ---
2026-04-15 19:52:02,189 - Episodio: 451/800 | Reward:  266.23 | Temp: 0.011 | MA (100 ep):  245.47
2026-04-15 19:52:03,926 - Episodio: 452/800 | Reward:  247.53 | Temp: 0.011 | MA (100 ep):  245.37
2026-04-15 19:52:04,761 - Episodio: 453/800 | Reward:  279.01 | Temp: 0.011 | MA (100 ep):  247.71
2026-04-15 19:52:05,521 - Episodio: 454/800 | Reward:  273.27 | Temp: 0.010 | MA (100 ep):  248.79
2026-04-15 19:52:06,411 - Episodio: 455/800 | Reward:  285.65 | Temp: 0.010 | MA (100 ep):  249.01
2026-04-15 19:52:07,320 - Episodio: 456/800 | Reward:  283.15 | Temp: 0.010 | MA (100 ep):  249.68
2026-04-15 19:52:08,258 - Episodio: 457/800 | Reward:  285.44 | Temp: 0.010 | MA (100 ep):  249.80
2026-04-15 19:52:09,151 - Episodio: 458/800 | Reward:  295.69 | Temp: 0.010 | MA (100 ep):  249.83
2026-04-15 19:52:10,079 - Episodio: 459/800 | Reward:  286.14 | Temp: 0.010 | MA (100 ep):  249.92
2026-04-15 19:52:10,761 - Episodio: 460/800 | Reward:  257.15 | Temp: 0.010 | MA (100 ep):  249.95
2026-04-15 19:52:11,446 - Episodio: 461/800 | Reward:  277.37 | Temp: 0.010 | MA (100 ep):  249.93
2026-04-15 19:52:12,315 - Episodio: 462/800 | Reward:  278.54 | Temp: 0.010 | MA (100 ep):  249.89
2026-04-15 19:52:13,293 - Episodio: 463/800 | Reward:  292.30 | Temp: 0.010 | MA (100 ep):  249.77
2026-04-15 19:52:14,118 - Episodio: 464/800 | Reward:  286.56 | Temp: 0.010 | MA (100 ep):  250.04
2026-04-15 19:52:14,843 - Episodio: 465/800 | Reward:  273.33 | Temp: 0.010 | MA (100 ep):  249.77
2026-04-15 19:52:15,695 - Episodio: 466/800 | Reward:  244.63 | Temp: 0.010 | MA (100 ep):  249.55
2026-04-15 19:52:16,732 - Episodio: 467/800 | Reward:  293.86 | Temp: 0.010 | MA (100 ep):  249.73
2026-04-15 19:52:17,477 - Episodio: 468/800 | Reward:  291.60 | Temp: 0.010 | MA (100 ep):  249.97
2026-04-15 19:52:20,006 - Episodio: 469/800 | Reward:  250.69 | Temp: 0.010 | MA (100 ep):  249.89
2026-04-15 19:52:20,762 - Episodio: 470/800 | Reward:  273.97 | Temp: 0.010 | MA (100 ep):  250.13
2026-04-15 19:52:21,679 - Episodio: 471/800 | Reward:  220.65 | Temp: 0.010 | MA (100 ep):  251.75
2026-04-15 19:52:22,529 - Episodio: 472/800 | Reward:  265.60 | Temp: 0.010 | MA (100 ep):  251.61
2026-04-15 19:52:23,433 - Episodio: 473/800 | Reward:  260.04 | Temp: 0.010 | MA (100 ep):  251.60
2026-04-15 19:52:24,047 - Episodio: 474/800 | Reward:  264.26 | Temp: 0.010 | MA (100 ep):  251.18
2026-04-15 19:52:26,878 - Episodio: 475/800 | Reward:  246.45 | Temp: 0.010 | MA (100 ep):  251.09
2026-04-15 19:52:27,716 - Episodio: 476/800 | Reward:  299.75 | Temp: 0.010 | MA (100 ep):  251.32
2026-04-15 19:52:28,726 - Episodio: 477/800 | Reward:  247.22 | Temp: 0.010 | MA (100 ep):  251.01
2026-04-15 19:52:29,489 - Episodio: 478/800 | Reward:  281.92 | Temp: 0.010 | MA (100 ep):  251.12
2026-04-15 19:52:30,236 - Episodio: 479/800 | Reward:  259.05 | Temp: 0.010 | MA (100 ep):  251.17
2026-04-15 19:52:31,012 - Episodio: 480/800 | Reward:  289.43 | Temp: 0.010 | MA (100 ep):  251.39
2026-04-15 19:52:31,831 - Episodio: 481/800 | Reward:  269.98 | Temp: 0.010 | MA (100 ep):  251.65
2026-04-15 19:52:32,696 - Episodio: 482/800 | Reward:  263.65 | Temp: 0.010 | MA (100 ep):  251.74
2026-04-15 19:52:33,719 - Episodio: 483/800 | Reward:  273.16 | Temp: 0.010 | MA (100 ep):  251.54
2026-04-15 19:52:34,555 - Episodio: 484/800 | Reward:  289.05 | Temp: 0.010 | MA (100 ep):  251.95
2026-04-15 19:52:35,502 - Episodio: 485/800 | Reward:  261.57 | Temp: 0.010 | MA (100 ep):  251.84
2026-04-15 19:52:36,221 - Episodio: 486/800 | Reward:  288.85 | Temp: 0.010 | MA (100 ep):  251.89
2026-04-15 19:52:37,390 - Episodio: 487/800 | Reward:  257.28 | Temp: 0.010 | MA (100 ep):  252.05
2026-04-15 19:52:38,395 - Episodio: 488/800 | Reward:  285.01 | Temp: 0.010 | MA (100 ep):  254.81
2026-04-15 19:52:39,169 - Episodio: 489/800 | Reward:   20.88 | Temp: 0.010 | MA (100 ep):  252.09
2026-04-15 19:52:39,873 - Episodio: 490/800 | Reward:  256.14 | Temp: 0.010 | MA (100 ep):  251.68
2026-04-15 19:52:40,633 - Episodio: 491/800 | Reward:  256.24 | Temp: 0.010 | MA (100 ep):  251.49
2026-04-15 19:52:41,280 - Episodio: 492/800 | Reward:  264.95 | Temp: 0.010 | MA (100 ep):  251.58
2026-04-15 19:52:42,213 - Episodio: 493/800 | Reward:  268.25 | Temp: 0.010 | MA (100 ep):  251.27
2026-04-15 19:52:44,881 - Episodio: 494/800 | Reward:  221.59 | Temp: 0.010 | MA (100 ep):  253.06
2026-04-15 19:52:46,116 - Episodio: 495/800 | Reward:  253.32 | Temp: 0.010 | MA (100 ep):  252.67
2026-04-15 19:52:47,051 - Episodio: 496/800 | Reward:  280.42 | Temp: 0.010 | MA (100 ep):  252.91
2026-04-15 19:52:47,856 - Episodio: 497/800 | Reward:  242.62 | Temp: 0.010 | MA (100 ep):  254.94
2026-04-15 19:52:48,659 - Episodio: 498/800 | Reward:  263.88 | Temp: 0.010 | MA (100 ep):  256.89
2026-04-15 19:52:49,638 - Episodio: 499/800 | Reward:  269.48 | Temp: 0.010 | MA (100 ep):  257.07
2026-04-15 19:52:50,465 - Episodio: 500/800 | Reward:  274.39 | Temp: 0.010 | MA (100 ep):  257.15
2026-04-15 19:52:50,465 - --- Inizio Evaluation run all'Episodio 500 ---
2026-04-15 19:52:54,676 - *** EVALUATION | Epi: 500 | Mean Reward (50 Run):  248.22 ± 54.68 ***
2026-04-15 19:52:54,676 - --- Fine Evaluation ---
2026-04-15 19:52:55,354 - Episodio: 501/800 | Reward:  252.73 | Temp: 0.010 | MA (100 ep):  257.01
2026-04-15 19:52:56,063 - Episodio: 502/800 | Reward:  251.71 | Temp: 0.010 | MA (100 ep):  257.06
2026-04-15 19:52:56,888 - Episodio: 503/800 | Reward:   16.74 | Temp: 0.010 | MA (100 ep):  254.44
2026-04-15 19:52:58,419 - Episodio: 504/800 | Reward:  262.52 | Temp: 0.010 | MA (100 ep):  254.12
2026-04-15 19:52:59,131 - Episodio: 505/800 | Reward:  277.09 | Temp: 0.010 | MA (100 ep):  254.00
2026-04-15 19:52:59,994 - Episodio: 506/800 | Reward:  245.03 | Temp: 0.010 | MA (100 ep):  253.83
2026-04-15 19:53:00,832 - Episodio: 507/800 | Reward:  234.77 | Temp: 0.010 | MA (100 ep):  253.51
2026-04-15 19:53:01,701 - Episodio: 508/800 | Reward:  275.87 | Temp: 0.010 | MA (100 ep):  253.57
2026-04-15 19:53:02,567 - Episodio: 509/800 | Reward:  248.11 | Temp: 0.010 | MA (100 ep):  253.06
2026-04-15 19:53:04,145 - Episodio: 510/800 | Reward:  242.73 | Temp: 0.010 | MA (100 ep):  252.84
2026-04-15 19:53:05,126 - Episodio: 511/800 | Reward:   14.77 | Temp: 0.010 | MA (100 ep):  249.90
2026-04-15 19:53:05,975 - Episodio: 512/800 | Reward:  274.35 | Temp: 0.010 | MA (100 ep):  249.81
2026-04-15 19:53:06,909 - Episodio: 513/800 | Reward:  268.24 | Temp: 0.010 | MA (100 ep):  249.93
2026-04-15 19:53:08,126 - Episodio: 514/800 | Reward:  239.28 | Temp: 0.010 | MA (100 ep):  252.18
2026-04-15 19:53:09,164 - Episodio: 515/800 | Reward:  288.29 | Temp: 0.010 | MA (100 ep):  252.59
2026-04-15 19:53:09,825 - Episodio: 516/800 | Reward:  240.05 | Temp: 0.010 | MA (100 ep):  252.21
2026-04-15 19:53:10,502 - Episodio: 517/800 | Reward:  248.65 | Temp: 0.010 | MA (100 ep):  252.03
2026-04-15 19:53:11,452 - Episodio: 518/800 | Reward:  295.40 | Temp: 0.010 | MA (100 ep):  254.81
2026-04-15 19:53:12,140 - Episodio: 519/800 | Reward:  268.73 | Temp: 0.010 | MA (100 ep):  254.63
2026-04-15 19:53:13,058 - Episodio: 520/800 | Reward:  277.78 | Temp: 0.010 | MA (100 ep):  254.49
2026-04-15 19:53:13,847 - Episodio: 521/800 | Reward:  262.93 | Temp: 0.010 | MA (100 ep):  254.33
2026-04-15 19:53:14,735 - Episodio: 522/800 | Reward:  279.02 | Temp: 0.010 | MA (100 ep):  254.58
2026-04-15 19:53:15,433 - Episodio: 523/800 | Reward:  254.61 | Temp: 0.010 | MA (100 ep):  254.54
2026-04-15 19:53:16,368 - Episodio: 524/800 | Reward:  281.79 | Temp: 0.010 | MA (100 ep):  254.32
2026-04-15 19:53:17,056 - Episodio: 525/800 | Reward:  284.53 | Temp: 0.010 | MA (100 ep):  254.32
2026-04-15 19:53:17,752 - Episodio: 526/800 | Reward:  284.39 | Temp: 0.010 | MA (100 ep):  254.59
2026-04-15 19:53:18,544 - Episodio: 527/800 | Reward:  251.25 | Temp: 0.010 | MA (100 ep):  254.12
2026-04-15 19:53:19,312 - Episodio: 528/800 | Reward:  266.28 | Temp: 0.010 | MA (100 ep):  253.86
2026-04-15 19:53:20,016 - Episodio: 529/800 | Reward:   15.68 | Temp: 0.010 | MA (100 ep):  252.38
2026-04-15 19:53:21,487 - Episodio: 530/800 | Reward:  269.28 | Temp: 0.010 | MA (100 ep):  252.34
2026-04-15 19:53:22,544 - Episodio: 531/800 | Reward:  255.59 | Temp: 0.010 | MA (100 ep):  254.62
2026-04-15 19:53:23,367 - Episodio: 532/800 | Reward:  274.06 | Temp: 0.010 | MA (100 ep):  254.80
2026-04-15 19:53:24,228 - Episodio: 533/800 | Reward:  284.98 | Temp: 0.010 | MA (100 ep):  255.17
2026-04-15 19:53:25,277 - Episodio: 534/800 | Reward:  299.61 | Temp: 0.010 | MA (100 ep):  255.71
2026-04-15 19:53:25,938 - Episodio: 535/800 | Reward:  268.83 | Temp: 0.010 | MA (100 ep):  255.75
2026-04-15 19:53:26,763 - Episodio: 536/800 | Reward:  277.15 | Temp: 0.010 | MA (100 ep):  255.53
2026-04-15 19:53:27,395 - Episodio: 537/800 | Reward:  -75.04 | Temp: 0.010 | MA (100 ep):  252.32
2026-04-15 19:53:27,927 - Episodio: 538/800 | Reward: -137.52 | Temp: 0.010 | MA (100 ep):  248.43
2026-04-15 19:53:28,609 - Episodio: 539/800 | Reward:  254.71 | Temp: 0.010 | MA (100 ep):  248.21
2026-04-15 19:53:29,511 - Episodio: 540/800 | Reward:  311.59 | Temp: 0.010 | MA (100 ep):  248.66
2026-04-15 19:53:30,414 - Episodio: 541/800 | Reward:  303.50 | Temp: 0.010 | MA (100 ep):  248.87
2026-04-15 19:53:31,194 - Episodio: 542/800 | Reward:  271.95 | Temp: 0.010 | MA (100 ep):  249.06
2026-04-15 19:53:32,056 - Episodio: 543/800 | Reward:  284.21 | Temp: 0.010 | MA (100 ep):  249.41
2026-04-15 19:53:32,971 - Episodio: 544/800 | Reward:  287.39 | Temp: 0.010 | MA (100 ep):  249.39
2026-04-15 19:53:33,695 - Episodio: 545/800 | Reward:  269.46 | Temp: 0.010 | MA (100 ep):  252.04
2026-04-15 19:53:34,515 - Episodio: 546/800 | Reward:  300.05 | Temp: 0.010 | MA (100 ep):  252.12
2026-04-15 19:53:35,229 - Episodio: 547/800 | Reward:  242.31 | Temp: 0.010 | MA (100 ep):  252.13
2026-04-15 19:53:36,060 - Episodio: 548/800 | Reward:  283.23 | Temp: 0.010 | MA (100 ep):  252.12
2026-04-15 19:53:37,000 - Episodio: 549/800 | Reward:  276.41 | Temp: 0.010 | MA (100 ep):  252.15
2026-04-15 19:53:37,901 - Episodio: 550/800 | Reward:  283.76 | Temp: 0.010 | MA (100 ep):  252.06
2026-04-15 19:53:37,901 - --- Inizio Evaluation run all'Episodio 550 ---
2026-04-15 19:53:41,530 - *** EVALUATION | Epi: 550 | Mean Reward (50 Run):  262.70 ± 47.21 ***
2026-04-15 19:53:41,530 - --- Fine Evaluation ---
2026-04-15 19:53:42,290 - Episodio: 551/800 | Reward:  254.37 | Temp: 0.010 | MA (100 ep):  251.94
2026-04-15 19:53:43,208 - Episodio: 552/800 | Reward:  285.92 | Temp: 0.010 | MA (100 ep):  252.33
2026-04-15 19:53:44,188 - Episodio: 553/800 | Reward:  308.12 | Temp: 0.010 | MA (100 ep):  252.62
2026-04-15 19:53:45,170 - Episodio: 554/800 | Reward:  279.41 | Temp: 0.010 | MA (100 ep):  252.68
2026-04-15 19:53:45,812 - Episodio: 555/800 | Reward:  262.72 | Temp: 0.010 | MA (100 ep):  252.45
2026-04-15 19:53:46,703 - Episodio: 556/800 | Reward:  263.59 | Temp: 0.010 | MA (100 ep):  252.25
2026-04-15 19:53:47,524 - Episodio: 557/800 | Reward:  283.21 | Temp: 0.010 | MA (100 ep):  252.23
2026-04-15 19:53:48,317 - Episodio: 558/800 | Reward:  254.61 | Temp: 0.010 | MA (100 ep):  251.82
2026-04-15 19:53:48,974 - Episodio: 559/800 | Reward:  275.57 | Temp: 0.010 | MA (100 ep):  251.71
2026-04-15 19:53:49,639 - Episodio: 560/800 | Reward:  280.36 | Temp: 0.010 | MA (100 ep):  251.95
2026-04-15 19:53:50,454 - Episodio: 561/800 | Reward:  298.07 | Temp: 0.010 | MA (100 ep):  252.15
2026-04-15 19:53:51,120 - Episodio: 562/800 | Reward:  282.66 | Temp: 0.010 | MA (100 ep):  252.20
2026-04-15 19:53:52,454 - Episodio: 563/800 | Reward:  235.92 | Temp: 0.010 | MA (100 ep):  251.63
2026-04-15 19:53:53,113 - Episodio: 564/800 | Reward:  285.28 | Temp: 0.010 | MA (100 ep):  251.62
2026-04-15 19:53:53,900 - Episodio: 565/800 | Reward:  274.10 | Temp: 0.010 | MA (100 ep):  251.63
2026-04-15 19:53:54,728 - Episodio: 566/800 | Reward:  279.41 | Temp: 0.010 | MA (100 ep):  251.97
2026-04-15 19:53:55,695 - Episodio: 567/800 | Reward:  285.35 | Temp: 0.010 | MA (100 ep):  251.89
2026-04-15 19:53:56,626 - Episodio: 568/800 | Reward:  275.02 | Temp: 0.010 | MA (100 ep):  251.72
2026-04-15 19:53:57,182 - Episodio: 569/800 | Reward:  278.65 | Temp: 0.010 | MA (100 ep):  252.00
2026-04-15 19:53:57,897 - Episodio: 570/800 | Reward:  247.84 | Temp: 0.010 | MA (100 ep):  251.74
2026-04-15 19:53:58,692 - Episodio: 571/800 | Reward:  253.61 | Temp: 0.010 | MA (100 ep):  252.07
2026-04-15 19:53:59,615 - Episodio: 572/800 | Reward:  266.41 | Temp: 0.010 | MA (100 ep):  252.08
2026-04-15 19:54:00,644 - Episodio: 573/800 | Reward:  290.16 | Temp: 0.010 | MA (100 ep):  252.38
2026-04-15 19:54:01,338 - Episodio: 574/800 | Reward:   46.45 | Temp: 0.010 | MA (100 ep):  250.20
2026-04-15 19:54:02,112 - Episodio: 575/800 | Reward:  260.56 | Temp: 0.010 | MA (100 ep):  250.34
2026-04-15 19:54:02,935 - Episodio: 576/800 | Reward:   25.72 | Temp: 0.010 | MA (100 ep):  247.60
2026-04-15 19:54:03,596 - Episodio: 577/800 | Reward:  238.52 | Temp: 0.010 | MA (100 ep):  247.52
2026-04-15 19:54:04,227 - Episodio: 578/800 | Reward: -162.85 | Temp: 0.010 | MA (100 ep):  243.07
2026-04-15 19:54:05,066 - Episodio: 579/800 | Reward:  272.29 | Temp: 0.010 | MA (100 ep):  243.20
2026-04-15 19:54:05,884 - Episodio: 580/800 | Reward:  273.11 | Temp: 0.010 | MA (100 ep):  243.04
2026-04-15 19:54:07,049 - Episodio: 581/800 | Reward:  299.36 | Temp: 0.010 | MA (100 ep):  243.33
2026-04-15 19:54:09,066 - Episodio: 582/800 | Reward:  275.79 | Temp: 0.010 | MA (100 ep):  243.45
2026-04-15 19:54:10,030 - Episodio: 583/800 | Reward:  256.07 | Temp: 0.010 | MA (100 ep):  243.28
2026-04-15 19:54:10,602 - Episodio: 584/800 | Reward:  256.18 | Temp: 0.010 | MA (100 ep):  242.95
2026-04-15 19:54:11,601 - Episodio: 585/800 | Reward:  289.50 | Temp: 0.010 | MA (100 ep):  243.23
2026-04-15 19:54:12,679 - Episodio: 586/800 | Reward:  295.87 | Temp: 0.010 | MA (100 ep):  243.30
2026-04-15 19:54:13,449 - Episodio: 587/800 | Reward:  284.88 | Temp: 0.010 | MA (100 ep):  243.58
2026-04-15 19:54:14,341 - Episodio: 588/800 | Reward:  289.89 | Temp: 0.010 | MA (100 ep):  243.63
2026-04-15 19:54:15,396 - Episodio: 589/800 | Reward:  295.08 | Temp: 0.010 | MA (100 ep):  246.37
2026-04-15 19:54:16,132 - Episodio: 590/800 | Reward:  287.43 | Temp: 0.010 | MA (100 ep):  246.68
2026-04-15 19:54:16,944 - Episodio: 591/800 | Reward:  250.50 | Temp: 0.010 | MA (100 ep):  246.62
2026-04-15 19:54:17,976 - Episodio: 592/800 | Reward:  290.86 | Temp: 0.010 | MA (100 ep):  246.88
2026-04-15 19:54:18,851 - Episodio: 593/800 | Reward:  286.48 | Temp: 0.010 | MA (100 ep):  247.07
2026-04-15 19:54:19,641 - Episodio: 594/800 | Reward:  261.02 | Temp: 0.010 | MA (100 ep):  247.46
2026-04-15 19:54:20,563 - Episodio: 595/800 | Reward:  275.41 | Temp: 0.010 | MA (100 ep):  247.68
2026-04-15 19:54:21,818 - Episodio: 596/800 | Reward:   60.28 | Temp: 0.010 | MA (100 ep):  245.48
2026-04-15 19:54:22,714 - Episodio: 597/800 | Reward:  251.85 | Temp: 0.010 | MA (100 ep):  245.57
2026-04-15 19:54:23,754 - Episodio: 598/800 | Reward:  252.89 | Temp: 0.010 | MA (100 ep):  245.46
2026-04-15 19:54:24,564 - Episodio: 599/800 | Reward:  254.51 | Temp: 0.010 | MA (100 ep):  245.31
2026-04-15 19:54:25,494 - Episodio: 600/800 | Reward:  282.41 | Temp: 0.010 | MA (100 ep):  245.39
2026-04-15 19:54:25,494 - --- Inizio Evaluation run all'Episodio 600 ---
2026-04-15 19:54:28,762 - *** EVALUATION | Epi: 600 | Mean Reward (50 Run):  272.45 ± 41.60 ***
2026-04-15 19:54:28,762 - --- Fine Evaluation ---
2026-04-15 19:54:29,367 - Episodio: 601/800 | Reward:   46.22 | Temp: 0.010 | MA (100 ep):  243.33
2026-04-15 19:54:30,240 - Episodio: 602/800 | Reward:  293.74 | Temp: 0.010 | MA (100 ep):  243.75
2026-04-15 19:54:31,008 - Episodio: 603/800 | Reward:  307.90 | Temp: 0.010 | MA (100 ep):  246.66
2026-04-15 19:54:31,724 - Episodio: 604/800 | Reward:   58.73 | Temp: 0.010 | MA (100 ep):  244.62
2026-04-15 19:54:32,863 - Episodio: 605/800 | Reward:  293.96 | Temp: 0.010 | MA (100 ep):  244.79
2026-04-15 19:54:33,655 - Episodio: 606/800 | Reward:  261.35 | Temp: 0.010 | MA (100 ep):  244.95
2026-04-15 19:54:35,424 - Episodio: 607/800 | Reward:  289.26 | Temp: 0.010 | MA (100 ep):  245.50
2026-04-15 19:54:36,230 - Episodio: 608/800 | Reward:  263.24 | Temp: 0.010 | MA (100 ep):  245.37
2026-04-15 19:54:36,939 - Episodio: 609/800 | Reward:  272.80 | Temp: 0.010 | MA (100 ep):  245.62
2026-04-15 19:54:37,662 - Episodio: 610/800 | Reward:  281.42 | Temp: 0.010 | MA (100 ep):  246.01
2026-04-15 19:54:38,264 - Episodio: 611/800 | Reward:  262.17 | Temp: 0.010 | MA (100 ep):  248.48
2026-04-15 19:54:39,772 - Episodio: 612/800 | Reward:  285.81 | Temp: 0.010 | MA (100 ep):  248.59
2026-04-15 19:54:40,711 - Episodio: 613/800 | Reward:  281.50 | Temp: 0.010 | MA (100 ep):  248.73
2026-04-15 19:54:41,763 - Episodio: 614/800 | Reward:  277.53 | Temp: 0.010 | MA (100 ep):  249.11
2026-04-15 19:54:42,789 - Episodio: 615/800 | Reward:  300.81 | Temp: 0.010 | MA (100 ep):  249.23
2026-04-15 19:54:46,371 - Episodio: 616/800 | Reward:  168.06 | Temp: 0.010 | MA (100 ep):  248.52
2026-04-15 19:54:47,191 - Episodio: 617/800 | Reward:  264.85 | Temp: 0.010 | MA (100 ep):  248.68
2026-04-15 19:54:48,155 - Episodio: 618/800 | Reward:  296.35 | Temp: 0.010 | MA (100 ep):  248.69
2026-04-15 19:54:48,787 - Episodio: 619/800 | Reward:  262.59 | Temp: 0.010 | MA (100 ep):  248.63
2026-04-15 19:54:49,526 - Episodio: 620/800 | Reward:  279.78 | Temp: 0.010 | MA (100 ep):  248.65
2026-04-15 19:54:50,316 - Episodio: 621/800 | Reward:  278.67 | Temp: 0.010 | MA (100 ep):  248.80
2026-04-15 19:54:51,150 - Episodio: 622/800 | Reward:  280.53 | Temp: 0.010 | MA (100 ep):  248.82
2026-04-15 19:54:51,924 - Episodio: 623/800 | Reward:  253.47 | Temp: 0.010 | MA (100 ep):  248.81
2026-04-15 19:54:52,675 - Episodio: 624/800 | Reward:  278.95 | Temp: 0.010 | MA (100 ep):  248.78
2026-04-15 19:54:53,509 - Episodio: 625/800 | Reward:  251.54 | Temp: 0.010 | MA (100 ep):  248.45
2026-04-15 19:54:54,210 - Episodio: 626/800 | Reward:  274.66 | Temp: 0.010 | MA (100 ep):  248.35
2026-04-15 19:54:54,900 - Episodio: 627/800 | Reward:  246.05 | Temp: 0.010 | MA (100 ep):  248.30
2026-04-15 19:54:55,814 - Episodio: 628/800 | Reward:  290.43 | Temp: 0.010 | MA (100 ep):  248.54
2026-04-15 19:54:56,613 - Episodio: 629/800 | Reward:  271.58 | Temp: 0.010 | MA (100 ep):  251.10
2026-04-15 19:54:57,416 - Episodio: 630/800 | Reward:  277.73 | Temp: 0.010 | MA (100 ep):  251.18
2026-04-15 19:54:58,165 - Episodio: 631/800 | Reward:  276.79 | Temp: 0.010 | MA (100 ep):  251.40
2026-04-15 19:55:00,417 - Episodio: 632/800 | Reward:  281.31 | Temp: 0.010 | MA (100 ep):  251.47
2026-04-15 19:55:01,226 - Episodio: 633/800 | Reward:  275.37 | Temp: 0.010 | MA (100 ep):  251.37
2026-04-15 19:55:01,756 - Episodio: 634/800 | Reward:   67.82 | Temp: 0.010 | MA (100 ep):  249.05
2026-04-15 19:55:02,546 - Episodio: 635/800 | Reward:  281.14 | Temp: 0.010 | MA (100 ep):  249.18
2026-04-15 19:55:03,295 - Episodio: 636/800 | Reward:  276.74 | Temp: 0.010 | MA (100 ep):  249.17
2026-04-15 19:55:04,079 - Episodio: 637/800 | Reward:  271.81 | Temp: 0.010 | MA (100 ep):  252.64
2026-04-15 19:55:05,147 - Episodio: 638/800 | Reward:  259.53 | Temp: 0.010 | MA (100 ep):  256.61
2026-04-15 19:55:06,060 - Episodio: 639/800 | Reward:  263.16 | Temp: 0.010 | MA (100 ep):  256.70
2026-04-15 19:55:07,069 - Episodio: 640/800 | Reward:  262.06 | Temp: 0.010 | MA (100 ep):  256.20
2026-04-15 19:55:07,592 - Episodio: 641/800 | Reward:   49.01 | Temp: 0.010 | MA (100 ep):  253.66
2026-04-15 19:55:08,332 - Episodio: 642/800 | Reward:  251.31 | Temp: 0.010 | MA (100 ep):  253.45
2026-04-15 19:55:09,113 - Episodio: 643/800 | Reward:  265.92 | Temp: 0.010 | MA (100 ep):  253.27
2026-04-15 19:55:09,743 - Episodio: 644/800 | Reward:  296.73 | Temp: 0.010 | MA (100 ep):  253.36
2026-04-15 19:55:10,382 - Episodio: 645/800 | Reward:  242.61 | Temp: 0.010 | MA (100 ep):  253.09
2026-04-15 19:55:11,130 - Episodio: 646/800 | Reward:  270.76 | Temp: 0.010 | MA (100 ep):  252.80
2026-04-15 19:55:12,009 - Episodio: 647/800 | Reward:  264.15 | Temp: 0.010 | MA (100 ep):  253.02
2026-04-15 19:55:12,709 - Episodio: 648/800 | Reward:  255.46 | Temp: 0.010 | MA (100 ep):  252.74
2026-04-15 19:55:13,565 - Episodio: 649/800 | Reward:  280.59 | Temp: 0.010 | MA (100 ep):  252.78
2026-04-15 19:55:14,262 - Episodio: 650/800 | Reward:  271.36 | Temp: 0.010 | MA (100 ep):  252.66
2026-04-15 19:55:14,262 - --- Inizio Evaluation run all'Episodio 650 ---
2026-04-15 19:55:17,508 - *** EVALUATION | Epi: 650 | Mean Reward (50 Run):  201.20 ± 136.30 ***
2026-04-15 19:55:17,508 - --- Fine Evaluation ---
2026-04-15 19:55:18,486 - Episodio: 651/800 | Reward:  281.15 | Temp: 0.010 | MA (100 ep):  252.93
2026-04-15 19:55:19,179 - Episodio: 652/800 | Reward:  276.21 | Temp: 0.010 | MA (100 ep):  252.83
2026-04-15 19:55:20,062 - Episodio: 653/800 | Reward:  284.49 | Temp: 0.010 | MA (100 ep):  252.59
2026-04-15 19:55:21,134 - Episodio: 654/800 | Reward:  279.37 | Temp: 0.010 | MA (100 ep):  252.59
2026-04-15 19:55:22,013 - Episodio: 655/800 | Reward:  294.89 | Temp: 0.010 | MA (100 ep):  252.91
2026-04-15 19:55:22,698 - Episodio: 656/800 | Reward:  281.34 | Temp: 0.010 | MA (100 ep):  253.09
2026-04-15 19:55:23,420 - Episodio: 657/800 | Reward:  299.82 | Temp: 0.010 | MA (100 ep):  253.26
2026-04-15 19:55:24,118 - Episodio: 658/800 | Reward:  273.01 | Temp: 0.010 | MA (100 ep):  253.44
2026-04-15 19:55:25,091 - Episodio: 659/800 | Reward:  289.21 | Temp: 0.010 | MA (100 ep):  253.58
2026-04-15 19:55:26,049 - Episodio: 660/800 | Reward:  249.59 | Temp: 0.010 | MA (100 ep):  253.27
2026-04-15 19:55:27,091 - Episodio: 661/800 | Reward:  268.22 | Temp: 0.010 | MA (100 ep):  252.97
2026-04-15 19:55:28,106 - Episodio: 662/800 | Reward:  273.27 | Temp: 0.010 | MA (100 ep):  252.88
2026-04-15 19:55:28,919 - Episodio: 663/800 | Reward:  291.74 | Temp: 0.010 | MA (100 ep):  253.43
2026-04-15 19:55:29,676 - Episodio: 664/800 | Reward:  267.78 | Temp: 0.010 | MA (100 ep):  253.26
2026-04-15 19:55:30,340 - Episodio: 665/800 | Reward:  280.17 | Temp: 0.010 | MA (100 ep):  253.32
2026-04-15 19:55:31,446 - Episodio: 666/800 | Reward:  295.15 | Temp: 0.010 | MA (100 ep):  253.48
2026-04-15 19:55:32,101 - Episodio: 667/800 | Reward:  268.06 | Temp: 0.010 | MA (100 ep):  253.31
2026-04-15 19:55:32,829 - Episodio: 668/800 | Reward:  265.57 | Temp: 0.010 | MA (100 ep):  253.21
2026-04-15 19:55:33,678 - Episodio: 669/800 | Reward:  270.56 | Temp: 0.010 | MA (100 ep):  253.13
2026-04-15 19:55:34,669 - Episodio: 670/800 | Reward:  273.25 | Temp: 0.010 | MA (100 ep):  253.38
2026-04-15 19:55:35,386 - Episodio: 671/800 | Reward:  281.99 | Temp: 0.010 | MA (100 ep):  253.67
2026-04-15 19:55:36,661 - Episodio: 672/800 | Reward:  271.63 | Temp: 0.010 | MA (100 ep):  253.72
2026-04-15 19:55:37,259 - Episodio: 673/800 | Reward:   60.10 | Temp: 0.010 | MA (100 ep):  251.42
2026-04-15 19:55:38,010 - Episodio: 674/800 | Reward:  255.22 | Temp: 0.010 | MA (100 ep):  253.51
2026-04-15 19:55:38,588 - Episodio: 675/800 | Reward:   28.83 | Temp: 0.010 | MA (100 ep):  251.19
2026-04-15 19:55:39,503 - Episodio: 676/800 | Reward:  276.22 | Temp: 0.010 | MA (100 ep):  253.69
2026-04-15 19:55:40,024 - Episodio: 677/800 | Reward:   83.95 | Temp: 0.010 | MA (100 ep):  252.15
2026-04-15 19:55:40,728 - Episodio: 678/800 | Reward:  281.02 | Temp: 0.010 | MA (100 ep):  256.59
2026-04-15 19:55:41,431 - Episodio: 679/800 | Reward:  260.59 | Temp: 0.010 | MA (100 ep):  256.47
2026-04-15 19:55:42,393 - Episodio: 680/800 | Reward:  277.76 | Temp: 0.010 | MA (100 ep):  256.52
2026-04-15 19:55:43,307 - Episodio: 681/800 | Reward:  269.03 | Temp: 0.010 | MA (100 ep):  256.21
2026-04-15 19:55:44,015 - Episodio: 682/800 | Reward:  259.02 | Temp: 0.010 | MA (100 ep):  256.05
2026-04-15 19:55:44,680 - Episodio: 683/800 | Reward:  284.60 | Temp: 0.010 | MA (100 ep):  256.33
2026-04-15 19:55:45,606 - Episodio: 684/800 | Reward:  270.96 | Temp: 0.010 | MA (100 ep):  256.48
2026-04-15 19:55:46,981 - Episodio: 685/800 | Reward:  274.61 | Temp: 0.010 | MA (100 ep):  256.33
2026-04-15 19:55:47,613 - Episodio: 686/800 | Reward:   37.34 | Temp: 0.010 | MA (100 ep):  253.75
2026-04-15 19:55:48,302 - Episodio: 687/800 | Reward:  265.16 | Temp: 0.010 | MA (100 ep):  253.55
2026-04-15 19:55:49,002 - Episodio: 688/800 | Reward:  271.29 | Temp: 0.010 | MA (100 ep):  253.36
2026-04-15 19:55:49,626 - Episodio: 689/800 | Reward:  251.18 | Temp: 0.010 | MA (100 ep):  252.92
2026-04-15 19:55:50,488 - Episodio: 690/800 | Reward:  263.84 | Temp: 0.010 | MA (100 ep):  252.69
2026-04-15 19:55:51,289 - Episodio: 691/800 | Reward:  252.71 | Temp: 0.010 | MA (100 ep):  252.71
2026-04-15 19:55:52,229 - Episodio: 692/800 | Reward:  281.21 | Temp: 0.010 | MA (100 ep):  252.61
2026-04-15 19:55:52,843 - Episodio: 693/800 | Reward:  286.92 | Temp: 0.010 | MA (100 ep):  252.62
2026-04-15 19:55:53,525 - Episodio: 694/800 | Reward:  271.87 | Temp: 0.010 | MA (100 ep):  252.73
2026-04-15 19:55:54,114 - Episodio: 695/800 | Reward:  258.57 | Temp: 0.010 | MA (100 ep):  252.56
2026-04-15 19:55:55,057 - Episodio: 696/800 | Reward:  270.51 | Temp: 0.010 | MA (100 ep):  254.66
2026-04-15 19:55:55,916 - Episodio: 697/800 | Reward:  283.26 | Temp: 0.010 | MA (100 ep):  254.97
2026-04-15 19:55:56,982 - Episodio: 698/800 | Reward:  274.19 | Temp: 0.010 | MA (100 ep):  255.19
2026-04-15 19:55:57,431 - Episodio: 699/800 | Reward:   45.92 | Temp: 0.010 | MA (100 ep):  253.10
2026-04-15 19:55:58,313 - Episodio: 700/800 | Reward:  287.31 | Temp: 0.010 | MA (100 ep):  253.15
2026-04-15 19:55:58,313 - --- Inizio Evaluation run all'Episodio 700 ---
2026-04-15 19:56:02,226 - *** EVALUATION | Epi: 700 | Mean Reward (50 Run):  217.68 ± 91.62 ***
2026-04-15 19:56:02,226 - --- Fine Evaluation ---
2026-04-15 19:56:03,006 - Episodio: 701/800 | Reward:  273.30 | Temp: 0.010 | MA (100 ep):  255.42
2026-04-15 19:56:03,786 - Episodio: 702/800 | Reward:  284.48 | Temp: 0.010 | MA (100 ep):  255.33
2026-04-15 19:56:04,557 - Episodio: 703/800 | Reward:  248.75 | Temp: 0.010 | MA (100 ep):  254.74
2026-04-15 19:56:05,299 - Episodio: 704/800 | Reward:  248.17 | Temp: 0.010 | MA (100 ep):  256.63
2026-04-15 19:56:06,122 - Episodio: 705/800 | Reward:  286.08 | Temp: 0.010 | MA (100 ep):  256.55
2026-04-15 19:56:07,005 - Episodio: 706/800 | Reward:  244.51 | Temp: 0.010 | MA (100 ep):  256.38
2026-04-15 19:56:07,729 - Episodio: 707/800 | Reward:  287.68 | Temp: 0.010 | MA (100 ep):  256.37
2026-04-15 19:56:08,504 - Episodio: 708/800 | Reward:  277.16 | Temp: 0.010 | MA (100 ep):  256.51
2026-04-15 19:56:09,588 - Episodio: 709/800 | Reward:  273.95 | Temp: 0.010 | MA (100 ep):  256.52
2026-04-15 19:56:10,285 - Episodio: 710/800 | Reward:  250.25 | Temp: 0.010 | MA (100 ep):  256.21
2026-04-15 19:56:10,973 - Episodio: 711/800 | Reward:  268.54 | Temp: 0.010 | MA (100 ep):  256.27
2026-04-15 19:56:11,711 - Episodio: 712/800 | Reward:  256.08 | Temp: 0.010 | MA (100 ep):  255.97
2026-04-15 19:56:12,498 - Episodio: 713/800 | Reward:  273.43 | Temp: 0.010 | MA (100 ep):  255.89
2026-04-15 19:56:13,199 - Episodio: 714/800 | Reward:  266.78 | Temp: 0.010 | MA (100 ep):  255.79
2026-04-15 19:56:13,887 - Episodio: 715/800 | Reward:  270.20 | Temp: 0.010 | MA (100 ep):  255.48
2026-04-15 19:56:14,827 - Episodio: 716/800 | Reward:  272.99 | Temp: 0.010 | MA (100 ep):  256.53
2026-04-15 19:56:15,465 - Episodio: 717/800 | Reward:  284.95 | Temp: 0.010 | MA (100 ep):  256.73
2026-04-15 19:56:16,092 - Episodio: 718/800 | Reward:   93.12 | Temp: 0.010 | MA (100 ep):  254.70
2026-04-15 19:56:16,953 - Episodio: 719/800 | Reward:  256.61 | Temp: 0.010 | MA (100 ep):  254.64
2026-04-15 19:56:17,525 - Episodio: 720/800 | Reward:  273.15 | Temp: 0.010 | MA (100 ep):  254.57
2026-04-15 19:56:18,410 - Episodio: 721/800 | Reward:  261.88 | Temp: 0.010 | MA (100 ep):  254.40
2026-04-15 19:56:19,268 - Episodio: 722/800 | Reward:  263.33 | Temp: 0.010 | MA (100 ep):  254.23
2026-04-15 19:56:19,911 - Episodio: 723/800 | Reward:  251.85 | Temp: 0.010 | MA (100 ep):  254.21
2026-04-15 19:56:20,639 - Episodio: 724/800 | Reward:  236.11 | Temp: 0.010 | MA (100 ep):  253.79
2026-04-15 19:56:21,558 - Episodio: 725/800 | Reward:  268.43 | Temp: 0.010 | MA (100 ep):  253.96
2026-04-15 19:56:22,349 - Episodio: 726/800 | Reward:  272.34 | Temp: 0.010 | MA (100 ep):  253.93
2026-04-15 19:56:23,203 - Episodio: 727/800 | Reward:  318.07 | Temp: 0.010 | MA (100 ep):  254.65
2026-04-15 19:56:23,784 - Episodio: 728/800 | Reward:  293.07 | Temp: 0.010 | MA (100 ep):  254.68
2026-04-15 19:56:24,603 - Episodio: 729/800 | Reward:  280.66 | Temp: 0.010 | MA (100 ep):  254.77
2026-04-15 19:56:25,344 - Episodio: 730/800 | Reward:   61.81 | Temp: 0.010 | MA (100 ep):  252.61
2026-04-15 19:56:26,342 - Episodio: 731/800 | Reward:  306.13 | Temp: 0.010 | MA (100 ep):  252.90
2026-04-15 19:56:27,037 - Episodio: 732/800 | Reward:  263.11 | Temp: 0.010 | MA (100 ep):  252.72
2026-04-15 19:56:27,912 - Episodio: 733/800 | Reward:  280.48 | Temp: 0.010 | MA (100 ep):  252.77
2026-04-15 19:56:28,675 - Episodio: 734/800 | Reward:  275.37 | Temp: 0.010 | MA (100 ep):  254.85
2026-04-15 19:56:29,590 - Episodio: 735/800 | Reward:  262.66 | Temp: 0.010 | MA (100 ep):  254.66
2026-04-15 19:56:30,780 - Episodio: 736/800 | Reward:  246.18 | Temp: 0.010 | MA (100 ep):  254.36
2026-04-15 19:56:31,512 - Episodio: 737/800 | Reward:  310.28 | Temp: 0.010 | MA (100 ep):  254.74
2026-04-15 19:56:32,429 - Episodio: 738/800 | Reward:  265.60 | Temp: 0.010 | MA (100 ep):  254.80
2026-04-15 19:56:33,247 - Episodio: 739/800 | Reward:  274.86 | Temp: 0.010 | MA (100 ep):  254.92
2026-04-15 19:56:35,260 - Episodio: 740/800 | Reward:  263.16 | Temp: 0.010 | MA (100 ep):  254.93
2026-04-15 19:56:38,797 - Episodio: 741/800 | Reward:  150.67 | Temp: 0.010 | MA (100 ep):  255.95
2026-04-15 19:56:39,421 - Episodio: 742/800 | Reward:  279.13 | Temp: 0.010 | MA (100 ep):  256.23
2026-04-15 19:56:40,140 - Episodio: 743/800 | Reward:  244.42 | Temp: 0.010 | MA (100 ep):  256.01
2026-04-15 19:56:40,821 - Episodio: 744/800 | Reward:  259.28 | Temp: 0.010 | MA (100 ep):  255.64
2026-04-15 19:56:41,335 - Episodio: 745/800 | Reward:    6.32 | Temp: 0.010 | MA (100 ep):  253.27
2026-04-15 19:56:41,758 - Episodio: 746/800 | Reward:  -29.46 | Temp: 0.010 | MA (100 ep):  250.27
2026-04-15 19:56:42,763 - Episodio: 747/800 | Reward:  271.05 | Temp: 0.010 | MA (100 ep):  250.34
2026-04-15 19:56:44,553 - Episodio: 748/800 | Reward:  279.71 | Temp: 0.010 | MA (100 ep):  250.58
2026-04-15 19:56:45,008 - Episodio: 749/800 | Reward:   31.54 | Temp: 0.010 | MA (100 ep):  248.09
2026-04-15 19:56:45,989 - Episodio: 750/800 | Reward:  288.72 | Temp: 0.010 | MA (100 ep):  248.27
2026-04-15 19:56:45,989 - --- Inizio Evaluation run all'Episodio 750 ---
2026-04-15 19:56:48,853 - *** EVALUATION | Epi: 750 | Mean Reward (50 Run):  241.43 ± 80.47 ***
2026-04-15 19:56:48,853 - --- Fine Evaluation ---
2026-04-15 19:56:49,792 - Episodio: 751/800 | Reward:  283.78 | Temp: 0.010 | MA (100 ep):  248.29
2026-04-15 19:56:50,722 - Episodio: 752/800 | Reward:  275.47 | Temp: 0.010 | MA (100 ep):  248.28
2026-04-15 19:56:51,430 - Episodio: 753/800 | Reward:  284.34 | Temp: 0.010 | MA (100 ep):  248.28
2026-04-15 19:56:52,046 - Episodio: 754/800 | Reward:  243.83 | Temp: 0.010 | MA (100 ep):  247.93
2026-04-15 19:56:52,833 - Episodio: 755/800 | Reward:  284.62 | Temp: 0.010 | MA (100 ep):  247.83
2026-04-15 19:56:53,466 - Episodio: 756/800 | Reward:  294.31 | Temp: 0.010 | MA (100 ep):  247.96
2026-04-15 19:56:54,177 - Episodio: 757/800 | Reward:  285.81 | Temp: 0.010 | MA (100 ep):  247.81
2026-04-15 19:56:54,915 - Episodio: 758/800 | Reward:  263.66 | Temp: 0.010 | MA (100 ep):  247.72
2026-04-15 19:56:55,985 - Episodio: 759/800 | Reward:  283.53 | Temp: 0.010 | MA (100 ep):  247.66
2026-04-15 19:56:56,788 - Episodio: 760/800 | Reward:  268.03 | Temp: 0.010 | MA (100 ep):  247.85
2026-04-15 19:56:57,806 - Episodio: 761/800 | Reward:  283.77 | Temp: 0.010 | MA (100 ep):  248.00
2026-04-15 19:56:58,521 - Episodio: 762/800 | Reward:  259.27 | Temp: 0.010 | MA (100 ep):  247.86
2026-04-15 19:56:59,295 - Episodio: 763/800 | Reward:  254.22 | Temp: 0.010 | MA (100 ep):  247.49
2026-04-15 19:57:00,021 - Episodio: 764/800 | Reward:  268.55 | Temp: 0.010 | MA (100 ep):  247.50
2026-04-15 19:57:00,899 - Episodio: 765/800 | Reward:  307.44 | Temp: 0.010 | MA (100 ep):  247.77
2026-04-15 19:57:01,657 - Episodio: 766/800 | Reward:  261.34 | Temp: 0.010 | MA (100 ep):  247.43
2026-04-15 19:57:02,722 - Episodio: 767/800 | Reward:  302.08 | Temp: 0.010 | MA (100 ep):  247.77
2026-04-15 19:57:03,484 - Episodio: 768/800 | Reward:  270.51 | Temp: 0.010 | MA (100 ep):  247.82
2026-04-15 19:57:04,271 - Episodio: 769/800 | Reward:  305.27 | Temp: 0.010 | MA (100 ep):  248.17
2026-04-15 19:57:04,983 - Episodio: 770/800 | Reward:  267.28 | Temp: 0.010 | MA (100 ep):  248.11
2026-04-15 19:57:05,787 - Episodio: 771/800 | Reward:  271.09 | Temp: 0.010 | MA (100 ep):  248.00
2026-04-15 19:57:06,515 - Episodio: 772/800 | Reward:   51.83 | Temp: 0.010 | MA (100 ep):  245.80
2026-04-15 19:57:07,275 - Episodio: 773/800 | Reward:  286.66 | Temp: 0.010 | MA (100 ep):  248.07
2026-04-15 19:57:07,968 - Episodio: 774/800 | Reward:  261.78 | Temp: 0.010 | MA (100 ep):  248.13
2026-04-15 19:57:08,728 - Episodio: 775/800 | Reward:  302.05 | Temp: 0.010 | MA (100 ep):  250.87
2026-04-15 19:57:09,499 - Episodio: 776/800 | Reward:  279.10 | Temp: 0.010 | MA (100 ep):  250.89
2026-04-15 19:57:10,304 - Episodio: 777/800 | Reward:  276.23 | Temp: 0.010 | MA (100 ep):  252.82
2026-04-15 19:57:11,245 - Episodio: 778/800 | Reward:  296.71 | Temp: 0.010 | MA (100 ep):  252.97
2026-04-15 19:57:11,905 - Episodio: 779/800 | Reward:  270.67 | Temp: 0.010 | MA (100 ep):  253.07
2026-04-15 19:57:12,843 - Episodio: 780/800 | Reward:  288.72 | Temp: 0.010 | MA (100 ep):  253.18
2026-04-15 19:57:13,482 - Episodio: 781/800 | Reward:   31.66 | Temp: 0.010 | MA (100 ep):  250.81
2026-04-15 19:57:14,434 - Episodio: 782/800 | Reward:  273.51 | Temp: 0.010 | MA (100 ep):  250.96
2026-04-15 19:57:15,293 - Episodio: 783/800 | Reward:  248.35 | Temp: 0.010 | MA (100 ep):  250.59
2026-04-15 19:57:16,239 - Episodio: 784/800 | Reward:  270.69 | Temp: 0.010 | MA (100 ep):  250.59
2026-04-15 19:57:17,257 - Episodio: 785/800 | Reward:  285.23 | Temp: 0.010 | MA (100 ep):  250.70
2026-04-15 19:57:18,172 - Episodio: 786/800 | Reward:  268.30 | Temp: 0.010 | MA (100 ep):  253.01
2026-04-15 19:57:19,024 - Episodio: 787/800 | Reward:  271.98 | Temp: 0.010 | MA (100 ep):  253.07
2026-04-15 19:57:19,941 - Episodio: 788/800 | Reward:  272.03 | Temp: 0.010 | MA (100 ep):  253.08
2026-04-15 19:57:20,633 - Episodio: 789/800 | Reward:  249.60 | Temp: 0.010 | MA (100 ep):  253.07
2026-04-15 19:57:21,421 - Episodio: 790/800 | Reward:  260.91 | Temp: 0.010 | MA (100 ep):  253.04
2026-04-15 19:57:22,134 - Episodio: 791/800 | Reward:  297.94 | Temp: 0.010 | MA (100 ep):  253.49
2026-04-15 19:57:22,926 - Episodio: 792/800 | Reward:  257.97 | Temp: 0.010 | MA (100 ep):  253.26
2026-04-15 19:57:23,603 - Episodio: 793/800 | Reward:  269.74 | Temp: 0.010 | MA (100 ep):  253.08
2026-04-15 19:57:24,270 - Episodio: 794/800 | Reward:  279.34 | Temp: 0.010 | MA (100 ep):  253.16
2026-04-15 19:57:24,959 - Episodio: 795/800 | Reward:  262.15 | Temp: 0.010 | MA (100 ep):  253.19
2026-04-15 19:57:25,544 - Episodio: 796/800 | Reward:  289.67 | Temp: 0.010 | MA (100 ep):  253.39
2026-04-15 19:57:26,113 - Episodio: 797/800 | Reward:   66.40 | Temp: 0.010 | MA (100 ep):  251.22
2026-04-15 19:57:26,773 - Episodio: 798/800 | Reward:  267.99 | Temp: 0.010 | MA (100 ep):  251.16
2026-04-15 19:57:28,622 - Episodio: 799/800 | Reward:  292.59 | Temp: 0.010 | MA (100 ep):  253.62
2026-04-15 19:57:29,525 - Episodio: 800/800 | Reward:  277.17 | Temp: 0.010 | MA (100 ep):  253.52
2026-04-15 19:57:29,525 - --- Inizio Evaluation run all'Episodio 800 ---
2026-04-15 19:57:32,476 - *** EVALUATION | Epi: 800 | Mean Reward (50 Run):  260.74 ± 67.40 ***
2026-04-15 19:57:32,476 - --- Fine Evaluation ---
2026-04-15 19:57:32,488 - Model run 1 saved in temp/model_q_learning_run1_20260415_193906.pth.
2026-04-15 19:57:32,488 - ========== INIZIO RUN 2/5 ==========
2026-04-15 19:57:32,533 - Episodio: 001/800 | Reward: -138.55 | Temp: 0.990 | MA (100 ep): -138.55
2026-04-15 19:57:32,671 - Episodio: 002/800 | Reward: -305.16 | Temp: 0.980 | MA (100 ep): -221.85
2026-04-15 19:57:32,949 - Episodio: 003/800 | Reward: -414.13 | Temp: 0.970 | MA (100 ep): -285.95
2026-04-15 19:57:33,315 - Episodio: 004/800 | Reward: -220.00 | Temp: 0.961 | MA (100 ep): -269.46
2026-04-15 19:57:33,602 - Episodio: 005/800 | Reward: -578.93 | Temp: 0.951 | MA (100 ep): -331.35
2026-04-15 19:57:34,004 - Episodio: 006/800 | Reward: -528.10 | Temp: 0.941 | MA (100 ep): -364.14
2026-04-15 19:57:34,507 - Episodio: 007/800 | Reward: -462.60 | Temp: 0.932 | MA (100 ep): -378.21
2026-04-15 19:57:34,936 - Episodio: 008/800 | Reward: -260.34 | Temp: 0.923 | MA (100 ep): -363.48
2026-04-15 19:57:35,649 - Episodio: 009/800 | Reward: -352.25 | Temp: 0.914 | MA (100 ep): -362.23
2026-04-15 19:57:36,207 - Episodio: 010/800 | Reward: -240.64 | Temp: 0.904 | MA (100 ep): -350.07
2026-04-15 19:57:36,808 - Episodio: 011/800 | Reward: -117.76 | Temp: 0.895 | MA (100 ep): -328.95
2026-04-15 19:57:37,443 - Episodio: 012/800 | Reward: -308.55 | Temp: 0.886 | MA (100 ep): -327.25
2026-04-15 19:57:37,980 - Episodio: 013/800 | Reward: -188.79 | Temp: 0.878 | MA (100 ep): -316.60
2026-04-15 19:57:38,686 - Episodio: 014/800 | Reward: -238.66 | Temp: 0.869 | MA (100 ep): -311.03
2026-04-15 19:57:39,591 - Episodio: 015/800 | Reward: -296.23 | Temp: 0.860 | MA (100 ep): -310.05
2026-04-15 19:57:40,220 - Episodio: 016/800 | Reward: -179.64 | Temp: 0.851 | MA (100 ep): -301.89
2026-04-15 19:57:40,938 - Episodio: 017/800 | Reward:  -44.60 | Temp: 0.843 | MA (100 ep): -286.76
2026-04-15 19:57:41,850 - Episodio: 018/800 | Reward: -211.88 | Temp: 0.835 | MA (100 ep): -282.60
2026-04-15 19:57:42,469 - Episodio: 019/800 | Reward: -179.96 | Temp: 0.826 | MA (100 ep): -277.20
2026-04-15 19:57:43,194 - Episodio: 020/800 | Reward:   48.02 | Temp: 0.818 | MA (100 ep): -260.94
2026-04-15 19:57:44,077 - Episodio: 021/800 | Reward: -191.62 | Temp: 0.810 | MA (100 ep): -257.64
2026-04-15 19:57:44,745 - Episodio: 022/800 | Reward: -199.49 | Temp: 0.802 | MA (100 ep): -254.99
2026-04-15 19:57:45,349 - Episodio: 023/800 | Reward: -209.18 | Temp: 0.794 | MA (100 ep): -253.00
2026-04-15 19:57:46,477 - Episodio: 024/800 | Reward:  -49.96 | Temp: 0.786 | MA (100 ep): -244.54
2026-04-15 19:57:47,879 - Episodio: 025/800 | Reward:  -22.30 | Temp: 0.778 | MA (100 ep): -235.65
2026-04-15 19:57:48,645 - Episodio: 026/800 | Reward:  -73.46 | Temp: 0.770 | MA (100 ep): -229.41
2026-04-15 19:57:49,562 - Episodio: 027/800 | Reward:    4.04 | Temp: 0.762 | MA (100 ep): -220.77
2026-04-15 19:57:50,601 - Episodio: 028/800 | Reward:   27.53 | Temp: 0.755 | MA (100 ep): -211.90
2026-04-15 19:57:51,276 - Episodio: 029/800 | Reward: -141.41 | Temp: 0.747 | MA (100 ep): -209.47
2026-04-15 19:57:51,860 - Episodio: 030/800 | Reward: -134.01 | Temp: 0.740 | MA (100 ep): -206.95
2026-04-15 19:57:52,721 - Episodio: 031/800 | Reward: -178.34 | Temp: 0.732 | MA (100 ep): -206.03
2026-04-15 19:57:53,314 - Episodio: 032/800 | Reward:   66.42 | Temp: 0.725 | MA (100 ep): -197.52
2026-04-15 19:57:54,403 - Episodio: 033/800 | Reward: -248.75 | Temp: 0.718 | MA (100 ep): -199.07
2026-04-15 19:57:55,188 - Episodio: 034/800 | Reward:  -82.48 | Temp: 0.711 | MA (100 ep): -195.64
2026-04-15 19:57:55,864 - Episodio: 035/800 | Reward: -160.10 | Temp: 0.703 | MA (100 ep): -194.62
2026-04-15 19:57:56,654 - Episodio: 036/800 | Reward: -170.31 | Temp: 0.696 | MA (100 ep): -193.95
2026-04-15 19:57:57,820 - Episodio: 037/800 | Reward:   32.76 | Temp: 0.689 | MA (100 ep): -187.82
2026-04-15 19:57:58,793 - Episodio: 038/800 | Reward:  -22.37 | Temp: 0.683 | MA (100 ep): -183.47
2026-04-15 19:57:59,592 - Episodio: 039/800 | Reward: -160.46 | Temp: 0.676 | MA (100 ep): -182.88
2026-04-15 19:58:00,416 - Episodio: 040/800 | Reward:   49.93 | Temp: 0.669 | MA (100 ep): -177.06
2026-04-15 19:58:01,805 - Episodio: 041/800 | Reward:  -73.83 | Temp: 0.662 | MA (100 ep): -174.54
2026-04-15 19:58:03,210 - Episodio: 042/800 | Reward:  225.72 | Temp: 0.656 | MA (100 ep): -165.01
2026-04-15 19:58:04,440 - Episodio: 043/800 | Reward: -226.92 | Temp: 0.649 | MA (100 ep): -166.45
2026-04-15 19:58:05,817 - Episodio: 044/800 | Reward: -120.98 | Temp: 0.643 | MA (100 ep): -165.42
2026-04-15 19:58:07,639 - Episodio: 045/800 | Reward:  239.66 | Temp: 0.636 | MA (100 ep): -156.41
2026-04-15 19:58:09,550 - Episodio: 046/800 | Reward: -457.10 | Temp: 0.630 | MA (100 ep): -162.95
2026-04-15 19:58:11,198 - Episodio: 047/800 | Reward: -176.50 | Temp: 0.624 | MA (100 ep): -163.24
2026-04-15 19:58:11,783 - Episodio: 048/800 | Reward: -180.57 | Temp: 0.617 | MA (100 ep): -163.60
2026-04-15 19:58:12,789 - Episodio: 049/800 | Reward:  -31.34 | Temp: 0.611 | MA (100 ep): -160.90
2026-04-15 19:58:13,770 - Episodio: 050/800 | Reward:  -79.18 | Temp: 0.605 | MA (100 ep): -159.27
2026-04-15 19:58:13,770 - --- Inizio Evaluation run all'Episodio 50 ---
2026-04-15 19:58:22,078 - *** EVALUATION | Epi: 050 | Mean Reward (50 Run): -150.05 ± 124.33 ***
2026-04-15 19:58:22,078 - --- Fine Evaluation ---
2026-04-15 19:58:23,036 - Episodio: 051/800 | Reward:  -65.04 | Temp: 0.599 | MA (100 ep): -157.42
2026-04-15 19:58:24,458 - Episodio: 052/800 | Reward:  -60.69 | Temp: 0.593 | MA (100 ep): -155.56
2026-04-15 19:58:26,523 - Episodio: 053/800 | Reward:  251.58 | Temp: 0.587 | MA (100 ep): -147.88
2026-04-15 19:58:29,136 - Episodio: 054/800 | Reward:  175.55 | Temp: 0.581 | MA (100 ep): -141.89
2026-04-15 19:58:31,600 - Episodio: 055/800 | Reward:  -87.69 | Temp: 0.575 | MA (100 ep): -140.90
2026-04-15 19:58:33,585 - Episodio: 056/800 | Reward:  -81.49 | Temp: 0.570 | MA (100 ep): -139.84
2026-04-15 19:58:37,053 - Episodio: 057/800 | Reward:  110.32 | Temp: 0.564 | MA (100 ep): -135.45
2026-04-15 19:58:40,220 - Episodio: 058/800 | Reward:  124.62 | Temp: 0.558 | MA (100 ep): -130.97
2026-04-15 19:58:43,177 - Episodio: 059/800 | Reward:  129.65 | Temp: 0.553 | MA (100 ep): -126.55
2026-04-15 19:58:45,957 - Episodio: 060/800 | Reward: -295.65 | Temp: 0.547 | MA (100 ep): -129.37
2026-04-15 19:58:49,412 - Episodio: 061/800 | Reward:  -36.02 | Temp: 0.542 | MA (100 ep): -127.84
2026-04-15 19:58:53,011 - Episodio: 062/800 | Reward:  -26.22 | Temp: 0.536 | MA (100 ep): -126.20
2026-04-15 19:58:53,292 - Episodio: 063/800 | Reward:   26.78 | Temp: 0.531 | MA (100 ep): -123.77
2026-04-15 19:58:56,784 - Episodio: 064/800 | Reward:   16.53 | Temp: 0.526 | MA (100 ep): -121.58
2026-04-15 19:59:00,178 - Episodio: 065/800 | Reward:  -53.34 | Temp: 0.520 | MA (100 ep): -120.53
2026-04-15 19:59:03,450 - Episodio: 066/800 | Reward:  -16.42 | Temp: 0.515 | MA (100 ep): -118.95
2026-04-15 19:59:06,827 - Episodio: 067/800 | Reward:   -2.00 | Temp: 0.510 | MA (100 ep): -117.21
2026-04-15 19:59:10,571 - Episodio: 068/800 | Reward:  -24.87 | Temp: 0.505 | MA (100 ep): -115.85
2026-04-15 19:59:13,950 - Episodio: 069/800 | Reward:  -21.44 | Temp: 0.500 | MA (100 ep): -114.48
2026-04-15 19:59:17,248 - Episodio: 070/800 | Reward:   -2.87 | Temp: 0.495 | MA (100 ep): -112.89
2026-04-15 19:59:20,842 - Episodio: 071/800 | Reward:  -25.46 | Temp: 0.490 | MA (100 ep): -111.66
2026-04-15 19:59:24,175 - Episodio: 072/800 | Reward:  -16.26 | Temp: 0.485 | MA (100 ep): -110.33
2026-04-15 19:59:27,586 - Episodio: 073/800 | Reward:  -32.53 | Temp: 0.480 | MA (100 ep): -109.26
2026-04-15 19:59:31,056 - Episodio: 074/800 | Reward:  -59.68 | Temp: 0.475 | MA (100 ep): -108.59
2026-04-15 19:59:34,410 - Episodio: 075/800 | Reward:  -45.53 | Temp: 0.471 | MA (100 ep): -107.75
2026-04-15 19:59:37,922 - Episodio: 076/800 | Reward:  -32.53 | Temp: 0.466 | MA (100 ep): -106.76
2026-04-15 19:59:38,573 - Episodio: 077/800 | Reward:   66.94 | Temp: 0.461 | MA (100 ep): -104.51
2026-04-15 19:59:42,067 - Episodio: 078/800 | Reward:  -18.41 | Temp: 0.457 | MA (100 ep): -103.40
2026-04-15 19:59:42,294 - Episodio: 079/800 | Reward:  -52.38 | Temp: 0.452 | MA (100 ep): -102.76
2026-04-15 19:59:45,774 - Episodio: 080/800 | Reward:  -21.00 | Temp: 0.448 | MA (100 ep): -101.74
2026-04-15 19:59:49,259 - Episodio: 081/800 | Reward:  -12.43 | Temp: 0.443 | MA (100 ep): -100.63
2026-04-15 19:59:49,756 - Episodio: 082/800 | Reward: -143.17 | Temp: 0.439 | MA (100 ep): -101.15
2026-04-15 19:59:53,245 - Episodio: 083/800 | Reward:  -15.85 | Temp: 0.434 | MA (100 ep): -100.12
2026-04-15 19:59:56,714 - Episodio: 084/800 | Reward:    8.16 | Temp: 0.430 | MA (100 ep):  -98.84
2026-04-15 19:59:57,410 - Episodio: 085/800 | Reward:  -10.98 | Temp: 0.426 | MA (100 ep):  -97.80
2026-04-15 20:00:00,839 - Episodio: 086/800 | Reward:   33.74 | Temp: 0.421 | MA (100 ep):  -96.27
2026-04-15 20:00:02,136 - Episodio: 087/800 | Reward:  -30.16 | Temp: 0.417 | MA (100 ep):  -95.51
2026-04-15 20:00:05,672 - Episodio: 088/800 | Reward:    9.53 | Temp: 0.413 | MA (100 ep):  -94.32
2026-04-15 20:00:09,177 - Episodio: 089/800 | Reward:    4.73 | Temp: 0.409 | MA (100 ep):  -93.21
2026-04-15 20:00:12,712 - Episodio: 090/800 | Reward:  -27.31 | Temp: 0.405 | MA (100 ep):  -92.47
2026-04-15 20:00:14,938 - Episodio: 091/800 | Reward:  198.42 | Temp: 0.401 | MA (100 ep):  -89.28
2026-04-15 20:00:18,550 - Episodio: 092/800 | Reward:  -38.37 | Temp: 0.397 | MA (100 ep):  -88.72
2026-04-15 20:00:22,043 - Episodio: 093/800 | Reward:   53.55 | Temp: 0.393 | MA (100 ep):  -87.19
2026-04-15 20:00:24,632 - Episodio: 094/800 | Reward:  218.60 | Temp: 0.389 | MA (100 ep):  -83.94
2026-04-15 20:00:28,116 - Episodio: 095/800 | Reward:   -9.81 | Temp: 0.385 | MA (100 ep):  -83.16
2026-04-15 20:00:31,407 - Episodio: 096/800 | Reward:  -23.44 | Temp: 0.381 | MA (100 ep):  -82.54
2026-04-15 20:00:34,927 - Episodio: 097/800 | Reward:  -37.87 | Temp: 0.377 | MA (100 ep):  -82.08
2026-04-15 20:00:38,597 - Episodio: 098/800 | Reward:  -40.54 | Temp: 0.373 | MA (100 ep):  -81.65
2026-04-15 20:00:42,195 - Episodio: 099/800 | Reward:  -22.68 | Temp: 0.370 | MA (100 ep):  -81.06
2026-04-15 20:00:45,620 - Episodio: 100/800 | Reward:  -33.29 | Temp: 0.366 | MA (100 ep):  -80.58
2026-04-15 20:00:45,620 - --- Inizio Evaluation run all'Episodio 100 ---
2026-04-15 20:00:58,254 - *** EVALUATION | Epi: 100 | Mean Reward (50 Run):  -18.40 ± 29.03 ***
2026-04-15 20:00:58,254 - --- Fine Evaluation ---
2026-04-15 20:00:59,185 - Episodio: 101/800 | Reward: -220.90 | Temp: 0.362 | MA (100 ep):  -81.40
2026-04-15 20:01:01,344 - Episodio: 102/800 | Reward: -211.64 | Temp: 0.359 | MA (100 ep):  -80.47
2026-04-15 20:01:04,874 - Episodio: 103/800 | Reward:   -7.78 | Temp: 0.355 | MA (100 ep):  -76.41
2026-04-15 20:01:08,422 - Episodio: 104/800 | Reward:  -26.18 | Temp: 0.352 | MA (100 ep):  -74.47
2026-04-15 20:01:09,252 - Episodio: 105/800 | Reward:    1.62 | Temp: 0.348 | MA (100 ep):  -68.66
2026-04-15 20:01:12,809 - Episodio: 106/800 | Reward:   36.10 | Temp: 0.345 | MA (100 ep):  -63.02
2026-04-15 20:01:15,762 - Episodio: 107/800 | Reward:  158.22 | Temp: 0.341 | MA (100 ep):  -56.81
2026-04-15 20:01:19,245 - Episodio: 108/800 | Reward:  -12.67 | Temp: 0.338 | MA (100 ep):  -54.34
2026-04-15 20:01:22,676 - Episodio: 109/800 | Reward:  -27.57 | Temp: 0.334 | MA (100 ep):  -51.09
2026-04-15 20:01:26,279 - Episodio: 110/800 | Reward:   -6.95 | Temp: 0.331 | MA (100 ep):  -48.75
2026-04-15 20:01:29,785 - Episodio: 111/800 | Reward:  -13.30 | Temp: 0.328 | MA (100 ep):  -47.71
2026-04-15 20:01:33,332 - Episodio: 112/800 | Reward:  -27.90 | Temp: 0.324 | MA (100 ep):  -44.90
2026-04-15 20:01:36,863 - Episodio: 113/800 | Reward:   -8.93 | Temp: 0.321 | MA (100 ep):  -43.10
2026-04-15 20:01:40,319 - Episodio: 114/800 | Reward:   11.46 | Temp: 0.318 | MA (100 ep):  -40.60
2026-04-15 20:01:43,892 - Episodio: 115/800 | Reward:   -1.82 | Temp: 0.315 | MA (100 ep):  -37.66
2026-04-15 20:01:47,380 - Episodio: 116/800 | Reward:  -33.46 | Temp: 0.312 | MA (100 ep):  -36.19
2026-04-15 20:01:51,435 - Episodio: 117/800 | Reward:    3.88 | Temp: 0.309 | MA (100 ep):  -35.71
2026-04-15 20:01:55,226 - Episodio: 118/800 | Reward:   30.57 | Temp: 0.305 | MA (100 ep):  -33.29
2026-04-15 20:01:58,820 - Episodio: 119/800 | Reward:   -1.89 | Temp: 0.302 | MA (100 ep):  -31.50
2026-04-15 20:02:02,378 - Episodio: 120/800 | Reward:   36.14 | Temp: 0.299 | MA (100 ep):  -31.62
2026-04-15 20:02:05,895 - Episodio: 121/800 | Reward:   58.89 | Temp: 0.296 | MA (100 ep):  -29.12
2026-04-15 20:02:08,650 - Episodio: 122/800 | Reward:  208.60 | Temp: 0.293 | MA (100 ep):  -25.04
2026-04-15 20:02:11,745 - Episodio: 123/800 | Reward:  164.62 | Temp: 0.290 | MA (100 ep):  -21.30
2026-04-15 20:02:15,008 - Episodio: 124/800 | Reward:  212.49 | Temp: 0.288 | MA (100 ep):  -18.68
2026-04-15 20:02:17,750 - Episodio: 125/800 | Reward:  190.36 | Temp: 0.285 | MA (100 ep):  -16.55
2026-04-15 20:02:19,563 - Episodio: 126/800 | Reward:  196.13 | Temp: 0.282 | MA (100 ep):  -13.85
2026-04-15 20:02:21,586 - Episodio: 127/800 | Reward:  242.52 | Temp: 0.279 | MA (100 ep):  -11.47
2026-04-15 20:02:25,108 - Episodio: 128/800 | Reward:  -70.52 | Temp: 0.276 | MA (100 ep):  -12.45
2026-04-15 20:02:27,561 - Episodio: 129/800 | Reward:  244.52 | Temp: 0.273 | MA (100 ep):   -8.59
2026-04-15 20:02:31,057 - Episodio: 130/800 | Reward:   39.85 | Temp: 0.271 | MA (100 ep):   -6.85
2026-04-15 20:02:34,829 - Episodio: 131/800 | Reward:  133.54 | Temp: 0.268 | MA (100 ep):   -3.73
2026-04-15 20:02:38,362 - Episodio: 132/800 | Reward:  136.28 | Temp: 0.265 | MA (100 ep):   -3.03
2026-04-15 20:02:41,952 - Episodio: 133/800 | Reward:  115.36 | Temp: 0.263 | MA (100 ep):    0.61
2026-04-15 20:02:43,719 - Episodio: 134/800 | Reward:  243.96 | Temp: 0.260 | MA (100 ep):    3.87
2026-04-15 20:02:44,839 - Episodio: 135/800 | Reward:  -93.67 | Temp: 0.257 | MA (100 ep):    4.54
2026-04-15 20:02:46,546 - Episodio: 136/800 | Reward: -128.54 | Temp: 0.255 | MA (100 ep):    4.95
2026-04-15 20:02:48,223 - Episodio: 137/800 | Reward:  259.66 | Temp: 0.252 | MA (100 ep):    7.22
2026-04-15 20:02:49,980 - Episodio: 138/800 | Reward:  189.68 | Temp: 0.250 | MA (100 ep):    9.34
2026-04-15 20:02:51,337 - Episodio: 139/800 | Reward:  263.82 | Temp: 0.247 | MA (100 ep):   13.59
2026-04-15 20:02:54,718 - Episodio: 140/800 | Reward:  132.37 | Temp: 0.245 | MA (100 ep):   14.41
2026-04-15 20:02:58,313 - Episodio: 141/800 | Reward:   98.44 | Temp: 0.242 | MA (100 ep):   16.13
2026-04-15 20:03:00,285 - Episodio: 142/800 | Reward:  278.54 | Temp: 0.240 | MA (100 ep):   16.66
2026-04-15 20:03:02,129 - Episodio: 143/800 | Reward:  214.49 | Temp: 0.238 | MA (100 ep):   21.08
2026-04-15 20:03:05,754 - Episodio: 144/800 | Reward:  116.68 | Temp: 0.235 | MA (100 ep):   23.45
2026-04-15 20:03:08,371 - Episodio: 145/800 | Reward:  200.01 | Temp: 0.233 | MA (100 ep):   23.06
2026-04-15 20:03:09,897 - Episodio: 146/800 | Reward:  218.10 | Temp: 0.231 | MA (100 ep):   29.81
2026-04-15 20:03:10,731 - Episodio: 147/800 | Reward:  275.05 | Temp: 0.228 | MA (100 ep):   34.32
2026-04-15 20:03:14,363 - Episodio: 148/800 | Reward:  154.44 | Temp: 0.226 | MA (100 ep):   37.67
2026-04-15 20:03:15,277 - Episodio: 149/800 | Reward:  257.63 | Temp: 0.224 | MA (100 ep):   40.56
2026-04-15 20:03:16,334 - Episodio: 150/800 | Reward:  254.03 | Temp: 0.221 | MA (100 ep):   43.90
2026-04-15 20:03:16,334 - --- Inizio Evaluation run all'Episodio 150 ---
2026-04-15 20:03:22,656 - *** EVALUATION | Epi: 150 | Mean Reward (50 Run):  186.08 ± 101.16 ***
2026-04-15 20:03:22,656 - --- Fine Evaluation ---
2026-04-15 20:03:24,099 - Episodio: 151/800 | Reward:  269.62 | Temp: 0.219 | MA (100 ep):   47.24
2026-04-15 20:03:25,604 - Episodio: 152/800 | Reward:  240.56 | Temp: 0.217 | MA (100 ep):   50.25
2026-04-15 20:03:27,822 - Episodio: 153/800 | Reward:  271.15 | Temp: 0.215 | MA (100 ep):   50.45
2026-04-15 20:03:29,069 - Episodio: 154/800 | Reward:  257.76 | Temp: 0.213 | MA (100 ep):   51.27
2026-04-15 20:03:32,597 - Episodio: 155/800 | Reward:  138.01 | Temp: 0.211 | MA (100 ep):   53.53
2026-04-15 20:03:34,623 - Episodio: 156/800 | Reward:  257.52 | Temp: 0.208 | MA (100 ep):   56.92
2026-04-15 20:03:35,449 - Episodio: 157/800 | Reward:  284.07 | Temp: 0.206 | MA (100 ep):   58.66
2026-04-15 20:03:38,144 - Episodio: 158/800 | Reward:  234.81 | Temp: 0.204 | MA (100 ep):   59.76
2026-04-15 20:03:39,584 - Episodio: 159/800 | Reward:  236.65 | Temp: 0.202 | MA (100 ep):   60.83
2026-04-15 20:03:41,198 - Episodio: 160/800 | Reward:  251.32 | Temp: 0.200 | MA (100 ep):   66.30
2026-04-15 20:03:44,710 - Episodio: 161/800 | Reward:  122.02 | Temp: 0.198 | MA (100 ep):   67.88
2026-04-15 20:03:46,309 - Episodio: 162/800 | Reward:  217.91 | Temp: 0.196 | MA (100 ep):   70.32
2026-04-15 20:03:47,675 - Episodio: 163/800 | Reward:   30.81 | Temp: 0.194 | MA (100 ep):   70.36
2026-04-15 20:03:48,769 - Episodio: 164/800 | Reward:  232.93 | Temp: 0.192 | MA (100 ep):   72.52
2026-04-15 20:03:49,929 - Episodio: 165/800 | Reward:  246.43 | Temp: 0.190 | MA (100 ep):   75.52
2026-04-15 20:03:50,849 - Episodio: 166/800 | Reward:  239.52 | Temp: 0.189 | MA (100 ep):   78.08
2026-04-15 20:03:51,554 - Episodio: 167/800 | Reward:  -11.84 | Temp: 0.187 | MA (100 ep):   77.98
2026-04-15 20:03:52,647 - Episodio: 168/800 | Reward:  235.75 | Temp: 0.185 | MA (100 ep):   80.59
2026-04-15 20:03:53,762 - Episodio: 169/800 | Reward:  250.09 | Temp: 0.183 | MA (100 ep):   83.30
2026-04-15 20:03:57,354 - Episodio: 170/800 | Reward:  120.11 | Temp: 0.181 | MA (100 ep):   84.53
2026-04-15 20:03:58,437 - Episodio: 171/800 | Reward:  250.28 | Temp: 0.179 | MA (100 ep):   87.29
2026-04-15 20:03:59,115 - Episodio: 172/800 | Reward:   13.66 | Temp: 0.178 | MA (100 ep):   87.59
2026-04-15 20:04:00,261 - Episodio: 173/800 | Reward:    6.79 | Temp: 0.176 | MA (100 ep):   87.98
2026-04-15 20:04:01,473 - Episodio: 174/800 | Reward:  230.37 | Temp: 0.174 | MA (100 ep):   90.88
2026-04-15 20:04:03,082 - Episodio: 175/800 | Reward:  221.32 | Temp: 0.172 | MA (100 ep):   93.55
2026-04-15 20:04:06,465 - Episodio: 176/800 | Reward:  216.79 | Temp: 0.171 | MA (100 ep):   96.05
2026-04-15 20:04:07,980 - Episodio: 177/800 | Reward:    9.46 | Temp: 0.169 | MA (100 ep):   95.47
2026-04-15 20:04:08,864 - Episodio: 178/800 | Reward:   -6.68 | Temp: 0.167 | MA (100 ep):   95.59
2026-04-15 20:04:10,362 - Episodio: 179/800 | Reward:  257.59 | Temp: 0.165 | MA (100 ep):   98.69
2026-04-15 20:04:11,383 - Episodio: 180/800 | Reward:  252.80 | Temp: 0.164 | MA (100 ep):  101.43
2026-04-15 20:04:12,268 - Episodio: 181/800 | Reward:  273.69 | Temp: 0.162 | MA (100 ep):  104.29
2026-04-15 20:04:15,842 - Episodio: 182/800 | Reward:  137.19 | Temp: 0.161 | MA (100 ep):  107.09
2026-04-15 20:04:19,543 - Episodio: 183/800 | Reward:  145.51 | Temp: 0.159 | MA (100 ep):  108.71
2026-04-15 20:04:22,241 - Episodio: 184/800 | Reward:  194.63 | Temp: 0.157 | MA (100 ep):  110.57
2026-04-15 20:04:25,776 - Episodio: 185/800 | Reward:  124.74 | Temp: 0.156 | MA (100 ep):  111.93
2026-04-15 20:04:27,290 - Episodio: 186/800 | Reward:  252.45 | Temp: 0.154 | MA (100 ep):  114.11
2026-04-15 20:04:29,522 - Episodio: 187/800 | Reward:  249.70 | Temp: 0.153 | MA (100 ep):  116.91
2026-04-15 20:04:30,673 - Episodio: 188/800 | Reward:    7.64 | Temp: 0.151 | MA (100 ep):  116.89
2026-04-15 20:04:32,276 - Episodio: 189/800 | Reward:  252.03 | Temp: 0.150 | MA (100 ep):  119.37
2026-04-15 20:04:35,848 - Episodio: 190/800 | Reward:  167.90 | Temp: 0.148 | MA (100 ep):  121.32
2026-04-15 20:04:37,299 - Episodio: 191/800 | Reward:  243.40 | Temp: 0.147 | MA (100 ep):  121.77
2026-04-15 20:04:38,345 - Episodio: 192/800 | Reward:  219.31 | Temp: 0.145 | MA (100 ep):  124.35
2026-04-15 20:04:39,469 - Episodio: 193/800 | Reward:  251.75 | Temp: 0.144 | MA (100 ep):  126.33
2026-04-15 20:04:40,953 - Episodio: 194/800 | Reward:  226.59 | Temp: 0.142 | MA (100 ep):  126.41
2026-04-15 20:04:43,039 - Episodio: 195/800 | Reward:  228.68 | Temp: 0.141 | MA (100 ep):  128.79
2026-04-15 20:04:44,408 - Episodio: 196/800 | Reward:  265.71 | Temp: 0.139 | MA (100 ep):  131.68
2026-04-15 20:04:47,933 - Episodio: 197/800 | Reward:  121.34 | Temp: 0.138 | MA (100 ep):  133.28
2026-04-15 20:04:51,489 - Episodio: 198/800 | Reward:  117.88 | Temp: 0.137 | MA (100 ep):  134.86
2026-04-15 20:04:52,689 - Episodio: 199/800 | Reward:  246.09 | Temp: 0.135 | MA (100 ep):  137.55
2026-04-15 20:04:54,629 - Episodio: 200/800 | Reward:  212.66 | Temp: 0.134 | MA (100 ep):  140.01
2026-04-15 20:04:54,629 - --- Inizio Evaluation run all'Episodio 200 ---
2026-04-15 20:05:02,213 - *** EVALUATION | Epi: 200 | Mean Reward (50 Run):  185.69 ± 81.41 ***
2026-04-15 20:05:02,213 - --- Fine Evaluation ---
2026-04-15 20:05:05,885 - Episodio: 201/800 | Reward:  139.73 | Temp: 0.133 | MA (100 ep):  143.61
2026-04-15 20:05:08,120 - Episodio: 202/800 | Reward:  267.75 | Temp: 0.131 | MA (100 ep):  148.41
2026-04-15 20:05:08,671 - Episodio: 203/800 | Reward:   61.05 | Temp: 0.130 | MA (100 ep):  149.10
2026-04-15 20:05:10,024 - Episodio: 204/800 | Reward:  235.36 | Temp: 0.129 | MA (100 ep):  151.71
2026-04-15 20:05:10,947 - Episodio: 205/800 | Reward:  268.06 | Temp: 0.127 | MA (100 ep):  154.38
2026-04-15 20:05:12,295 - Episodio: 206/800 | Reward:  242.92 | Temp: 0.126 | MA (100 ep):  156.44
2026-04-15 20:05:15,954 - Episodio: 207/800 | Reward:  131.45 | Temp: 0.125 | MA (100 ep):  156.18
2026-04-15 20:05:18,385 - Episodio: 208/800 | Reward:  268.27 | Temp: 0.124 | MA (100 ep):  158.99
2026-04-15 20:05:18,925 - Episodio: 209/800 | Reward:   39.46 | Temp: 0.122 | MA (100 ep):  159.66
2026-04-15 20:05:19,951 - Episodio: 210/800 | Reward:  243.68 | Temp: 0.121 | MA (100 ep):  162.16
2026-04-15 20:05:20,551 - Episodio: 211/800 | Reward:   42.78 | Temp: 0.120 | MA (100 ep):  162.72
2026-04-15 20:05:21,010 - Episodio: 212/800 | Reward:   29.26 | Temp: 0.119 | MA (100 ep):  163.30
2026-04-15 20:05:24,524 - Episodio: 213/800 | Reward:  133.73 | Temp: 0.118 | MA (100 ep):  164.72
2026-04-15 20:05:25,329 - Episodio: 214/800 | Reward:  224.32 | Temp: 0.116 | MA (100 ep):  166.85
2026-04-15 20:05:27,317 - Episodio: 215/800 | Reward:  172.37 | Temp: 0.115 | MA (100 ep):  168.59
2026-04-15 20:05:28,493 - Episodio: 216/800 | Reward:  243.16 | Temp: 0.114 | MA (100 ep):  171.36
2026-04-15 20:05:29,317 - Episodio: 217/800 | Reward:  257.78 | Temp: 0.113 | MA (100 ep):  173.90
2026-04-15 20:05:30,702 - Episodio: 218/800 | Reward:  258.47 | Temp: 0.112 | MA (100 ep):  176.18
2026-04-15 20:05:33,455 - Episodio: 219/800 | Reward:  250.79 | Temp: 0.111 | MA (100 ep):  178.70
2026-04-15 20:05:34,682 - Episodio: 220/800 | Reward:  230.29 | Temp: 0.110 | MA (100 ep):  180.64
2026-04-15 20:05:35,772 - Episodio: 221/800 | Reward:  -53.15 | Temp: 0.108 | MA (100 ep):  179.52
2026-04-15 20:05:36,785 - Episodio: 222/800 | Reward:   -0.95 | Temp: 0.107 | MA (100 ep):  177.43
2026-04-15 20:05:38,191 - Episodio: 223/800 | Reward:  209.77 | Temp: 0.106 | MA (100 ep):  177.88
2026-04-15 20:05:39,100 - Episodio: 224/800 | Reward:  244.42 | Temp: 0.105 | MA (100 ep):  178.20
2026-04-15 20:05:42,614 - Episodio: 225/800 | Reward:  134.94 | Temp: 0.104 | MA (100 ep):  177.65
2026-04-15 20:05:43,667 - Episodio: 226/800 | Reward:  279.45 | Temp: 0.103 | MA (100 ep):  178.48
2026-04-15 20:05:45,480 - Episodio: 227/800 | Reward:  253.16 | Temp: 0.102 | MA (100 ep):  178.59
2026-04-15 20:05:46,458 - Episodio: 228/800 | Reward:  265.69 | Temp: 0.101 | MA (100 ep):  181.95
2026-04-15 20:05:48,277 - Episodio: 229/800 | Reward:  183.25 | Temp: 0.100 | MA (100 ep):  181.33
2026-04-15 20:05:49,529 - Episodio: 230/800 | Reward:  204.32 | Temp: 0.099 | MA (100 ep):  182.98
2026-04-15 20:05:52,977 - Episodio: 231/800 | Reward:  122.42 | Temp: 0.098 | MA (100 ep):  182.87
2026-04-15 20:05:54,538 - Episodio: 232/800 | Reward:  209.38 | Temp: 0.097 | MA (100 ep):  183.60
2026-04-15 20:05:57,084 - Episodio: 233/800 | Reward:  182.43 | Temp: 0.096 | MA (100 ep):  184.27
2026-04-15 20:05:58,427 - Episodio: 234/800 | Reward:  283.54 | Temp: 0.095 | MA (100 ep):  184.67
2026-04-15 20:05:59,342 - Episodio: 235/800 | Reward:  267.82 | Temp: 0.094 | MA (100 ep):  188.28
2026-04-15 20:06:01,515 - Episodio: 236/800 | Reward:  198.59 | Temp: 0.093 | MA (100 ep):  191.55
2026-04-15 20:06:02,684 - Episodio: 237/800 | Reward:  230.52 | Temp: 0.092 | MA (100 ep):  191.26
2026-04-15 20:06:03,586 - Episodio: 238/800 | Reward:  276.93 | Temp: 0.091 | MA (100 ep):  192.13
2026-04-15 20:06:04,819 - Episodio: 239/800 | Reward:  232.65 | Temp: 0.091 | MA (100 ep):  191.82
2026-04-15 20:06:08,283 - Episodio: 240/800 | Reward:  196.43 | Temp: 0.090 | MA (100 ep):  192.46
2026-04-15 20:06:11,865 - Episodio: 241/800 | Reward:  120.77 | Temp: 0.089 | MA (100 ep):  192.69
2026-04-15 20:06:15,376 - Episodio: 242/800 | Reward:  122.56 | Temp: 0.088 | MA (100 ep):  191.13
2026-04-15 20:06:17,175 - Episodio: 243/800 | Reward:  193.93 | Temp: 0.087 | MA (100 ep):  190.92
2026-04-15 20:06:18,059 - Episodio: 244/800 | Reward:  208.73 | Temp: 0.086 | MA (100 ep):  191.84
2026-04-15 20:06:19,737 - Episodio: 245/800 | Reward:  217.98 | Temp: 0.085 | MA (100 ep):  192.02
2026-04-15 20:06:20,604 - Episodio: 246/800 | Reward:  270.55 | Temp: 0.084 | MA (100 ep):  192.54
2026-04-15 20:06:21,624 - Episodio: 247/800 | Reward:  238.72 | Temp: 0.084 | MA (100 ep):  192.18
2026-04-15 20:06:22,547 - Episodio: 248/800 | Reward:  228.25 | Temp: 0.083 | MA (100 ep):  192.92
2026-04-15 20:06:23,610 - Episodio: 249/800 | Reward:  256.84 | Temp: 0.082 | MA (100 ep):  192.91
2026-04-15 20:06:24,139 - Episodio: 250/800 | Reward:   39.61 | Temp: 0.081 | MA (100 ep):  190.77
2026-04-15 20:06:24,139 - --- Inizio Evaluation run all'Episodio 250 ---
2026-04-15 20:06:28,712 - *** EVALUATION | Epi: 250 | Mean Reward (50 Run):  150.89 ± 109.68 ***
2026-04-15 20:06:28,712 - --- Fine Evaluation ---
2026-04-15 20:06:32,419 - Episodio: 251/800 | Reward:  116.13 | Temp: 0.080 | MA (100 ep):  189.23
2026-04-15 20:06:33,229 - Episodio: 252/800 | Reward:   27.88 | Temp: 0.079 | MA (100 ep):  187.11
2026-04-15 20:06:34,168 - Episodio: 253/800 | Reward:  213.84 | Temp: 0.079 | MA (100 ep):  186.53
2026-04-15 20:06:37,804 - Episodio: 254/800 | Reward:   38.43 | Temp: 0.078 | MA (100 ep):  184.34
2026-04-15 20:06:41,384 - Episodio: 255/800 | Reward:  109.73 | Temp: 0.077 | MA (100 ep):  184.06
2026-04-15 20:06:44,064 - Episodio: 256/800 | Reward:  188.30 | Temp: 0.076 | MA (100 ep):  183.36
2026-04-15 20:06:45,728 - Episodio: 257/800 | Reward:  239.93 | Temp: 0.076 | MA (100 ep):  182.92
2026-04-15 20:06:46,643 - Episodio: 258/800 | Reward:  241.84 | Temp: 0.075 | MA (100 ep):  182.99
2026-04-15 20:06:47,366 - Episodio: 259/800 | Reward:  236.37 | Temp: 0.074 | MA (100 ep):  182.99
2026-04-15 20:06:50,938 - Episodio: 260/800 | Reward:   87.35 | Temp: 0.073 | MA (100 ep):  181.35
2026-04-15 20:06:54,097 - Episodio: 261/800 | Reward:  196.74 | Temp: 0.073 | MA (100 ep):  182.10
2026-04-15 20:06:56,281 - Episodio: 262/800 | Reward:  198.02 | Temp: 0.072 | MA (100 ep):  181.90
2026-04-15 20:06:56,659 - Episodio: 263/800 | Reward:   17.10 | Temp: 0.071 | MA (100 ep):  181.76
2026-04-15 20:07:00,159 - Episodio: 264/800 | Reward:  110.81 | Temp: 0.070 | MA (100 ep):  180.54
2026-04-15 20:07:00,804 - Episodio: 265/800 | Reward:   74.98 | Temp: 0.070 | MA (100 ep):  178.83
2026-04-15 20:07:01,484 - Episodio: 266/800 | Reward:  272.27 | Temp: 0.069 | MA (100 ep):  179.15
2026-04-15 20:07:02,200 - Episodio: 267/800 | Reward:  276.27 | Temp: 0.068 | MA (100 ep):  182.03
2026-04-15 20:07:03,050 - Episodio: 268/800 | Reward:  256.24 | Temp: 0.068 | MA (100 ep):  182.24
2026-04-15 20:07:04,131 - Episodio: 269/800 | Reward:  208.81 | Temp: 0.067 | MA (100 ep):  181.83
2026-04-15 20:07:07,548 - Episodio: 270/800 | Reward:  219.08 | Temp: 0.066 | MA (100 ep):  182.82
2026-04-15 20:07:08,109 - Episodio: 271/800 | Reward:  -10.29 | Temp: 0.066 | MA (100 ep):  180.21
2026-04-15 20:07:10,167 - Episodio: 272/800 | Reward:  229.25 | Temp: 0.065 | MA (100 ep):  182.37
2026-04-15 20:07:12,468 - Episodio: 273/800 | Reward:  252.66 | Temp: 0.064 | MA (100 ep):  184.83
2026-04-15 20:07:14,121 - Episodio: 274/800 | Reward:  298.62 | Temp: 0.064 | MA (100 ep):  185.51
2026-04-15 20:07:15,035 - Episodio: 275/800 | Reward:  274.98 | Temp: 0.063 | MA (100 ep):  186.04
2026-04-15 20:07:16,385 - Episodio: 276/800 | Reward:  -27.10 | Temp: 0.062 | MA (100 ep):  183.61
2026-04-15 20:07:19,945 - Episodio: 277/800 | Reward:  135.17 | Temp: 0.062 | MA (100 ep):  184.86
2026-04-15 20:07:21,211 - Episodio: 278/800 | Reward:  284.71 | Temp: 0.061 | MA (100 ep):  187.78
2026-04-15 20:07:24,787 - Episodio: 279/800 | Reward:  136.25 | Temp: 0.061 | MA (100 ep):  186.56
2026-04-15 20:07:26,019 - Episodio: 280/800 | Reward:  233.41 | Temp: 0.060 | MA (100 ep):  186.37
2026-04-15 20:07:27,467 - Episodio: 281/800 | Reward:  231.60 | Temp: 0.059 | MA (100 ep):  185.95
2026-04-15 20:07:28,780 - Episodio: 282/800 | Reward:  240.05 | Temp: 0.059 | MA (100 ep):  186.98
2026-04-15 20:07:30,009 - Episodio: 283/800 | Reward:  311.79 | Temp: 0.058 | MA (100 ep):  188.64
2026-04-15 20:07:32,007 - Episodio: 284/800 | Reward:  233.38 | Temp: 0.058 | MA (100 ep):  189.03
2026-04-15 20:07:33,126 - Episodio: 285/800 | Reward:  211.23 | Temp: 0.057 | MA (100 ep):  189.89
2026-04-15 20:07:35,207 - Episodio: 286/800 | Reward:  231.20 | Temp: 0.056 | MA (100 ep):  189.68
2026-04-15 20:07:36,344 - Episodio: 287/800 | Reward:  222.34 | Temp: 0.056 | MA (100 ep):  189.41
2026-04-15 20:07:37,187 - Episodio: 288/800 | Reward:  240.24 | Temp: 0.055 | MA (100 ep):  191.73
2026-04-15 20:07:38,072 - Episodio: 289/800 | Reward:  280.00 | Temp: 0.055 | MA (100 ep):  192.01
2026-04-15 20:07:39,822 - Episodio: 290/800 | Reward:  254.83 | Temp: 0.054 | MA (100 ep):  192.88
2026-04-15 20:07:40,956 - Episodio: 291/800 | Reward:  236.31 | Temp: 0.054 | MA (100 ep):  192.81
2026-04-15 20:07:41,892 - Episodio: 292/800 | Reward:  260.47 | Temp: 0.053 | MA (100 ep):  193.22
2026-04-15 20:07:43,332 - Episodio: 293/800 | Reward:  282.54 | Temp: 0.053 | MA (100 ep):  193.53
2026-04-15 20:07:44,469 - Episodio: 294/800 | Reward:  294.09 | Temp: 0.052 | MA (100 ep):  194.20
2026-04-15 20:07:45,400 - Episodio: 295/800 | Reward:  220.23 | Temp: 0.052 | MA (100 ep):  194.12
2026-04-15 20:07:46,821 - Episodio: 296/800 | Reward:  272.51 | Temp: 0.051 | MA (100 ep):  194.19
2026-04-15 20:07:48,487 - Episodio: 297/800 | Reward:  256.43 | Temp: 0.051 | MA (100 ep):  195.54
2026-04-15 20:07:49,481 - Episodio: 298/800 | Reward:  259.83 | Temp: 0.050 | MA (100 ep):  196.96
2026-04-15 20:07:50,894 - Episodio: 299/800 | Reward:  240.35 | Temp: 0.050 | MA (100 ep):  196.90
2026-04-15 20:07:52,066 - Episodio: 300/800 | Reward:  279.74 | Temp: 0.049 | MA (100 ep):  197.57
2026-04-15 20:07:52,066 - --- Inizio Evaluation run all'Episodio 300 ---
2026-04-15 20:07:59,441 - *** EVALUATION | Epi: 300 | Mean Reward (50 Run):  209.11 ± 65.50 ***
2026-04-15 20:07:59,441 - --- Fine Evaluation ---
2026-04-15 20:08:01,226 - Episodio: 301/800 | Reward:  257.82 | Temp: 0.049 | MA (100 ep):  198.75
2026-04-15 20:08:03,522 - Episodio: 302/800 | Reward:  281.20 | Temp: 0.048 | MA (100 ep):  198.89
2026-04-15 20:08:04,680 - Episodio: 303/800 | Reward:  234.95 | Temp: 0.048 | MA (100 ep):  200.63
2026-04-15 20:08:05,413 - Episodio: 304/800 | Reward:  253.01 | Temp: 0.047 | MA (100 ep):  200.80
2026-04-15 20:08:08,855 - Episodio: 305/800 | Reward:  116.34 | Temp: 0.047 | MA (100 ep):  199.29
2026-04-15 20:08:09,727 - Episodio: 306/800 | Reward:  304.54 | Temp: 0.046 | MA (100 ep):  199.90
2026-04-15 20:08:10,364 - Episodio: 307/800 | Reward:   17.72 | Temp: 0.046 | MA (100 ep):  198.76
2026-04-15 20:08:11,285 - Episodio: 308/800 | Reward:  270.00 | Temp: 0.045 | MA (100 ep):  198.78
2026-04-15 20:08:12,854 - Episodio: 309/800 | Reward:  219.67 | Temp: 0.045 | MA (100 ep):  200.58
2026-04-15 20:08:16,352 - Episodio: 310/800 | Reward:  163.12 | Temp: 0.044 | MA (100 ep):  199.78
2026-04-15 20:08:17,484 - Episodio: 311/800 | Reward:  261.82 | Temp: 0.044 | MA (100 ep):  201.97
2026-04-15 20:08:18,591 - Episodio: 312/800 | Reward:  260.09 | Temp: 0.043 | MA (100 ep):  204.28
2026-04-15 20:08:19,419 - Episodio: 313/800 | Reward:  257.34 | Temp: 0.043 | MA (100 ep):  205.51
2026-04-15 20:08:20,157 - Episodio: 314/800 | Reward:  259.72 | Temp: 0.043 | MA (100 ep):  205.87
2026-04-15 20:08:21,414 - Episodio: 315/800 | Reward:  261.39 | Temp: 0.042 | MA (100 ep):  206.76
2026-04-15 20:08:22,445 - Episodio: 316/800 | Reward:  277.76 | Temp: 0.042 | MA (100 ep):  207.10
2026-04-15 20:08:23,442 - Episodio: 317/800 | Reward:  250.41 | Temp: 0.041 | MA (100 ep):  207.03
2026-04-15 20:08:24,719 - Episodio: 318/800 | Reward:  215.69 | Temp: 0.041 | MA (100 ep):  206.60
2026-04-15 20:08:25,903 - Episodio: 319/800 | Reward:  247.50 | Temp: 0.041 | MA (100 ep):  206.57
2026-04-15 20:08:27,513 - Episodio: 320/800 | Reward:  147.55 | Temp: 0.040 | MA (100 ep):  205.74
2026-04-15 20:08:29,551 - Episodio: 321/800 | Reward:  286.36 | Temp: 0.040 | MA (100 ep):  209.14
2026-04-15 20:08:30,402 - Episodio: 322/800 | Reward:  245.68 | Temp: 0.039 | MA (100 ep):  211.60
2026-04-15 20:08:31,290 - Episodio: 323/800 | Reward:  241.07 | Temp: 0.039 | MA (100 ep):  211.92
2026-04-15 20:08:34,208 - Episodio: 324/800 | Reward:  249.23 | Temp: 0.039 | MA (100 ep):  211.96
2026-04-15 20:08:35,721 - Episodio: 325/800 | Reward:  190.68 | Temp: 0.038 | MA (100 ep):  212.52
2026-04-15 20:08:36,744 - Episodio: 326/800 | Reward:  237.33 | Temp: 0.038 | MA (100 ep):  212.10
2026-04-15 20:08:37,933 - Episodio: 327/800 | Reward:  248.95 | Temp: 0.037 | MA (100 ep):  212.06
2026-04-15 20:08:38,612 - Episodio: 328/800 | Reward:  275.45 | Temp: 0.037 | MA (100 ep):  212.16
2026-04-15 20:08:39,416 - Episodio: 329/800 | Reward:  297.39 | Temp: 0.037 | MA (100 ep):  213.30
2026-04-15 20:08:40,078 - Episodio: 330/800 | Reward:  275.41 | Temp: 0.036 | MA (100 ep):  214.01
2026-04-15 20:08:40,883 - Episodio: 331/800 | Reward:  252.22 | Temp: 0.036 | MA (100 ep):  215.31
2026-04-15 20:08:42,201 - Episodio: 332/800 | Reward:  217.18 | Temp: 0.036 | MA (100 ep):  215.38
2026-04-15 20:08:44,418 - Episodio: 333/800 | Reward:  232.52 | Temp: 0.035 | MA (100 ep):  215.88
2026-04-15 20:08:45,582 - Episodio: 334/800 | Reward:   19.80 | Temp: 0.035 | MA (100 ep):  213.25
2026-04-15 20:08:47,205 - Episodio: 335/800 | Reward:  297.52 | Temp: 0.034 | MA (100 ep):  213.54
2026-04-15 20:08:47,971 - Episodio: 336/800 | Reward:  305.49 | Temp: 0.034 | MA (100 ep):  214.61
2026-04-15 20:08:50,330 - Episodio: 337/800 | Reward:  173.24 | Temp: 0.034 | MA (100 ep):  214.04
2026-04-15 20:08:52,152 - Episodio: 338/800 | Reward:  170.63 | Temp: 0.033 | MA (100 ep):  212.98
2026-04-15 20:08:53,026 - Episodio: 339/800 | Reward:  252.89 | Temp: 0.033 | MA (100 ep):  213.18
2026-04-15 20:08:56,402 - Episodio: 340/800 | Reward:  212.13 | Temp: 0.033 | MA (100 ep):  213.34
2026-04-15 20:08:57,344 - Episodio: 341/800 | Reward:  281.63 | Temp: 0.032 | MA (100 ep):  214.95
2026-04-15 20:08:58,760 - Episodio: 342/800 | Reward:  228.23 | Temp: 0.032 | MA (100 ep):  216.00
2026-04-15 20:09:00,097 - Episodio: 343/800 | Reward:  212.56 | Temp: 0.032 | MA (100 ep):  216.19
2026-04-15 20:09:00,847 - Episodio: 344/800 | Reward:  251.64 | Temp: 0.032 | MA (100 ep):  216.62
2026-04-15 20:09:01,633 - Episodio: 345/800 | Reward:  242.08 | Temp: 0.031 | MA (100 ep):  216.86
2026-04-15 20:09:02,751 - Episodio: 346/800 | Reward:  247.44 | Temp: 0.031 | MA (100 ep):  216.63
2026-04-15 20:09:03,413 - Episodio: 347/800 | Reward:    2.98 | Temp: 0.031 | MA (100 ep):  214.27
2026-04-15 20:09:04,895 - Episodio: 348/800 | Reward:  221.30 | Temp: 0.030 | MA (100 ep):  214.20
2026-04-15 20:09:06,228 - Episodio: 349/800 | Reward:  269.67 | Temp: 0.030 | MA (100 ep):  214.33
2026-04-15 20:09:07,285 - Episodio: 350/800 | Reward:  273.80 | Temp: 0.030 | MA (100 ep):  216.67
2026-04-15 20:09:07,285 - --- Inizio Evaluation run all'Episodio 350 ---
2026-04-15 20:09:13,261 - *** EVALUATION | Epi: 350 | Mean Reward (50 Run):  176.53 ± 151.91 ***
2026-04-15 20:09:13,261 - --- Fine Evaluation ---
2026-04-15 20:09:14,407 - Episodio: 351/800 | Reward:  257.00 | Temp: 0.029 | MA (100 ep):  218.08
2026-04-15 20:09:15,920 - Episodio: 352/800 | Reward:  197.78 | Temp: 0.029 | MA (100 ep):  219.78
2026-04-15 20:09:17,483 - Episodio: 353/800 | Reward:  249.01 | Temp: 0.029 | MA (100 ep):  220.13
2026-04-15 20:09:21,097 - Episodio: 354/800 | Reward:  112.93 | Temp: 0.029 | MA (100 ep):  220.88
2026-04-15 20:09:21,687 - Episodio: 355/800 | Reward:    5.97 | Temp: 0.028 | MA (100 ep):  219.84
2026-04-15 20:09:24,137 - Episodio: 356/800 | Reward:  232.14 | Temp: 0.028 | MA (100 ep):  220.28
2026-04-15 20:09:26,002 - Episodio: 357/800 | Reward:  271.90 | Temp: 0.028 | MA (100 ep):  220.60
2026-04-15 20:09:26,790 - Episodio: 358/800 | Reward:  304.19 | Temp: 0.027 | MA (100 ep):  221.22
2026-04-15 20:09:30,299 - Episodio: 359/800 | Reward:  232.07 | Temp: 0.027 | MA (100 ep):  221.18
2026-04-15 20:09:31,670 - Episodio: 360/800 | Reward:  228.07 | Temp: 0.027 | MA (100 ep):  222.58
2026-04-15 20:09:32,317 - Episodio: 361/800 | Reward:  259.86 | Temp: 0.027 | MA (100 ep):  223.21
2026-04-15 20:09:33,111 - Episodio: 362/800 | Reward:  263.25 | Temp: 0.026 | MA (100 ep):  223.87
2026-04-15 20:09:34,269 - Episodio: 363/800 | Reward:  218.96 | Temp: 0.026 | MA (100 ep):  225.89
2026-04-15 20:09:35,409 - Episodio: 364/800 | Reward:  291.14 | Temp: 0.026 | MA (100 ep):  227.69
2026-04-15 20:09:38,387 - Episodio: 365/800 | Reward:  256.82 | Temp: 0.026 | MA (100 ep):  229.51
2026-04-15 20:09:39,695 - Episodio: 366/800 | Reward:  233.60 | Temp: 0.025 | MA (100 ep):  229.12
2026-04-15 20:09:40,640 - Episodio: 367/800 | Reward:  279.88 | Temp: 0.025 | MA (100 ep):  229.16
2026-04-15 20:09:41,789 - Episodio: 368/800 | Reward:  252.76 | Temp: 0.025 | MA (100 ep):  229.12
2026-04-15 20:09:42,715 - Episodio: 369/800 | Reward:  272.17 | Temp: 0.025 | MA (100 ep):  229.76
2026-04-15 20:09:43,439 - Episodio: 370/800 | Reward:  290.34 | Temp: 0.024 | MA (100 ep):  230.47
2026-04-15 20:09:44,793 - Episodio: 371/800 | Reward:  253.45 | Temp: 0.024 | MA (100 ep):  233.11
2026-04-15 20:09:45,725 - Episodio: 372/800 | Reward:  249.71 | Temp: 0.024 | MA (100 ep):  233.31
2026-04-15 20:09:46,884 - Episodio: 373/800 | Reward:  257.69 | Temp: 0.024 | MA (100 ep):  233.36
2026-04-15 20:09:48,308 - Episodio: 374/800 | Reward:  227.09 | Temp: 0.023 | MA (100 ep):  232.65
2026-04-15 20:09:49,157 - Episodio: 375/800 | Reward:  269.72 | Temp: 0.023 | MA (100 ep):  232.59
2026-04-15 20:09:50,160 - Episodio: 376/800 | Reward:  296.06 | Temp: 0.023 | MA (100 ep):  235.82
2026-04-15 20:09:51,171 - Episodio: 377/800 | Reward:  229.01 | Temp: 0.023 | MA (100 ep):  236.76
2026-04-15 20:09:51,914 - Episodio: 378/800 | Reward:  279.38 | Temp: 0.022 | MA (100 ep):  236.71
2026-04-15 20:09:52,844 - Episodio: 379/800 | Reward:  268.23 | Temp: 0.022 | MA (100 ep):  238.03
2026-04-15 20:09:54,031 - Episodio: 380/800 | Reward:  301.07 | Temp: 0.022 | MA (100 ep):  238.71
2026-04-15 20:09:55,168 - Episodio: 381/800 | Reward:    4.58 | Temp: 0.022 | MA (100 ep):  236.44
2026-04-15 20:09:56,037 - Episodio: 382/800 | Reward:  293.87 | Temp: 0.022 | MA (100 ep):  236.97
2026-04-15 20:09:57,011 - Episodio: 383/800 | Reward:  247.48 | Temp: 0.021 | MA (100 ep):  236.33
2026-04-15 20:09:57,924 - Episodio: 384/800 | Reward:  216.68 | Temp: 0.021 | MA (100 ep):  236.16
2026-04-15 20:09:59,014 - Episodio: 385/800 | Reward:   -8.75 | Temp: 0.021 | MA (100 ep):  233.96
2026-04-15 20:10:01,270 - Episodio: 386/800 | Reward:  246.08 | Temp: 0.021 | MA (100 ep):  234.11
2026-04-15 20:10:02,041 - Episodio: 387/800 | Reward:  253.43 | Temp: 0.020 | MA (100 ep):  234.42
2026-04-15 20:10:02,794 - Episodio: 388/800 | Reward:  262.44 | Temp: 0.020 | MA (100 ep):  234.65
2026-04-15 20:10:06,296 - Episodio: 389/800 | Reward:  122.66 | Temp: 0.020 | MA (100 ep):  233.07
2026-04-15 20:10:07,645 - Episodio: 390/800 | Reward:  237.23 | Temp: 0.020 | MA (100 ep):  232.90
2026-04-15 20:10:08,530 - Episodio: 391/800 | Reward:  305.05 | Temp: 0.020 | MA (100 ep):  233.58
2026-04-15 20:10:09,313 - Episodio: 392/800 | Reward:  275.16 | Temp: 0.019 | MA (100 ep):  233.73
2026-04-15 20:10:10,005 - Episodio: 393/800 | Reward:  275.64 | Temp: 0.019 | MA (100 ep):  233.66
2026-04-15 20:10:11,831 - Episodio: 394/800 | Reward:  236.64 | Temp: 0.019 | MA (100 ep):  233.09
2026-04-15 20:10:12,771 - Episodio: 395/800 | Reward:  295.35 | Temp: 0.019 | MA (100 ep):  233.84
2026-04-15 20:10:13,534 - Episodio: 396/800 | Reward:  250.53 | Temp: 0.019 | MA (100 ep):  233.62
2026-04-15 20:10:14,512 - Episodio: 397/800 | Reward:  266.43 | Temp: 0.019 | MA (100 ep):  233.72
2026-04-15 20:10:15,940 - Episodio: 398/800 | Reward:  235.91 | Temp: 0.018 | MA (100 ep):  233.48
2026-04-15 20:10:16,891 - Episodio: 399/800 | Reward:  297.33 | Temp: 0.018 | MA (100 ep):  234.05
2026-04-15 20:10:18,040 - Episodio: 400/800 | Reward:  302.62 | Temp: 0.018 | MA (100 ep):  234.28
2026-04-15 20:10:18,040 - --- Inizio Evaluation run all'Episodio 400 ---
2026-04-15 20:10:23,796 - *** EVALUATION | Epi: 400 | Mean Reward (50 Run):  220.25 ± 71.76 ***
2026-04-15 20:10:23,796 - --- Fine Evaluation ---
2026-04-15 20:10:24,607 - Episodio: 401/800 | Reward:  255.66 | Temp: 0.018 | MA (100 ep):  234.26
2026-04-15 20:10:25,709 - Episodio: 402/800 | Reward:  254.46 | Temp: 0.018 | MA (100 ep):  233.99
2026-04-15 20:10:26,448 - Episodio: 403/800 | Reward:  277.46 | Temp: 0.017 | MA (100 ep):  234.41
2026-04-15 20:10:27,434 - Episodio: 404/800 | Reward:  201.75 | Temp: 0.017 | MA (100 ep):  233.90
2026-04-15 20:10:28,842 - Episodio: 405/800 | Reward:  -42.02 | Temp: 0.017 | MA (100 ep):  232.32
2026-04-15 20:10:29,850 - Episodio: 406/800 | Reward:  279.92 | Temp: 0.017 | MA (100 ep):  232.07
2026-04-15 20:10:30,876 - Episodio: 407/800 | Reward:  288.45 | Temp: 0.017 | MA (100 ep):  234.78
2026-04-15 20:10:31,255 - Episodio: 408/800 | Reward: -157.47 | Temp: 0.017 | MA (100 ep):  230.50
2026-04-15 20:10:32,054 - Episodio: 409/800 | Reward:  245.90 | Temp: 0.016 | MA (100 ep):  230.77
2026-04-15 20:10:32,778 - Episodio: 410/800 | Reward:  276.71 | Temp: 0.016 | MA (100 ep):  231.90
2026-04-15 20:10:34,214 - Episodio: 411/800 | Reward:  225.21 | Temp: 0.016 | MA (100 ep):  231.54
2026-04-15 20:10:35,066 - Episodio: 412/800 | Reward:  253.61 | Temp: 0.016 | MA (100 ep):  231.47
2026-04-15 20:10:35,883 - Episodio: 413/800 | Reward:  262.71 | Temp: 0.016 | MA (100 ep):  231.52
2026-04-15 20:10:36,741 - Episodio: 414/800 | Reward:  249.40 | Temp: 0.016 | MA (100 ep):  231.42
2026-04-15 20:10:37,436 - Episodio: 415/800 | Reward:  294.32 | Temp: 0.015 | MA (100 ep):  231.75
2026-04-15 20:10:38,355 - Episodio: 416/800 | Reward:   44.37 | Temp: 0.015 | MA (100 ep):  229.42
2026-04-15 20:10:39,718 - Episodio: 417/800 | Reward:  255.21 | Temp: 0.015 | MA (100 ep):  229.47
2026-04-15 20:10:40,483 - Episodio: 418/800 | Reward:  242.15 | Temp: 0.015 | MA (100 ep):  229.73
2026-04-15 20:10:42,214 - Episodio: 419/800 | Reward:  180.71 | Temp: 0.015 | MA (100 ep):  229.06
2026-04-15 20:10:42,894 - Episodio: 420/800 | Reward:  282.75 | Temp: 0.015 | MA (100 ep):  230.41
2026-04-15 20:10:43,882 - Episodio: 421/800 | Reward:  275.49 | Temp: 0.015 | MA (100 ep):  230.31
2026-04-15 20:10:44,477 - Episodio: 422/800 | Reward:  267.57 | Temp: 0.014 | MA (100 ep):  230.52
2026-04-15 20:10:46,016 - Episodio: 423/800 | Reward:  240.58 | Temp: 0.014 | MA (100 ep):  230.52
2026-04-15 20:10:49,645 - Episodio: 424/800 | Reward:  118.49 | Temp: 0.014 | MA (100 ep):  229.21
2026-04-15 20:10:51,196 - Episodio: 425/800 | Reward:  168.25 | Temp: 0.014 | MA (100 ep):  228.99
2026-04-15 20:10:52,794 - Episodio: 426/800 | Reward:  180.69 | Temp: 0.014 | MA (100 ep):  228.42
2026-04-15 20:10:53,746 - Episodio: 427/800 | Reward:  242.25 | Temp: 0.014 | MA (100 ep):  228.35
2026-04-15 20:10:54,541 - Episodio: 428/800 | Reward:    0.11 | Temp: 0.014 | MA (100 ep):  225.60
2026-04-15 20:10:55,506 - Episodio: 429/800 | Reward:  250.56 | Temp: 0.013 | MA (100 ep):  225.13
2026-04-15 20:10:56,650 - Episodio: 430/800 | Reward:  260.56 | Temp: 0.013 | MA (100 ep):  224.98
2026-04-15 20:10:57,372 - Episodio: 431/800 | Reward:  292.25 | Temp: 0.013 | MA (100 ep):  225.38
2026-04-15 20:10:58,412 - Episodio: 432/800 | Reward:  257.32 | Temp: 0.013 | MA (100 ep):  225.79
2026-04-15 20:10:59,187 - Episodio: 433/800 | Reward:  271.87 | Temp: 0.013 | MA (100 ep):  226.18
2026-04-15 20:11:00,136 - Episodio: 434/800 | Reward:  214.26 | Temp: 0.013 | MA (100 ep):  228.12
2026-04-15 20:11:00,888 - Episodio: 435/800 | Reward:  242.20 | Temp: 0.013 | MA (100 ep):  227.57
2026-04-15 20:11:02,858 - Episodio: 436/800 | Reward:  243.23 | Temp: 0.013 | MA (100 ep):  226.95
2026-04-15 20:11:06,452 - Episodio: 437/800 | Reward:   26.49 | Temp: 0.012 | MA (100 ep):  225.48
2026-04-15 20:11:07,150 - Episodio: 438/800 | Reward:  257.65 | Temp: 0.012 | MA (100 ep):  226.35
2026-04-15 20:11:08,017 - Episodio: 439/800 | Reward:  238.62 | Temp: 0.012 | MA (100 ep):  226.21
2026-04-15 20:11:08,918 - Episodio: 440/800 | Reward:  255.02 | Temp: 0.012 | MA (100 ep):  226.64
2026-04-15 20:11:09,892 - Episodio: 441/800 | Reward:  228.13 | Temp: 0.012 | MA (100 ep):  226.10
2026-04-15 20:11:11,912 - Episodio: 442/800 | Reward:  185.68 | Temp: 0.012 | MA (100 ep):  225.68
2026-04-15 20:11:12,834 - Episodio: 443/800 | Reward:  230.85 | Temp: 0.012 | MA (100 ep):  225.86
2026-04-15 20:11:13,610 - Episodio: 444/800 | Reward:  309.30 | Temp: 0.012 | MA (100 ep):  226.44
2026-04-15 20:11:14,356 - Episodio: 445/800 | Reward:  285.33 | Temp: 0.011 | MA (100 ep):  226.87
2026-04-15 20:11:15,160 - Episodio: 446/800 | Reward:  298.21 | Temp: 0.011 | MA (100 ep):  227.38
2026-04-15 20:11:15,410 - Episodio: 447/800 | Reward: -131.56 | Temp: 0.011 | MA (100 ep):  226.03
2026-04-15 20:11:16,469 - Episodio: 448/800 | Reward:  221.07 | Temp: 0.011 | MA (100 ep):  226.03
2026-04-15 20:11:17,355 - Episodio: 449/800 | Reward:  253.64 | Temp: 0.011 | MA (100 ep):  225.87
2026-04-15 20:11:18,046 - Episodio: 450/800 | Reward:  262.77 | Temp: 0.011 | MA (100 ep):  225.76
2026-04-15 20:11:18,046 - --- Inizio Evaluation run all'Episodio 450 ---
2026-04-15 20:11:22,380 - *** EVALUATION | Epi: 450 | Mean Reward (50 Run):  239.77 ± 59.39 ***
2026-04-15 20:11:22,381 - --- Fine Evaluation ---
2026-04-15 20:11:23,802 - Episodio: 451/800 | Reward:  194.92 | Temp: 0.011 | MA (100 ep):  225.14
2026-04-15 20:11:25,062 - Episodio: 452/800 | Reward:  223.91 | Temp: 0.011 | MA (100 ep):  225.40
2026-04-15 20:11:25,913 - Episodio: 453/800 | Reward:  286.41 | Temp: 0.011 | MA (100 ep):  225.77
2026-04-15 20:11:26,692 - Episodio: 454/800 | Reward:  267.07 | Temp: 0.010 | MA (100 ep):  227.31
2026-04-15 20:11:27,427 - Episodio: 455/800 | Reward:  257.35 | Temp: 0.010 | MA (100 ep):  229.83
2026-04-15 20:11:28,413 - Episodio: 456/800 | Reward:  238.37 | Temp: 0.010 | MA (100 ep):  229.89
2026-04-15 20:11:29,250 - Episodio: 457/800 | Reward:  282.52 | Temp: 0.010 | MA (100 ep):  230.00
2026-04-15 20:11:30,465 - Episodio: 458/800 | Reward:  287.07 | Temp: 0.010 | MA (100 ep):  229.82
2026-04-15 20:11:31,225 - Episodio: 459/800 | Reward:  257.26 | Temp: 0.010 | MA (100 ep):  230.08
2026-04-15 20:11:31,888 - Episodio: 460/800 | Reward:   -9.09 | Temp: 0.010 | MA (100 ep):  227.70
2026-04-15 20:11:33,671 - Episodio: 461/800 | Reward:  266.76 | Temp: 0.010 | MA (100 ep):  227.77
2026-04-15 20:11:34,251 - Episodio: 462/800 | Reward:  305.64 | Temp: 0.010 | MA (100 ep):  228.20
2026-04-15 20:11:35,432 - Episodio: 463/800 | Reward:  247.60 | Temp: 0.010 | MA (100 ep):  228.48
2026-04-15 20:11:36,411 - Episodio: 464/800 | Reward:  261.70 | Temp: 0.010 | MA (100 ep):  228.19
2026-04-15 20:11:37,257 - Episodio: 465/800 | Reward:  241.72 | Temp: 0.010 | MA (100 ep):  228.04
2026-04-15 20:11:38,064 - Episodio: 466/800 | Reward:  269.69 | Temp: 0.010 | MA (100 ep):  228.40
2026-04-15 20:11:39,070 - Episodio: 467/800 | Reward:  251.41 | Temp: 0.010 | MA (100 ep):  228.12
2026-04-15 20:11:39,409 - Episodio: 468/800 | Reward:   10.41 | Temp: 0.010 | MA (100 ep):  225.69
2026-04-15 20:11:41,125 - Episodio: 469/800 | Reward:  258.16 | Temp: 0.010 | MA (100 ep):  225.55
2026-04-15 20:11:41,871 - Episodio: 470/800 | Reward:  245.32 | Temp: 0.010 | MA (100 ep):  225.10
2026-04-15 20:11:42,662 - Episodio: 471/800 | Reward:  310.42 | Temp: 0.010 | MA (100 ep):  225.67
2026-04-15 20:11:43,306 - Episodio: 472/800 | Reward:  261.00 | Temp: 0.010 | MA (100 ep):  225.78
2026-04-15 20:11:44,422 - Episodio: 473/800 | Reward: -245.44 | Temp: 0.010 | MA (100 ep):  220.75
2026-04-15 20:11:44,897 - Episodio: 474/800 | Reward:   21.29 | Temp: 0.010 | MA (100 ep):  218.69
2026-04-15 20:11:46,581 - Episodio: 475/800 | Reward:  184.70 | Temp: 0.010 | MA (100 ep):  217.84
2026-04-15 20:11:47,331 - Episodio: 476/800 | Reward:  240.04 | Temp: 0.010 | MA (100 ep):  217.28
2026-04-15 20:11:48,170 - Episodio: 477/800 | Reward:  302.07 | Temp: 0.010 | MA (100 ep):  218.01
2026-04-15 20:11:48,904 - Episodio: 478/800 | Reward:  245.05 | Temp: 0.010 | MA (100 ep):  217.67
2026-04-15 20:11:50,332 - Episodio: 479/800 | Reward:  265.51 | Temp: 0.010 | MA (100 ep):  217.64
2026-04-15 20:11:51,343 - Episodio: 480/800 | Reward:  257.44 | Temp: 0.010 | MA (100 ep):  217.21
2026-04-15 20:11:52,431 - Episodio: 481/800 | Reward:  298.63 | Temp: 0.010 | MA (100 ep):  220.15
2026-04-15 20:11:53,147 - Episodio: 482/800 | Reward:  315.41 | Temp: 0.010 | MA (100 ep):  220.36
2026-04-15 20:11:53,823 - Episodio: 483/800 | Reward:  271.57 | Temp: 0.010 | MA (100 ep):  220.60
2026-04-15 20:11:55,551 - Episodio: 484/800 | Reward:  147.94 | Temp: 0.010 | MA (100 ep):  219.92
2026-04-15 20:11:56,659 - Episodio: 485/800 | Reward:  250.68 | Temp: 0.010 | MA (100 ep):  222.51
2026-04-15 20:11:57,406 - Episodio: 486/800 | Reward:  279.20 | Temp: 0.010 | MA (100 ep):  222.84
2026-04-15 20:11:58,127 - Episodio: 487/800 | Reward:  303.84 | Temp: 0.010 | MA (100 ep):  223.35
2026-04-15 20:12:00,173 - Episodio: 488/800 | Reward:  268.68 | Temp: 0.010 | MA (100 ep):  223.41
2026-04-15 20:12:01,058 - Episodio: 489/800 | Reward:  284.02 | Temp: 0.010 | MA (100 ep):  225.02
2026-04-15 20:12:02,484 - Episodio: 490/800 | Reward: -343.40 | Temp: 0.010 | MA (100 ep):  219.22
2026-04-15 20:12:03,375 - Episodio: 491/800 | Reward:  266.32 | Temp: 0.010 | MA (100 ep):  218.83
2026-04-15 20:12:04,057 - Episodio: 492/800 | Reward:  297.04 | Temp: 0.010 | MA (100 ep):  219.05
2026-04-15 20:12:04,755 - Episodio: 493/800 | Reward:  274.48 | Temp: 0.010 | MA (100 ep):  219.04
2026-04-15 20:12:05,661 - Episodio: 494/800 | Reward:  282.97 | Temp: 0.010 | MA (100 ep):  219.50
2026-04-15 20:12:06,451 - Episodio: 495/800 | Reward:  237.22 | Temp: 0.010 | MA (100 ep):  218.92
2026-04-15 20:12:07,229 - Episodio: 496/800 | Reward:  273.30 | Temp: 0.010 | MA (100 ep):  219.15
2026-04-15 20:12:09,481 - Episodio: 497/800 | Reward:  235.51 | Temp: 0.010 | MA (100 ep):  218.84
2026-04-15 20:12:10,504 - Episodio: 498/800 | Reward:  287.02 | Temp: 0.010 | MA (100 ep):  219.35
2026-04-15 20:12:11,379 - Episodio: 499/800 | Reward:  277.43 | Temp: 0.010 | MA (100 ep):  219.15
2026-04-15 20:12:12,301 - Episodio: 500/800 | Reward:  264.69 | Temp: 0.010 | MA (100 ep):  218.77
2026-04-15 20:12:12,301 - --- Inizio Evaluation run all'Episodio 500 ---
2026-04-15 20:12:16,417 - *** EVALUATION | Epi: 500 | Mean Reward (50 Run):  248.09 ± 67.60 ***
2026-04-15 20:12:16,417 - --- Fine Evaluation ---
2026-04-15 20:12:17,266 - Episodio: 501/800 | Reward:  288.04 | Temp: 0.010 | MA (100 ep):  219.09
2026-04-15 20:12:18,001 - Episodio: 502/800 | Reward:  244.59 | Temp: 0.010 | MA (100 ep):  218.99
2026-04-15 20:12:18,983 - Episodio: 503/800 | Reward:  297.92 | Temp: 0.010 | MA (100 ep):  219.20
2026-04-15 20:12:19,755 - Episodio: 504/800 | Reward:  253.34 | Temp: 0.010 | MA (100 ep):  219.72
2026-04-15 20:12:21,030 - Episodio: 505/800 | Reward:  256.58 | Temp: 0.010 | MA (100 ep):  222.70
2026-04-15 20:12:21,942 - Episodio: 506/800 | Reward:  264.11 | Temp: 0.010 | MA (100 ep):  222.54
2026-04-15 20:12:22,953 - Episodio: 507/800 | Reward:  302.29 | Temp: 0.010 | MA (100 ep):  222.68
2026-04-15 20:12:23,737 - Episodio: 508/800 | Reward:  301.66 | Temp: 0.010 | MA (100 ep):  227.27
2026-04-15 20:12:24,593 - Episodio: 509/800 | Reward:  291.20 | Temp: 0.010 | MA (100 ep):  227.73
2026-04-15 20:12:25,340 - Episodio: 510/800 | Reward:  252.70 | Temp: 0.010 | MA (100 ep):  227.49
2026-04-15 20:12:26,278 - Episodio: 511/800 | Reward:  272.38 | Temp: 0.010 | MA (100 ep):  227.96
2026-04-15 20:12:28,247 - Episodio: 512/800 | Reward:  255.56 | Temp: 0.010 | MA (100 ep):  227.98
2026-04-15 20:12:29,020 - Episodio: 513/800 | Reward:  277.52 | Temp: 0.010 | MA (100 ep):  228.13
2026-04-15 20:12:29,841 - Episodio: 514/800 | Reward:  273.25 | Temp: 0.010 | MA (100 ep):  228.36
2026-04-15 20:12:30,728 - Episodio: 515/800 | Reward:  273.16 | Temp: 0.010 | MA (100 ep):  228.15
2026-04-15 20:12:31,378 - Episodio: 516/800 | Reward:  274.38 | Temp: 0.010 | MA (100 ep):  230.45
2026-04-15 20:12:32,086 - Episodio: 517/800 | Reward:  308.24 | Temp: 0.010 | MA (100 ep):  230.98
2026-04-15 20:12:32,703 - Episodio: 518/800 | Reward:  273.64 | Temp: 0.010 | MA (100 ep):  231.30
2026-04-15 20:12:33,551 - Episodio: 519/800 | Reward:  306.93 | Temp: 0.010 | MA (100 ep):  232.56
2026-04-15 20:12:34,390 - Episodio: 520/800 | Reward:  278.43 | Temp: 0.010 | MA (100 ep):  232.52
2026-04-15 20:12:35,111 - Episodio: 521/800 | Reward:  268.51 | Temp: 0.010 | MA (100 ep):  232.45
2026-04-15 20:12:36,138 - Episodio: 522/800 | Reward:  315.02 | Temp: 0.010 | MA (100 ep):  232.92
2026-04-15 20:12:37,250 - Episodio: 523/800 | Reward:  255.66 | Temp: 0.010 | MA (100 ep):  233.07
2026-04-15 20:12:38,033 - Episodio: 524/800 | Reward:  261.71 | Temp: 0.010 | MA (100 ep):  234.50
2026-04-15 20:12:38,477 - Episodio: 525/800 | Reward:   33.25 | Temp: 0.010 | MA (100 ep):  233.15
2026-04-15 20:12:39,491 - Episodio: 526/800 | Reward:  305.92 | Temp: 0.010 | MA (100 ep):  234.41
2026-04-15 20:12:40,377 - Episodio: 527/800 | Reward:  252.19 | Temp: 0.010 | MA (100 ep):  234.51
2026-04-15 20:12:41,777 - Episodio: 528/800 | Reward:  296.66 | Temp: 0.010 | MA (100 ep):  237.47
2026-04-15 20:12:42,843 - Episodio: 529/800 | Reward:  280.25 | Temp: 0.010 | MA (100 ep):  237.77
2026-04-15 20:12:43,822 - Episodio: 530/800 | Reward:  292.20 | Temp: 0.010 | MA (100 ep):  238.08
2026-04-15 20:12:44,699 - Episodio: 531/800 | Reward:  306.38 | Temp: 0.010 | MA (100 ep):  238.23
2026-04-15 20:12:45,851 - Episodio: 532/800 | Reward:  259.03 | Temp: 0.010 | MA (100 ep):  238.24
2026-04-15 20:12:46,872 - Episodio: 533/800 | Reward:  266.46 | Temp: 0.010 | MA (100 ep):  238.19
2026-04-15 20:12:48,137 - Episodio: 534/800 | Reward:  277.95 | Temp: 0.010 | MA (100 ep):  238.83
2026-04-15 20:12:49,248 - Episodio: 535/800 | Reward:  281.39 | Temp: 0.010 | MA (100 ep):  239.22
2026-04-15 20:12:50,342 - Episodio: 536/800 | Reward:  268.17 | Temp: 0.010 | MA (100 ep):  239.47
2026-04-15 20:12:51,014 - Episodio: 537/800 | Reward:  247.35 | Temp: 0.010 | MA (100 ep):  241.68
2026-04-15 20:12:51,838 - Episodio: 538/800 | Reward:  268.33 | Temp: 0.010 | MA (100 ep):  241.78
2026-04-15 20:12:52,795 - Episodio: 539/800 | Reward:  268.60 | Temp: 0.010 | MA (100 ep):  242.08
2026-04-15 20:12:53,538 - Episodio: 540/800 | Reward:  258.10 | Temp: 0.010 | MA (100 ep):  242.11
2026-04-15 20:12:54,250 - Episodio: 541/800 | Reward:  294.09 | Temp: 0.010 | MA (100 ep):  242.77
2026-04-15 20:12:54,963 - Episodio: 542/800 | Reward:  246.10 | Temp: 0.010 | MA (100 ep):  243.38
2026-04-15 20:12:55,738 - Episodio: 543/800 | Reward:  296.10 | Temp: 0.010 | MA (100 ep):  244.03
2026-04-15 20:12:56,801 - Episodio: 544/800 | Reward:  274.97 | Temp: 0.010 | MA (100 ep):  243.69
2026-04-15 20:12:57,620 - Episodio: 545/800 | Reward:  286.10 | Temp: 0.010 | MA (100 ep):  243.69
2026-04-15 20:12:58,396 - Episodio: 546/800 | Reward:  290.20 | Temp: 0.010 | MA (100 ep):  243.61
2026-04-15 20:12:59,174 - Episodio: 547/800 | Reward:  253.45 | Temp: 0.010 | MA (100 ep):  247.46
2026-04-15 20:13:00,086 - Episodio: 548/800 | Reward:  280.80 | Temp: 0.010 | MA (100 ep):  248.06
2026-04-15 20:13:01,329 - Episodio: 549/800 | Reward:  286.08 | Temp: 0.010 | MA (100 ep):  248.39
2026-04-15 20:13:02,043 - Episodio: 550/800 | Reward:  263.07 | Temp: 0.010 | MA (100 ep):  248.39
2026-04-15 20:13:02,043 - --- Inizio Evaluation run all'Episodio 550 ---
2026-04-15 20:13:06,215 - *** EVALUATION | Epi: 550 | Mean Reward (50 Run):  260.79 ± 40.18 ***
2026-04-15 20:13:06,215 - --- Fine Evaluation ---
2026-04-15 20:13:06,940 - Episodio: 551/800 | Reward:  300.15 | Temp: 0.010 | MA (100 ep):  249.44
2026-04-15 20:13:07,714 - Episodio: 552/800 | Reward:  287.52 | Temp: 0.010 | MA (100 ep):  250.08
2026-04-15 20:13:08,476 - Episodio: 553/800 | Reward:  283.46 | Temp: 0.010 | MA (100 ep):  250.05
2026-04-15 20:13:09,390 - Episodio: 554/800 | Reward:  297.70 | Temp: 0.010 | MA (100 ep):  250.35
2026-04-15 20:13:10,021 - Episodio: 555/800 | Reward:  259.99 | Temp: 0.010 | MA (100 ep):  250.38
2026-04-15 20:13:10,794 - Episodio: 556/800 | Reward:  280.63 | Temp: 0.010 | MA (100 ep):  250.80
2026-04-15 20:13:11,474 - Episodio: 557/800 | Reward:  266.30 | Temp: 0.010 | MA (100 ep):  250.64
2026-04-15 20:13:12,314 - Episodio: 558/800 | Reward:  290.41 | Temp: 0.010 | MA (100 ep):  250.67
2026-04-15 20:13:13,018 - Episodio: 559/800 | Reward:  250.77 | Temp: 0.010 | MA (100 ep):  250.61
2026-04-15 20:13:14,694 - Episodio: 560/800 | Reward:  229.14 | Temp: 0.010 | MA (100 ep):  252.99
2026-04-15 20:13:16,742 - Episodio: 561/800 | Reward:  255.60 | Temp: 0.010 | MA (100 ep):  252.88
2026-04-15 20:13:17,475 - Episodio: 562/800 | Reward:  256.12 | Temp: 0.010 | MA (100 ep):  252.38
2026-04-15 20:13:18,203 - Episodio: 563/800 | Reward:  269.86 | Temp: 0.010 | MA (100 ep):  252.61
2026-04-15 20:13:19,016 - Episodio: 564/800 | Reward:  271.79 | Temp: 0.010 | MA (100 ep):  252.71
2026-04-15 20:13:19,756 - Episodio: 565/800 | Reward:  259.00 | Temp: 0.010 | MA (100 ep):  252.88
2026-04-15 20:13:20,485 - Episodio: 566/800 | Reward:  237.47 | Temp: 0.010 | MA (100 ep):  252.56
2026-04-15 20:13:21,290 - Episodio: 567/800 | Reward:  235.75 | Temp: 0.010 | MA (100 ep):  252.40
2026-04-15 20:13:21,974 - Episodio: 568/800 | Reward:  232.04 | Temp: 0.010 | MA (100 ep):  254.62
2026-04-15 20:13:22,798 - Episodio: 569/800 | Reward:  285.40 | Temp: 0.010 | MA (100 ep):  254.89
2026-04-15 20:13:23,621 - Episodio: 570/800 | Reward:  280.28 | Temp: 0.010 | MA (100 ep):  255.24
2026-04-15 20:13:24,411 - Episodio: 571/800 | Reward:  276.43 | Temp: 0.010 | MA (100 ep):  254.90
2026-04-15 20:13:25,212 - Episodio: 572/800 | Reward:  263.75 | Temp: 0.010 | MA (100 ep):  254.93
2026-04-15 20:13:25,770 - Episodio: 573/800 | Reward:   88.20 | Temp: 0.010 | MA (100 ep):  258.26
2026-04-15 20:13:26,974 - Episodio: 574/800 | Reward:  282.86 | Temp: 0.010 | MA (100 ep):  260.88
2026-04-15 20:13:27,717 - Episodio: 575/800 | Reward:  254.45 | Temp: 0.010 | MA (100 ep):  261.58
2026-04-15 20:13:28,299 - Episodio: 576/800 | Reward:  299.33 | Temp: 0.010 | MA (100 ep):  262.17
2026-04-15 20:13:29,023 - Episodio: 577/800 | Reward:  280.44 | Temp: 0.010 | MA (100 ep):  261.95
2026-04-15 20:13:29,858 - Episodio: 578/800 | Reward:  270.47 | Temp: 0.010 | MA (100 ep):  262.21
2026-04-15 20:13:30,597 - Episodio: 579/800 | Reward:  312.05 | Temp: 0.010 | MA (100 ep):  262.67
2026-04-15 20:13:31,447 - Episodio: 580/800 | Reward:  254.04 | Temp: 0.010 | MA (100 ep):  262.64
2026-04-15 20:13:32,222 - Episodio: 581/800 | Reward:  288.94 | Temp: 0.010 | MA (100 ep):  262.54
2026-04-15 20:13:33,079 - Episodio: 582/800 | Reward:  255.40 | Temp: 0.010 | MA (100 ep):  261.94
2026-04-15 20:13:33,753 - Episodio: 583/800 | Reward:  274.65 | Temp: 0.010 | MA (100 ep):  261.97
2026-04-15 20:13:34,665 - Episodio: 584/800 | Reward:  262.26 | Temp: 0.010 | MA (100 ep):  263.12
2026-04-15 20:13:36,177 - Episodio: 585/800 | Reward:  261.09 | Temp: 0.010 | MA (100 ep):  263.22
2026-04-15 20:13:37,182 - Episodio: 586/800 | Reward:  319.70 | Temp: 0.010 | MA (100 ep):  263.63
2026-04-15 20:13:38,085 - Episodio: 587/800 | Reward:  285.66 | Temp: 0.010 | MA (100 ep):  263.44
2026-04-15 20:13:38,819 - Episodio: 588/800 | Reward:  296.95 | Temp: 0.010 | MA (100 ep):  263.73
2026-04-15 20:13:39,613 - Episodio: 589/800 | Reward:  262.72 | Temp: 0.010 | MA (100 ep):  263.51
2026-04-15 20:13:40,559 - Episodio: 590/800 | Reward:  286.64 | Temp: 0.010 | MA (100 ep):  269.81
2026-04-15 20:13:41,222 - Episodio: 591/800 | Reward:  252.01 | Temp: 0.010 | MA (100 ep):  269.67
2026-04-15 20:13:41,995 - Episodio: 592/800 | Reward:  258.90 | Temp: 0.010 | MA (100 ep):  269.29
2026-04-15 20:13:42,784 - Episodio: 593/800 | Reward:  294.81 | Temp: 0.010 | MA (100 ep):  269.49
2026-04-15 20:13:43,611 - Episodio: 594/800 | Reward:  292.69 | Temp: 0.010 | MA (100 ep):  269.59
2026-04-15 20:13:44,392 - Episodio: 595/800 | Reward:  278.32 | Temp: 0.010 | MA (100 ep):  270.00
2026-04-15 20:13:45,229 - Episodio: 596/800 | Reward:  269.62 | Temp: 0.010 | MA (100 ep):  269.96
2026-04-15 20:13:45,941 - Episodio: 597/800 | Reward:  302.03 | Temp: 0.010 | MA (100 ep):  270.63
2026-04-15 20:13:46,780 - Episodio: 598/800 | Reward:  301.10 | Temp: 0.010 | MA (100 ep):  270.77
2026-04-15 20:13:47,734 - Episodio: 599/800 | Reward:  284.96 | Temp: 0.010 | MA (100 ep):  270.85
2026-04-15 20:13:48,637 - Episodio: 600/800 | Reward:  291.41 | Temp: 0.010 | MA (100 ep):  271.11
2026-04-15 20:13:48,637 - --- Inizio Evaluation run all'Episodio 600 ---
2026-04-15 20:13:52,427 - *** EVALUATION | Epi: 600 | Mean Reward (50 Run):  255.86 ± 72.26 ***
2026-04-15 20:13:52,427 - --- Fine Evaluation ---
2026-04-15 20:13:53,152 - Episodio: 601/800 | Reward:  255.37 | Temp: 0.010 | MA (100 ep):  270.79
2026-04-15 20:13:53,893 - Episodio: 602/800 | Reward:  261.92 | Temp: 0.010 | MA (100 ep):  270.96
2026-04-15 20:13:54,745 - Episodio: 603/800 | Reward:  303.08 | Temp: 0.010 | MA (100 ep):  271.01
2026-04-15 20:13:55,483 - Episodio: 604/800 | Reward:  287.76 | Temp: 0.010 | MA (100 ep):  271.36
2026-04-15 20:13:56,274 - Episodio: 605/800 | Reward:  284.56 | Temp: 0.010 | MA (100 ep):  271.63
2026-04-15 20:13:57,000 - Episodio: 606/800 | Reward:  289.36 | Temp: 0.010 | MA (100 ep):  271.89
2026-04-15 20:13:57,840 - Episodio: 607/800 | Reward:  235.95 | Temp: 0.010 | MA (100 ep):  271.22
2026-04-15 20:14:00,114 - Episodio: 608/800 | Reward:  245.90 | Temp: 0.010 | MA (100 ep):  270.67
2026-04-15 20:14:00,849 - Episodio: 609/800 | Reward:  271.61 | Temp: 0.010 | MA (100 ep):  270.47
2026-04-15 20:14:01,541 - Episodio: 610/800 | Reward:  291.44 | Temp: 0.010 | MA (100 ep):  270.86
2026-04-15 20:14:04,658 - Episodio: 611/800 | Reward:  241.31 | Temp: 0.010 | MA (100 ep):  270.55
2026-04-15 20:14:05,585 - Episodio: 612/800 | Reward:  247.35 | Temp: 0.010 | MA (100 ep):  270.47
2026-04-15 20:14:06,236 - Episodio: 613/800 | Reward:  245.78 | Temp: 0.010 | MA (100 ep):  270.15
2026-04-15 20:14:07,087 - Episodio: 614/800 | Reward:  276.63 | Temp: 0.010 | MA (100 ep):  270.18
2026-04-15 20:14:07,718 - Episodio: 615/800 | Reward:  241.18 | Temp: 0.010 | MA (100 ep):  269.86
2026-04-15 20:14:08,447 - Episodio: 616/800 | Reward:  289.30 | Temp: 0.010 | MA (100 ep):  270.01
2026-04-15 20:14:09,344 - Episodio: 617/800 | Reward:  278.28 | Temp: 0.010 | MA (100 ep):  269.71
2026-04-15 20:14:10,282 - Episodio: 618/800 | Reward:  284.03 | Temp: 0.010 | MA (100 ep):  269.82
2026-04-15 20:14:11,111 - Episodio: 619/800 | Reward:  249.91 | Temp: 0.010 | MA (100 ep):  269.25
2026-04-15 20:14:11,981 - Episodio: 620/800 | Reward:  285.59 | Temp: 0.010 | MA (100 ep):  269.32
2026-04-15 20:14:12,702 - Episodio: 621/800 | Reward:  251.08 | Temp: 0.010 | MA (100 ep):  269.14
2026-04-15 20:14:13,084 - Episodio: 622/800 | Reward:  -40.97 | Temp: 0.010 | MA (100 ep):  265.58
2026-04-15 20:14:15,967 - Episodio: 623/800 | Reward:  249.53 | Temp: 0.010 | MA (100 ep):  265.52
2026-04-15 20:14:16,978 - Episodio: 624/800 | Reward:  265.01 | Temp: 0.010 | MA (100 ep):  265.55
2026-04-15 20:14:17,829 - Episodio: 625/800 | Reward:  276.85 | Temp: 0.010 | MA (100 ep):  267.99
2026-04-15 20:14:18,498 - Episodio: 626/800 | Reward:  277.58 | Temp: 0.010 | MA (100 ep):  267.71
2026-04-15 20:14:19,344 - Episodio: 627/800 | Reward:  250.10 | Temp: 0.010 | MA (100 ep):  267.69
2026-04-15 20:14:20,195 - Episodio: 628/800 | Reward:  313.25 | Temp: 0.010 | MA (100 ep):  267.85
2026-04-15 20:14:20,905 - Episodio: 629/800 | Reward:  243.99 | Temp: 0.010 | MA (100 ep):  267.49
2026-04-15 20:14:21,756 - Episodio: 630/800 | Reward:  283.20 | Temp: 0.010 | MA (100 ep):  267.40
2026-04-15 20:14:22,641 - Episodio: 631/800 | Reward:  280.85 | Temp: 0.010 | MA (100 ep):  267.14
2026-04-15 20:14:23,407 - Episodio: 632/800 | Reward:  247.45 | Temp: 0.010 | MA (100 ep):  267.03
2026-04-15 20:14:24,153 - Episodio: 633/800 | Reward:  251.14 | Temp: 0.010 | MA (100 ep):  266.87
2026-04-15 20:14:24,999 - Episodio: 634/800 | Reward:  272.59 | Temp: 0.010 | MA (100 ep):  266.82
2026-04-15 20:14:25,806 - Episodio: 635/800 | Reward:  286.29 | Temp: 0.010 | MA (100 ep):  266.87
2026-04-15 20:14:26,597 - Episodio: 636/800 | Reward:  295.30 | Temp: 0.010 | MA (100 ep):  267.14
2026-04-15 20:14:27,290 - Episodio: 637/800 | Reward:  270.89 | Temp: 0.010 | MA (100 ep):  267.38
2026-04-15 20:14:28,003 - Episodio: 638/800 | Reward:  292.36 | Temp: 0.010 | MA (100 ep):  267.62
2026-04-15 20:14:28,754 - Episodio: 639/800 | Reward:  249.52 | Temp: 0.010 | MA (100 ep):  267.43
2026-04-15 20:14:29,445 - Episodio: 640/800 | Reward:  241.50 | Temp: 0.010 | MA (100 ep):  267.26
2026-04-15 20:14:30,166 - Episodio: 641/800 | Reward:  250.58 | Temp: 0.010 | MA (100 ep):  266.83
2026-04-15 20:14:31,037 - Episodio: 642/800 | Reward:  283.50 | Temp: 0.010 | MA (100 ep):  267.20
2026-04-15 20:14:31,806 - Episodio: 643/800 | Reward:  252.71 | Temp: 0.010 | MA (100 ep):  266.77
2026-04-15 20:14:32,599 - Episodio: 644/800 | Reward:  281.09 | Temp: 0.010 | MA (100 ep):  266.83
2026-04-15 20:14:33,365 - Episodio: 645/800 | Reward:  250.86 | Temp: 0.010 | MA (100 ep):  266.47
2026-04-15 20:14:34,135 - Episodio: 646/800 | Reward:  248.22 | Temp: 0.010 | MA (100 ep):  266.05
2026-04-15 20:14:34,955 - Episodio: 647/800 | Reward:  264.18 | Temp: 0.010 | MA (100 ep):  266.16
2026-04-15 20:14:35,808 - Episodio: 648/800 | Reward:  286.11 | Temp: 0.010 | MA (100 ep):  266.21
2026-04-15 20:14:36,153 - Episodio: 649/800 | Reward:  -17.94 | Temp: 0.010 | MA (100 ep):  263.17
2026-04-15 20:14:38,109 - Episodio: 650/800 | Reward:  242.88 | Temp: 0.010 | MA (100 ep):  262.97
2026-04-15 20:14:38,109 - --- Inizio Evaluation run all'Episodio 650 ---
2026-04-15 20:14:41,698 - *** EVALUATION | Epi: 650 | Mean Reward (50 Run):  210.27 ± 109.83 ***
2026-04-15 20:14:41,698 - --- Fine Evaluation ---
2026-04-15 20:14:42,350 - Episodio: 651/800 | Reward:  259.21 | Temp: 0.010 | MA (100 ep):  262.56
2026-04-15 20:14:43,040 - Episodio: 652/800 | Reward:  307.51 | Temp: 0.010 | MA (100 ep):  262.76
2026-04-15 20:14:44,110 - Episodio: 653/800 | Reward:  254.69 | Temp: 0.010 | MA (100 ep):  262.48
2026-04-15 20:14:44,930 - Episodio: 654/800 | Reward:  293.07 | Temp: 0.010 | MA (100 ep):  262.43
2026-04-15 20:14:45,734 - Episodio: 655/800 | Reward:  273.62 | Temp: 0.010 | MA (100 ep):  262.57
2026-04-15 20:14:47,609 - Episodio: 656/800 | Reward:  252.71 | Temp: 0.010 | MA (100 ep):  262.29
2026-04-15 20:14:48,792 - Episodio: 657/800 | Reward:  252.44 | Temp: 0.010 | MA (100 ep):  262.15
2026-04-15 20:14:49,625 - Episodio: 658/800 | Reward:  263.93 | Temp: 0.010 | MA (100 ep):  261.88
2026-04-15 20:14:51,014 - Episodio: 659/800 | Reward:  234.08 | Temp: 0.010 | MA (100 ep):  261.72
2026-04-15 20:14:51,785 - Episodio: 660/800 | Reward:  277.80 | Temp: 0.010 | MA (100 ep):  262.20
2026-04-15 20:14:52,686 - Episodio: 661/800 | Reward:  254.21 | Temp: 0.010 | MA (100 ep):  262.19
2026-04-15 20:14:53,382 - Episodio: 662/800 | Reward:  241.35 | Temp: 0.010 | MA (100 ep):  262.04
2026-04-15 20:14:54,155 - Episodio: 663/800 | Reward:  299.22 | Temp: 0.010 | MA (100 ep):  262.33
2026-04-15 20:14:54,810 - Episodio: 664/800 | Reward:  265.76 | Temp: 0.010 | MA (100 ep):  262.27
2026-04-15 20:14:55,536 - Episodio: 665/800 | Reward:  295.72 | Temp: 0.010 | MA (100 ep):  262.64
2026-04-15 20:14:56,351 - Episodio: 666/800 | Reward:  274.56 | Temp: 0.010 | MA (100 ep):  263.01
2026-04-15 20:14:57,104 - Episodio: 667/800 | Reward:  265.79 | Temp: 0.010 | MA (100 ep):  263.31
2026-04-15 20:14:59,153 - Episodio: 668/800 | Reward:  195.88 | Temp: 0.010 | MA (100 ep):  262.95
2026-04-15 20:14:59,896 - Episodio: 669/800 | Reward:  281.44 | Temp: 0.010 | MA (100 ep):  262.91
2026-04-15 20:15:01,365 - Episodio: 670/800 | Reward:  268.23 | Temp: 0.010 | MA (100 ep):  262.79
2026-04-15 20:15:02,013 - Episodio: 671/800 | Reward:  281.00 | Temp: 0.010 | MA (100 ep):  262.84
2026-04-15 20:15:02,789 - Episodio: 672/800 | Reward:  269.86 | Temp: 0.010 | MA (100 ep):  262.90
2026-04-15 20:15:03,562 - Episodio: 673/800 | Reward:  250.39 | Temp: 0.010 | MA (100 ep):  264.52
2026-04-15 20:15:05,329 - Episodio: 674/800 | Reward:  270.98 | Temp: 0.010 | MA (100 ep):  264.40
2026-04-15 20:15:06,045 - Episodio: 675/800 | Reward:  264.65 | Temp: 0.010 | MA (100 ep):  264.50
2026-04-15 20:15:06,908 - Episodio: 676/800 | Reward:  290.10 | Temp: 0.010 | MA (100 ep):  264.41
2026-04-15 20:15:07,793 - Episodio: 677/800 | Reward:  280.73 | Temp: 0.010 | MA (100 ep):  264.41
2026-04-15 20:15:08,547 - Episodio: 678/800 | Reward:  257.04 | Temp: 0.010 | MA (100 ep):  264.28
2026-04-15 20:15:10,345 - Episodio: 679/800 | Reward:  251.65 | Temp: 0.010 | MA (100 ep):  263.68
2026-04-15 20:15:11,477 - Episodio: 680/800 | Reward:  275.04 | Temp: 0.010 | MA (100 ep):  263.89
2026-04-15 20:15:12,247 - Episodio: 681/800 | Reward:  251.14 | Temp: 0.010 | MA (100 ep):  263.51
2026-04-15 20:15:12,962 - Episodio: 682/800 | Reward:  244.84 | Temp: 0.010 | MA (100 ep):  263.40
2026-04-15 20:15:16,662 - Episodio: 683/800 | Reward:  130.93 | Temp: 0.010 | MA (100 ep):  261.96
2026-04-15 20:15:17,636 - Episodio: 684/800 | Reward:  268.45 | Temp: 0.010 | MA (100 ep):  262.03
2026-04-15 20:15:18,288 - Episodio: 685/800 | Reward:  267.02 | Temp: 0.010 | MA (100 ep):  262.09
2026-04-15 20:15:21,791 - Episodio: 686/800 | Reward:  116.03 | Temp: 0.010 | MA (100 ep):  260.05
2026-04-15 20:15:23,989 - Episodio: 687/800 | Reward:  227.82 | Temp: 0.010 | MA (100 ep):  259.47
2026-04-15 20:15:24,617 - Episodio: 688/800 | Reward:  239.78 | Temp: 0.010 | MA (100 ep):  258.90
2026-04-15 20:15:25,590 - Episodio: 689/800 | Reward:  241.78 | Temp: 0.010 | MA (100 ep):  258.69
2026-04-15 20:15:26,391 - Episodio: 690/800 | Reward:  275.66 | Temp: 0.010 | MA (100 ep):  258.58
2026-04-15 20:15:29,919 - Episodio: 691/800 | Reward:  165.50 | Temp: 0.010 | MA (100 ep):  257.71
2026-04-15 20:15:30,717 - Episodio: 692/800 | Reward:  255.51 | Temp: 0.010 | MA (100 ep):  257.68
2026-04-15 20:15:32,170 - Episodio: 693/800 | Reward:  258.38 | Temp: 0.010 | MA (100 ep):  257.32
2026-04-15 20:15:32,904 - Episodio: 694/800 | Reward:  279.02 | Temp: 0.010 | MA (100 ep):  257.18
2026-04-15 20:15:33,580 - Episodio: 695/800 | Reward:  281.13 | Temp: 0.010 | MA (100 ep):  257.21
2026-04-15 20:15:36,728 - Episodio: 696/800 | Reward:  272.77 | Temp: 0.010 | MA (100 ep):  257.24
2026-04-15 20:15:37,700 - Episodio: 697/800 | Reward:  295.72 | Temp: 0.010 | MA (100 ep):  257.18
2026-04-15 20:15:38,439 - Episodio: 698/800 | Reward:  289.77 | Temp: 0.010 | MA (100 ep):  257.06
2026-04-15 20:15:39,307 - Episodio: 699/800 | Reward:  269.57 | Temp: 0.010 | MA (100 ep):  256.91
2026-04-15 20:15:41,738 - Episodio: 700/800 | Reward:  229.14 | Temp: 0.010 | MA (100 ep):  256.29
2026-04-15 20:15:41,738 - --- Inizio Evaluation run all'Episodio 700 ---
2026-04-15 20:15:44,675 - *** EVALUATION | Epi: 700 | Mean Reward (50 Run):  236.50 ± 90.44 ***
2026-04-15 20:15:44,675 - --- Fine Evaluation ---
2026-04-15 20:15:45,273 - Episodio: 701/800 | Reward:  266.26 | Temp: 0.010 | MA (100 ep):  256.40
2026-04-15 20:15:46,038 - Episodio: 702/800 | Reward:  288.19 | Temp: 0.010 | MA (100 ep):  256.66
2026-04-15 20:15:46,964 - Episodio: 703/800 | Reward:  302.68 | Temp: 0.010 | MA (100 ep):  256.65
2026-04-15 20:15:47,667 - Episodio: 704/800 | Reward:  252.42 | Temp: 0.010 | MA (100 ep):  256.30
2026-04-15 20:15:48,413 - Episodio: 705/800 | Reward:  280.90 | Temp: 0.010 | MA (100 ep):  256.26
2026-04-15 20:15:49,180 - Episodio: 706/800 | Reward:  294.55 | Temp: 0.010 | MA (100 ep):  256.32
2026-04-15 20:15:49,925 - Episodio: 707/800 | Reward:  257.28 | Temp: 0.010 | MA (100 ep):  256.53
2026-04-15 20:15:50,719 - Episodio: 708/800 | Reward:  282.69 | Temp: 0.010 | MA (100 ep):  256.90
2026-04-15 20:15:51,469 - Episodio: 709/800 | Reward:  274.17 | Temp: 0.010 | MA (100 ep):  256.92
2026-04-15 20:15:52,332 - Episodio: 710/800 | Reward:  257.15 | Temp: 0.010 | MA (100 ep):  256.58
2026-04-15 20:15:53,105 - Episodio: 711/800 | Reward:  266.59 | Temp: 0.010 | MA (100 ep):  256.83
2026-04-15 20:15:53,766 - Episodio: 712/800 | Reward:  242.66 | Temp: 0.010 | MA (100 ep):  256.79
2026-04-15 20:15:54,218 - Episodio: 713/800 | Reward:  -12.83 | Temp: 0.010 | MA (100 ep):  254.20
2026-04-15 20:15:55,074 - Episodio: 714/800 | Reward:  295.79 | Temp: 0.010 | MA (100 ep):  254.39
2026-04-15 20:15:55,763 - Episodio: 715/800 | Reward:  283.66 | Temp: 0.010 | MA (100 ep):  254.82
2026-04-15 20:15:57,764 - Episodio: 716/800 | Reward:  242.91 | Temp: 0.010 | MA (100 ep):  254.35
2026-04-15 20:15:58,413 - Episodio: 717/800 | Reward:  272.50 | Temp: 0.010 | MA (100 ep):  254.29
2026-04-15 20:15:59,043 - Episodio: 718/800 | Reward:  291.34 | Temp: 0.010 | MA (100 ep):  254.37
2026-04-15 20:15:59,784 - Episodio: 719/800 | Reward:  266.93 | Temp: 0.010 | MA (100 ep):  254.54
2026-04-15 20:16:00,598 - Episodio: 720/800 | Reward:  282.63 | Temp: 0.010 | MA (100 ep):  254.51
2026-04-15 20:16:01,330 - Episodio: 721/800 | Reward:  287.13 | Temp: 0.010 | MA (100 ep):  254.87
2026-04-15 20:16:02,042 - Episodio: 722/800 | Reward:  300.81 | Temp: 0.010 | MA (100 ep):  258.29
2026-04-15 20:16:02,735 - Episodio: 723/800 | Reward:  258.42 | Temp: 0.010 | MA (100 ep):  258.38
2026-04-15 20:16:03,293 - Episodio: 724/800 | Reward:  276.16 | Temp: 0.010 | MA (100 ep):  258.49
2026-04-15 20:16:06,239 - Episodio: 725/800 | Reward:  264.90 | Temp: 0.010 | MA (100 ep):  258.37
2026-04-15 20:16:09,160 - Episodio: 726/800 | Reward:  258.72 | Temp: 0.010 | MA (100 ep):  258.18
2026-04-15 20:16:09,979 - Episodio: 727/800 | Reward:  281.31 | Temp: 0.010 | MA (100 ep):  258.49
2026-04-15 20:16:12,586 - Episodio: 728/800 | Reward:  246.53 | Temp: 0.010 | MA (100 ep):  257.82
2026-04-15 20:16:13,222 - Episodio: 729/800 | Reward:  254.16 | Temp: 0.010 | MA (100 ep):  257.93
2026-04-15 20:16:13,883 - Episodio: 730/800 | Reward:  289.61 | Temp: 0.010 | MA (100 ep):  257.99
2026-04-15 20:16:15,100 - Episodio: 731/800 | Reward:  269.66 | Temp: 0.010 | MA (100 ep):  257.88
2026-04-15 20:16:17,087 - Episodio: 732/800 | Reward:  251.83 | Temp: 0.010 | MA (100 ep):  257.92
2026-04-15 20:16:17,776 - Episodio: 733/800 | Reward:  246.29 | Temp: 0.010 | MA (100 ep):  257.87
2026-04-15 20:16:18,420 - Episodio: 734/800 | Reward:  291.23 | Temp: 0.010 | MA (100 ep):  258.06
2026-04-15 20:16:19,081 - Episodio: 735/800 | Reward:  291.93 | Temp: 0.010 | MA (100 ep):  258.12
2026-04-15 20:16:19,781 - Episodio: 736/800 | Reward:  275.00 | Temp: 0.010 | MA (100 ep):  257.91
2026-04-15 20:16:20,489 - Episodio: 737/800 | Reward:  274.55 | Temp: 0.010 | MA (100 ep):  257.95
2026-04-15 20:16:21,107 - Episodio: 738/800 | Reward:  293.18 | Temp: 0.010 | MA (100 ep):  257.96
2026-04-15 20:16:21,699 - Episodio: 739/800 | Reward:  251.83 | Temp: 0.010 | MA (100 ep):  257.98
2026-04-15 20:16:22,015 - Episodio: 740/800 | Reward:  -12.57 | Temp: 0.010 | MA (100 ep):  255.44
2026-04-15 20:16:22,616 - Episodio: 741/800 | Reward:  298.02 | Temp: 0.010 | MA (100 ep):  255.91
2026-04-15 20:16:23,352 - Episodio: 742/800 | Reward:  270.80 | Temp: 0.010 | MA (100 ep):  255.79
2026-04-15 20:16:24,425 - Episodio: 743/800 | Reward:  319.55 | Temp: 0.010 | MA (100 ep):  256.46
2026-04-15 20:16:25,025 - Episodio: 744/800 | Reward:  285.10 | Temp: 0.010 | MA (100 ep):  256.50
2026-04-15 20:16:25,776 - Episodio: 745/800 | Reward:  273.47 | Temp: 0.010 | MA (100 ep):  256.72
2026-04-15 20:16:28,462 - Episodio: 746/800 | Reward:  265.18 | Temp: 0.010 | MA (100 ep):  256.89
2026-04-15 20:16:28,793 - Episodio: 747/800 | Reward:    3.29 | Temp: 0.010 | MA (100 ep):  254.28
2026-04-15 20:16:29,449 - Episodio: 748/800 | Reward:  263.42 | Temp: 0.010 | MA (100 ep):  254.06
2026-04-15 20:16:30,272 - Episodio: 749/800 | Reward:  288.45 | Temp: 0.010 | MA (100 ep):  257.12
2026-04-15 20:16:30,827 - Episodio: 750/800 | Reward:  289.13 | Temp: 0.010 | MA (100 ep):  257.58
2026-04-15 20:16:30,827 - --- Inizio Evaluation run all'Episodio 750 ---
2026-04-15 20:16:34,585 - *** EVALUATION | Epi: 750 | Mean Reward (50 Run):  232.11 ± 76.65 ***
2026-04-15 20:16:34,585 - --- Fine Evaluation ---
2026-04-15 20:16:35,387 - Episodio: 751/800 | Reward:  303.56 | Temp: 0.010 | MA (100 ep):  258.03
2026-04-15 20:16:36,089 - Episodio: 752/800 | Reward:  243.84 | Temp: 0.010 | MA (100 ep):  257.39
2026-04-15 20:16:36,730 - Episodio: 753/800 | Reward:  293.27 | Temp: 0.010 | MA (100 ep):  257.77
2026-04-15 20:16:37,447 - Episodio: 754/800 | Reward:  276.43 | Temp: 0.010 | MA (100 ep):  257.61
2026-04-15 20:16:38,695 - Episodio: 755/800 | Reward:  279.23 | Temp: 0.010 | MA (100 ep):  257.66
2026-04-15 20:16:39,870 - Episodio: 756/800 | Reward:  268.37 | Temp: 0.010 | MA (100 ep):  257.82
2026-04-15 20:16:40,519 - Episodio: 757/800 | Reward:  254.58 | Temp: 0.010 | MA (100 ep):  257.84
2026-04-15 20:16:41,320 - Episodio: 758/800 | Reward:  255.55 | Temp: 0.010 | MA (100 ep):  257.76
2026-04-15 20:16:42,125 - Episodio: 759/800 | Reward:  297.03 | Temp: 0.010 | MA (100 ep):  258.39
2026-04-15 20:16:42,827 - Episodio: 760/800 | Reward:  265.70 | Temp: 0.010 | MA (100 ep):  258.27
2026-04-15 20:16:44,187 - Episodio: 761/800 | Reward:  257.65 | Temp: 0.010 | MA (100 ep):  258.30
2026-04-15 20:16:45,065 - Episodio: 762/800 | Reward:  253.05 | Temp: 0.010 | MA (100 ep):  258.42
2026-04-15 20:16:45,988 - Episodio: 763/800 | Reward:  302.26 | Temp: 0.010 | MA (100 ep):  258.45
2026-04-15 20:16:47,469 - Episodio: 764/800 | Reward:  271.03 | Temp: 0.010 | MA (100 ep):  258.50
2026-04-15 20:16:48,237 - Episodio: 765/800 | Reward:  277.78 | Temp: 0.010 | MA (100 ep):  258.32
2026-04-15 20:16:49,181 - Episodio: 766/800 | Reward:  269.49 | Temp: 0.010 | MA (100 ep):  258.27
2026-04-15 20:16:49,864 - Episodio: 767/800 | Reward:  279.86 | Temp: 0.010 | MA (100 ep):  258.41
2026-04-15 20:16:50,470 - Episodio: 768/800 | Reward:  281.72 | Temp: 0.010 | MA (100 ep):  259.27
2026-04-15 20:16:51,484 - Episodio: 769/800 | Reward:  298.03 | Temp: 0.010 | MA (100 ep):  259.44
2026-04-15 20:16:52,271 - Episodio: 770/800 | Reward:  256.70 | Temp: 0.010 | MA (100 ep):  259.32
2026-04-15 20:16:53,096 - Episodio: 771/800 | Reward:  303.07 | Temp: 0.010 | MA (100 ep):  259.54
2026-04-15 20:16:53,707 - Episodio: 772/800 | Reward:  262.50 | Temp: 0.010 | MA (100 ep):  259.47
2026-04-15 20:16:54,274 - Episodio: 773/800 | Reward:  254.77 | Temp: 0.010 | MA (100 ep):  259.51
2026-04-15 20:16:55,111 - Episodio: 774/800 | Reward:  276.85 | Temp: 0.010 | MA (100 ep):  259.57
2026-04-15 20:16:56,075 - Episodio: 775/800 | Reward:  304.83 | Temp: 0.010 | MA (100 ep):  259.97
2026-04-15 20:16:56,740 - Episodio: 776/800 | Reward:  273.81 | Temp: 0.010 | MA (100 ep):  259.81
2026-04-15 20:16:57,434 - Episodio: 777/800 | Reward:  263.48 | Temp: 0.010 | MA (100 ep):  259.64
2026-04-15 20:17:00,548 - Episodio: 778/800 | Reward:  287.77 | Temp: 0.010 | MA (100 ep):  259.94
2026-04-15 20:17:01,192 - Episodio: 779/800 | Reward:  253.60 | Temp: 0.010 | MA (100 ep):  259.96
2026-04-15 20:17:01,973 - Episodio: 780/800 | Reward:  283.36 | Temp: 0.010 | MA (100 ep):  260.05
2026-04-15 20:17:02,596 - Episodio: 781/800 | Reward:  262.22 | Temp: 0.010 | MA (100 ep):  260.16
2026-04-15 20:17:03,320 - Episodio: 782/800 | Reward:  268.68 | Temp: 0.010 | MA (100 ep):  260.40
2026-04-15 20:17:04,444 - Episodio: 783/800 | Reward:  286.68 | Temp: 0.010 | MA (100 ep):  261.95
2026-04-15 20:17:05,168 - Episodio: 784/800 | Reward:  296.58 | Temp: 0.010 | MA (100 ep):  262.24
2026-04-15 20:17:08,738 - Episodio: 785/800 | Reward:  140.06 | Temp: 0.010 | MA (100 ep):  260.97
2026-04-15 20:17:09,364 - Episodio: 786/800 | Reward:  270.15 | Temp: 0.010 | MA (100 ep):  262.51
2026-04-15 20:17:10,010 - Episodio: 787/800 | Reward:  251.20 | Temp: 0.010 | MA (100 ep):  262.74
2026-04-15 20:17:10,663 - Episodio: 788/800 | Reward:  289.62 | Temp: 0.010 | MA (100 ep):  263.24
2026-04-15 20:17:11,241 - Episodio: 789/800 | Reward:  257.63 | Temp: 0.010 | MA (100 ep):  263.40
2026-04-15 20:17:11,835 - Episodio: 790/800 | Reward:  295.74 | Temp: 0.010 | MA (100 ep):  263.60
2026-04-15 20:17:12,497 - Episodio: 791/800 | Reward:   54.48 | Temp: 0.010 | MA (100 ep):  262.49
2026-04-15 20:17:13,209 - Episodio: 792/800 | Reward:  246.89 | Temp: 0.010 | MA (100 ep):  262.40
2026-04-15 20:17:13,827 - Episodio: 793/800 | Reward:  244.51 | Temp: 0.010 | MA (100 ep):  262.26
2026-04-15 20:17:14,506 - Episodio: 794/800 | Reward:  241.43 | Temp: 0.010 | MA (100 ep):  261.89
2026-04-15 20:17:15,138 - Episodio: 795/800 | Reward:  246.08 | Temp: 0.010 | MA (100 ep):  261.54
2026-04-15 20:17:16,097 - Episodio: 796/800 | Reward:  300.51 | Temp: 0.010 | MA (100 ep):  261.81
2026-04-15 20:17:16,866 - Episodio: 797/800 | Reward:  254.99 | Temp: 0.010 | MA (100 ep):  261.41
2026-04-15 20:17:17,498 - Episodio: 798/800 | Reward:   33.58 | Temp: 0.010 | MA (100 ep):  258.85
2026-04-15 20:17:18,108 - Episodio: 799/800 | Reward:  285.78 | Temp: 0.010 | MA (100 ep):  259.01
2026-04-15 20:17:18,837 - Episodio: 800/800 | Reward:  264.50 | Temp: 0.010 | MA (100 ep):  259.36
2026-04-15 20:17:18,837 - --- Inizio Evaluation run all'Episodio 800 ---
2026-04-15 20:17:21,654 - *** EVALUATION | Epi: 800 | Mean Reward (50 Run):  165.55 ± 138.43 ***
2026-04-15 20:17:21,656 - --- Fine Evaluation ---
2026-04-15 20:17:21,658 - Model run 2 saved in temp/model_q_learning_run2_20260415_193906.pth.
2026-04-15 20:17:21,658 - ========== INIZIO RUN 3/5 ==========
2026-04-15 20:17:21,710 - Episodio: 001/800 | Reward: -135.46 | Temp: 0.990 | MA (100 ep): -135.46
2026-04-15 20:17:22,018 - Episodio: 002/800 | Reward: -538.99 | Temp: 0.980 | MA (100 ep): -337.22
2026-04-15 20:17:22,339 - Episodio: 003/800 | Reward: -305.23 | Temp: 0.970 | MA (100 ep): -326.56
2026-04-15 20:17:22,749 - Episodio: 004/800 | Reward: -638.67 | Temp: 0.961 | MA (100 ep): -404.59
2026-04-15 20:17:23,143 - Episodio: 005/800 | Reward: -302.76 | Temp: 0.951 | MA (100 ep): -384.22
2026-04-15 20:17:23,533 - Episodio: 006/800 | Reward: -444.49 | Temp: 0.941 | MA (100 ep): -394.27
2026-04-15 20:17:23,953 - Episodio: 007/800 | Reward: -208.54 | Temp: 0.932 | MA (100 ep): -367.73
2026-04-15 20:17:24,302 - Episodio: 008/800 | Reward: -230.22 | Temp: 0.923 | MA (100 ep): -350.55
2026-04-15 20:17:24,680 - Episodio: 009/800 | Reward: -270.07 | Temp: 0.914 | MA (100 ep): -341.60
2026-04-15 20:17:25,504 - Episodio: 010/800 | Reward: -281.84 | Temp: 0.904 | MA (100 ep): -335.63
2026-04-15 20:17:25,893 - Episodio: 011/800 | Reward: -436.87 | Temp: 0.895 | MA (100 ep): -344.83
2026-04-15 20:17:26,314 - Episodio: 012/800 | Reward:  -89.97 | Temp: 0.886 | MA (100 ep): -323.59
2026-04-15 20:17:26,762 - Episodio: 013/800 | Reward: -103.11 | Temp: 0.878 | MA (100 ep): -306.63
2026-04-15 20:17:27,496 - Episodio: 014/800 | Reward:  -17.82 | Temp: 0.869 | MA (100 ep): -286.00
2026-04-15 20:17:28,772 - Episodio: 015/800 | Reward: -119.58 | Temp: 0.860 | MA (100 ep): -274.91
2026-04-15 20:17:29,398 - Episodio: 016/800 | Reward: -119.61 | Temp: 0.851 | MA (100 ep): -265.20
2026-04-15 20:17:30,050 - Episodio: 017/800 | Reward: -124.45 | Temp: 0.843 | MA (100 ep): -256.92
2026-04-15 20:17:30,947 - Episodio: 018/800 | Reward: -313.46 | Temp: 0.835 | MA (100 ep): -260.06
2026-04-15 20:17:31,865 - Episodio: 019/800 | Reward: -255.70 | Temp: 0.826 | MA (100 ep): -259.83
2026-04-15 20:17:32,350 - Episodio: 020/800 | Reward: -196.57 | Temp: 0.818 | MA (100 ep): -256.67
2026-04-15 20:17:33,114 - Episodio: 021/800 | Reward:  -49.77 | Temp: 0.810 | MA (100 ep): -246.82
2026-04-15 20:17:33,836 - Episodio: 022/800 | Reward:  -60.18 | Temp: 0.802 | MA (100 ep): -238.33
2026-04-15 20:17:35,050 - Episodio: 023/800 | Reward: -250.70 | Temp: 0.794 | MA (100 ep): -238.87
2026-04-15 20:17:35,805 - Episodio: 024/800 | Reward: -220.90 | Temp: 0.786 | MA (100 ep): -238.12
2026-04-15 20:17:36,565 - Episodio: 025/800 | Reward: -151.98 | Temp: 0.778 | MA (100 ep): -234.68
2026-04-15 20:17:37,417 - Episodio: 026/800 | Reward: -241.61 | Temp: 0.770 | MA (100 ep): -234.94
2026-04-15 20:17:38,298 - Episodio: 027/800 | Reward: -112.21 | Temp: 0.762 | MA (100 ep): -230.40
2026-04-15 20:17:39,129 - Episodio: 028/800 | Reward:  -93.36 | Temp: 0.755 | MA (100 ep): -225.50
2026-04-15 20:17:39,771 - Episodio: 029/800 | Reward:  -76.02 | Temp: 0.747 | MA (100 ep): -220.35
2026-04-15 20:17:40,472 - Episodio: 030/800 | Reward:    8.42 | Temp: 0.740 | MA (100 ep): -212.72
2026-04-15 20:17:41,325 - Episodio: 031/800 | Reward: -286.62 | Temp: 0.732 | MA (100 ep): -215.11
2026-04-15 20:17:42,267 - Episodio: 032/800 | Reward: -228.41 | Temp: 0.725 | MA (100 ep): -215.52
2026-04-15 20:17:43,531 - Episodio: 033/800 | Reward: -202.14 | Temp: 0.718 | MA (100 ep): -215.12
2026-04-15 20:17:45,712 - Episodio: 034/800 | Reward: -228.47 | Temp: 0.711 | MA (100 ep): -215.51
2026-04-15 20:17:46,744 - Episodio: 035/800 | Reward: -237.70 | Temp: 0.703 | MA (100 ep): -216.14
2026-04-15 20:17:47,651 - Episodio: 036/800 | Reward: -211.17 | Temp: 0.696 | MA (100 ep): -216.01
2026-04-15 20:17:49,075 - Episodio: 037/800 | Reward: -137.27 | Temp: 0.689 | MA (100 ep): -213.88
2026-04-15 20:17:49,988 - Episodio: 038/800 | Reward:  -16.07 | Temp: 0.683 | MA (100 ep): -208.67
2026-04-15 20:17:53,422 - Episodio: 039/800 | Reward:   89.57 | Temp: 0.676 | MA (100 ep): -201.03
2026-04-15 20:17:54,157 - Episodio: 040/800 | Reward: -205.14 | Temp: 0.669 | MA (100 ep): -201.13
2026-04-15 20:17:55,018 - Episodio: 041/800 | Reward: -147.45 | Temp: 0.662 | MA (100 ep): -199.82
2026-04-15 20:17:55,811 - Episodio: 042/800 | Reward: -242.79 | Temp: 0.656 | MA (100 ep): -200.84
2026-04-15 20:17:57,023 - Episodio: 043/800 | Reward: -180.33 | Temp: 0.649 | MA (100 ep): -200.36
2026-04-15 20:18:00,358 - Episodio: 044/800 | Reward: -109.39 | Temp: 0.643 | MA (100 ep): -198.30
2026-04-15 20:18:03,880 - Episodio: 045/800 | Reward:  -43.92 | Temp: 0.636 | MA (100 ep): -194.87
2026-04-15 20:18:07,275 - Episodio: 046/800 | Reward:  -37.38 | Temp: 0.630 | MA (100 ep): -191.44
2026-04-15 20:18:10,575 - Episodio: 047/800 | Reward:  -21.70 | Temp: 0.624 | MA (100 ep): -187.83
2026-04-15 20:18:13,952 - Episodio: 048/800 | Reward:  -47.80 | Temp: 0.617 | MA (100 ep): -184.91
2026-04-15 20:18:17,294 - Episodio: 049/800 | Reward:  -57.77 | Temp: 0.611 | MA (100 ep): -182.32
2026-04-15 20:18:20,824 - Episodio: 050/800 | Reward:  -64.68 | Temp: 0.605 | MA (100 ep): -179.97
2026-04-15 20:18:20,824 - --- Inizio Evaluation run all'Episodio 50 ---
2026-04-15 20:18:33,829 - *** EVALUATION | Epi: 050 | Mean Reward (50 Run):  -70.79 ± 20.97 ***
2026-04-15 20:18:33,829 - --- Fine Evaluation ---
2026-04-15 20:18:37,344 - Episodio: 051/800 | Reward:  -35.95 | Temp: 0.599 | MA (100 ep): -177.14
2026-04-15 20:18:40,669 - Episodio: 052/800 | Reward:   18.50 | Temp: 0.593 | MA (100 ep): -173.38
2026-04-15 20:18:44,237 - Episodio: 053/800 | Reward:  -36.86 | Temp: 0.587 | MA (100 ep): -170.80
2026-04-15 20:18:47,643 - Episodio: 054/800 | Reward:   -8.19 | Temp: 0.581 | MA (100 ep): -167.79
2026-04-15 20:18:51,127 - Episodio: 055/800 | Reward:    4.04 | Temp: 0.575 | MA (100 ep): -164.67
2026-04-15 20:18:54,408 - Episodio: 056/800 | Reward:    8.20 | Temp: 0.570 | MA (100 ep): -161.58
2026-04-15 20:18:57,781 - Episodio: 057/800 | Reward:  -69.08 | Temp: 0.564 | MA (100 ep): -159.96
2026-04-15 20:19:01,319 - Episodio: 058/800 | Reward:   -6.37 | Temp: 0.558 | MA (100 ep): -157.31
2026-04-15 20:19:04,660 - Episodio: 059/800 | Reward:   -4.73 | Temp: 0.553 | MA (100 ep): -154.72
2026-04-15 20:19:08,189 - Episodio: 060/800 | Reward:   29.38 | Temp: 0.547 | MA (100 ep): -151.66
2026-04-15 20:19:11,592 - Episodio: 061/800 | Reward:  -27.11 | Temp: 0.542 | MA (100 ep): -149.61
2026-04-15 20:19:15,266 - Episodio: 062/800 | Reward:  -48.21 | Temp: 0.536 | MA (100 ep): -147.98
2026-04-15 20:19:18,684 - Episodio: 063/800 | Reward:  -29.05 | Temp: 0.531 | MA (100 ep): -146.09
2026-04-15 20:19:19,434 - Episodio: 064/800 | Reward:  -26.47 | Temp: 0.526 | MA (100 ep): -144.22
2026-04-15 20:19:19,882 - Episodio: 065/800 | Reward:   20.38 | Temp: 0.520 | MA (100 ep): -141.69
2026-04-15 20:19:23,311 - Episodio: 066/800 | Reward:  -15.99 | Temp: 0.515 | MA (100 ep): -139.79
2026-04-15 20:19:23,799 - Episodio: 067/800 | Reward:  -76.15 | Temp: 0.510 | MA (100 ep): -138.84
2026-04-15 20:19:24,117 - Episodio: 068/800 | Reward: -127.55 | Temp: 0.505 | MA (100 ep): -138.67
2026-04-15 20:19:27,536 - Episodio: 069/800 | Reward:  -40.86 | Temp: 0.500 | MA (100 ep): -137.25
2026-04-15 20:19:27,868 - Episodio: 070/800 | Reward:  -18.65 | Temp: 0.495 | MA (100 ep): -135.56
2026-04-15 20:19:31,668 - Episodio: 071/800 | Reward:  -10.54 | Temp: 0.490 | MA (100 ep): -133.80
2026-04-15 20:19:32,178 - Episodio: 072/800 | Reward:   11.17 | Temp: 0.485 | MA (100 ep): -131.78
2026-04-15 20:19:35,713 - Episodio: 073/800 | Reward:   -3.23 | Temp: 0.480 | MA (100 ep): -130.02
2026-04-15 20:19:39,191 - Episodio: 074/800 | Reward:  -38.56 | Temp: 0.475 | MA (100 ep): -128.79
2026-04-15 20:19:42,724 - Episodio: 075/800 | Reward:  -20.14 | Temp: 0.471 | MA (100 ep): -127.34
2026-04-15 20:19:46,157 - Episodio: 076/800 | Reward:   15.09 | Temp: 0.466 | MA (100 ep): -125.46
2026-04-15 20:19:49,642 - Episodio: 077/800 | Reward:  -40.34 | Temp: 0.461 | MA (100 ep): -124.36
2026-04-15 20:19:50,188 - Episodio: 078/800 | Reward:  -89.07 | Temp: 0.457 | MA (100 ep): -123.91
2026-04-15 20:19:53,714 - Episodio: 079/800 | Reward:    5.41 | Temp: 0.452 | MA (100 ep): -122.27
2026-04-15 20:19:57,268 - Episodio: 080/800 | Reward:  -43.19 | Temp: 0.448 | MA (100 ep): -121.28
2026-04-15 20:20:00,626 - Episodio: 081/800 | Reward:  -41.62 | Temp: 0.443 | MA (100 ep): -120.30
2026-04-15 20:20:04,147 - Episodio: 082/800 | Reward:  -21.76 | Temp: 0.439 | MA (100 ep): -119.10
2026-04-15 20:20:07,749 - Episodio: 083/800 | Reward:    2.79 | Temp: 0.434 | MA (100 ep): -117.63
2026-04-15 20:20:11,115 - Episodio: 084/800 | Reward:  -50.63 | Temp: 0.430 | MA (100 ep): -116.83
2026-04-15 20:20:14,557 - Episodio: 085/800 | Reward:  -25.18 | Temp: 0.426 | MA (100 ep): -115.75
2026-04-15 20:20:15,077 - Episodio: 086/800 | Reward:  -68.96 | Temp: 0.421 | MA (100 ep): -115.21
2026-04-15 20:20:18,592 - Episodio: 087/800 | Reward:   11.69 | Temp: 0.417 | MA (100 ep): -113.75
2026-04-15 20:20:22,130 - Episodio: 088/800 | Reward:  -60.69 | Temp: 0.413 | MA (100 ep): -113.15
2026-04-15 20:20:25,550 - Episodio: 089/800 | Reward:  -65.59 | Temp: 0.409 | MA (100 ep): -112.61
2026-04-15 20:20:29,040 - Episodio: 090/800 | Reward:  -16.49 | Temp: 0.405 | MA (100 ep): -111.54
2026-04-15 20:20:32,619 - Episodio: 091/800 | Reward:  -24.92 | Temp: 0.401 | MA (100 ep): -110.59
2026-04-15 20:20:36,169 - Episodio: 092/800 | Reward:    6.72 | Temp: 0.397 | MA (100 ep): -109.32
2026-04-15 20:20:39,715 - Episodio: 093/800 | Reward:  -30.35 | Temp: 0.393 | MA (100 ep): -108.47
2026-04-15 20:20:43,301 - Episodio: 094/800 | Reward:    7.85 | Temp: 0.389 | MA (100 ep): -107.23
2026-04-15 20:20:46,826 - Episodio: 095/800 | Reward:    2.95 | Temp: 0.385 | MA (100 ep): -106.07
2026-04-15 20:20:50,392 - Episodio: 096/800 | Reward:   16.52 | Temp: 0.381 | MA (100 ep): -104.79
2026-04-15 20:20:53,975 - Episodio: 097/800 | Reward:  -62.73 | Temp: 0.377 | MA (100 ep): -104.36
2026-04-15 20:20:57,590 - Episodio: 098/800 | Reward:   14.05 | Temp: 0.373 | MA (100 ep): -103.15
2026-04-15 20:21:01,089 - Episodio: 099/800 | Reward:  -30.65 | Temp: 0.370 | MA (100 ep): -102.42
2026-04-15 20:21:04,627 - Episodio: 100/800 | Reward:  -41.82 | Temp: 0.366 | MA (100 ep): -101.81
2026-04-15 20:21:04,627 - --- Inizio Evaluation run all'Episodio 100 ---
2026-04-15 20:21:17,969 - *** EVALUATION | Epi: 100 | Mean Reward (50 Run):  -25.13 ± 21.34 ***
2026-04-15 20:21:17,969 - --- Fine Evaluation ---
2026-04-15 20:21:21,491 - Episodio: 101/800 | Reward:    6.61 | Temp: 0.362 | MA (100 ep): -100.39
2026-04-15 20:21:24,867 - Episodio: 102/800 | Reward:   26.16 | Temp: 0.359 | MA (100 ep):  -94.74
2026-04-15 20:21:28,354 - Episodio: 103/800 | Reward:   -4.31 | Temp: 0.355 | MA (100 ep):  -91.73
2026-04-15 20:21:31,984 - Episodio: 104/800 | Reward:  -17.27 | Temp: 0.352 | MA (100 ep):  -85.52
2026-04-15 20:21:33,503 - Episodio: 105/800 | Reward:  -45.54 | Temp: 0.348 | MA (100 ep):  -82.94
2026-04-15 20:21:37,133 - Episodio: 106/800 | Reward:   22.94 | Temp: 0.345 | MA (100 ep):  -78.27
2026-04-15 20:21:40,687 - Episodio: 107/800 | Reward:  -25.45 | Temp: 0.341 | MA (100 ep):  -76.44
2026-04-15 20:21:44,281 - Episodio: 108/800 | Reward:    7.52 | Temp: 0.338 | MA (100 ep):  -74.06
2026-04-15 20:21:46,028 - Episodio: 109/800 | Reward:  240.33 | Temp: 0.334 | MA (100 ep):  -68.96
2026-04-15 20:21:49,558 - Episodio: 110/800 | Reward:   19.17 | Temp: 0.331 | MA (100 ep):  -65.95
2026-04-15 20:21:53,211 - Episodio: 111/800 | Reward:  -40.97 | Temp: 0.328 | MA (100 ep):  -61.99
2026-04-15 20:21:56,783 - Episodio: 112/800 | Reward:  -39.87 | Temp: 0.324 | MA (100 ep):  -61.49
2026-04-15 20:22:00,393 - Episodio: 113/800 | Reward:    2.33 | Temp: 0.321 | MA (100 ep):  -60.43
2026-04-15 20:22:03,982 - Episodio: 114/800 | Reward:    2.96 | Temp: 0.318 | MA (100 ep):  -60.23
2026-04-15 20:22:06,702 - Episodio: 115/800 | Reward:  239.83 | Temp: 0.315 | MA (100 ep):  -56.63
2026-04-15 20:22:10,326 - Episodio: 116/800 | Reward:  -92.61 | Temp: 0.312 | MA (100 ep):  -56.36
2026-04-15 20:22:12,344 - Episodio: 117/800 | Reward:  231.18 | Temp: 0.309 | MA (100 ep):  -52.81
2026-04-15 20:22:13,440 - Episodio: 118/800 | Reward:  226.07 | Temp: 0.305 | MA (100 ep):  -47.41
2026-04-15 20:22:15,819 - Episodio: 119/800 | Reward:  172.19 | Temp: 0.302 | MA (100 ep):  -43.13
2026-04-15 20:22:17,404 - Episodio: 120/800 | Reward:  229.06 | Temp: 0.299 | MA (100 ep):  -38.88
2026-04-15 20:22:19,319 - Episodio: 121/800 | Reward:  243.68 | Temp: 0.296 | MA (100 ep):  -35.94
2026-04-15 20:22:20,265 - Episodio: 122/800 | Reward:  265.57 | Temp: 0.293 | MA (100 ep):  -32.68
2026-04-15 20:22:23,862 - Episodio: 123/800 | Reward:  -48.38 | Temp: 0.290 | MA (100 ep):  -30.66
2026-04-15 20:22:27,421 - Episodio: 124/800 | Reward:   -0.69 | Temp: 0.288 | MA (100 ep):  -28.46
2026-04-15 20:22:29,810 - Episodio: 125/800 | Reward:  192.74 | Temp: 0.285 | MA (100 ep):  -25.01
2026-04-15 20:22:33,331 - Episodio: 126/800 | Reward:  -70.23 | Temp: 0.282 | MA (100 ep):  -23.30
2026-04-15 20:22:36,927 - Episodio: 127/800 | Reward:  -56.66 | Temp: 0.279 | MA (100 ep):  -22.74
2026-04-15 20:22:38,413 - Episodio: 128/800 | Reward:  260.95 | Temp: 0.276 | MA (100 ep):  -19.20
2026-04-15 20:22:39,376 - Episodio: 129/800 | Reward:  252.27 | Temp: 0.273 | MA (100 ep):  -15.92
2026-04-15 20:22:40,679 - Episodio: 130/800 | Reward:  244.50 | Temp: 0.271 | MA (100 ep):  -13.55
2026-04-15 20:22:44,234 - Episodio: 131/800 | Reward:   -4.15 | Temp: 0.268 | MA (100 ep):  -10.73
2026-04-15 20:22:46,236 - Episodio: 132/800 | Reward:  202.91 | Temp: 0.265 | MA (100 ep):   -6.42
2026-04-15 20:22:47,810 - Episodio: 133/800 | Reward:  204.37 | Temp: 0.263 | MA (100 ep):   -2.35
2026-04-15 20:22:51,324 - Episodio: 134/800 | Reward:  -21.82 | Temp: 0.260 | MA (100 ep):   -0.28
2026-04-15 20:22:54,881 - Episodio: 135/800 | Reward:  -25.65 | Temp: 0.257 | MA (100 ep):    1.84
2026-04-15 20:22:56,734 - Episodio: 136/800 | Reward:  185.51 | Temp: 0.255 | MA (100 ep):    5.80
2026-04-15 20:22:59,717 - Episodio: 137/800 | Reward: -239.96 | Temp: 0.252 | MA (100 ep):    4.78
2026-04-15 20:23:02,467 - Episodio: 138/800 | Reward:  104.89 | Temp: 0.250 | MA (100 ep):    5.98
2026-04-15 20:23:05,976 - Episodio: 139/800 | Reward:  -35.49 | Temp: 0.247 | MA (100 ep):    4.73
2026-04-15 20:23:07,226 - Episodio: 140/800 | Reward:  228.53 | Temp: 0.245 | MA (100 ep):    9.07
2026-04-15 20:23:10,848 - Episodio: 141/800 | Reward:  -47.04 | Temp: 0.242 | MA (100 ep):   10.08
2026-04-15 20:23:12,133 - Episodio: 142/800 | Reward:  225.27 | Temp: 0.240 | MA (100 ep):   14.76
2026-04-15 20:23:15,803 - Episodio: 143/800 | Reward:   44.01 | Temp: 0.238 | MA (100 ep):   17.00
2026-04-15 20:23:16,940 - Episodio: 144/800 | Reward:  222.84 | Temp: 0.235 | MA (100 ep):   20.32
2026-04-15 20:23:17,955 - Episodio: 145/800 | Reward:  267.58 | Temp: 0.233 | MA (100 ep):   23.44
2026-04-15 20:23:21,455 - Episodio: 146/800 | Reward:  -48.67 | Temp: 0.231 | MA (100 ep):   23.32
2026-04-15 20:23:22,312 - Episodio: 147/800 | Reward:  229.67 | Temp: 0.228 | MA (100 ep):   25.84
2026-04-15 20:23:25,433 - Episodio: 148/800 | Reward:  175.06 | Temp: 0.226 | MA (100 ep):   28.07
2026-04-15 20:23:27,167 - Episodio: 149/800 | Reward:  236.44 | Temp: 0.224 | MA (100 ep):   31.01
2026-04-15 20:23:30,670 - Episodio: 150/800 | Reward:    6.99 | Temp: 0.221 | MA (100 ep):   31.72
2026-04-15 20:23:30,670 - --- Inizio Evaluation run all'Episodio 150 ---
2026-04-15 20:23:40,965 - *** EVALUATION | Epi: 150 | Mean Reward (50 Run):   64.31 ± 136.84 ***
2026-04-15 20:23:40,965 - --- Fine Evaluation ---
2026-04-15 20:23:41,881 - Episodio: 151/800 | Reward:  233.95 | Temp: 0.219 | MA (100 ep):   34.42
2026-04-15 20:23:44,193 - Episodio: 152/800 | Reward:  194.80 | Temp: 0.217 | MA (100 ep):   36.19
2026-04-15 20:23:47,110 - Episodio: 153/800 | Reward:  153.32 | Temp: 0.215 | MA (100 ep):   38.09
2026-04-15 20:23:48,473 - Episodio: 154/800 | Reward:  253.92 | Temp: 0.213 | MA (100 ep):   40.71
2026-04-15 20:23:52,124 - Episodio: 155/800 | Reward:  -69.40 | Temp: 0.211 | MA (100 ep):   39.98
2026-04-15 20:23:53,075 - Episodio: 156/800 | Reward:  230.61 | Temp: 0.208 | MA (100 ep):   42.20
2026-04-15 20:23:53,982 - Episodio: 157/800 | Reward:  263.65 | Temp: 0.206 | MA (100 ep):   45.53
2026-04-15 20:23:56,204 - Episodio: 158/800 | Reward:  194.43 | Temp: 0.204 | MA (100 ep):   47.53
2026-04-15 20:23:57,530 - Episodio: 159/800 | Reward:  237.71 | Temp: 0.202 | MA (100 ep):   49.96
2026-04-15 20:24:00,285 - Episodio: 160/800 | Reward:  193.63 | Temp: 0.200 | MA (100 ep):   51.60
2026-04-15 20:24:01,264 - Episodio: 161/800 | Reward:  223.61 | Temp: 0.198 | MA (100 ep):   54.11
2026-04-15 20:24:02,179 - Episodio: 162/800 | Reward:  257.16 | Temp: 0.196 | MA (100 ep):   57.16
2026-04-15 20:24:05,713 - Episodio: 163/800 | Reward:  -52.48 | Temp: 0.194 | MA (100 ep):   56.93
2026-04-15 20:24:09,273 - Episodio: 164/800 | Reward:  -69.60 | Temp: 0.192 | MA (100 ep):   56.50
2026-04-15 20:24:12,615 - Episodio: 165/800 | Reward:  124.82 | Temp: 0.190 | MA (100 ep):   57.54
2026-04-15 20:24:13,748 - Episodio: 166/800 | Reward:  239.41 | Temp: 0.189 | MA (100 ep):   60.10
2026-04-15 20:24:14,758 - Episodio: 167/800 | Reward:  222.15 | Temp: 0.187 | MA (100 ep):   63.08
2026-04-15 20:24:18,237 - Episodio: 168/800 | Reward:  -26.50 | Temp: 0.185 | MA (100 ep):   64.09
2026-04-15 20:24:21,744 - Episodio: 169/800 | Reward:  -46.45 | Temp: 0.183 | MA (100 ep):   64.03
2026-04-15 20:24:25,325 - Episodio: 170/800 | Reward:  -67.27 | Temp: 0.181 | MA (100 ep):   63.55
2026-04-15 20:24:28,836 - Episodio: 171/800 | Reward:  -59.43 | Temp: 0.179 | MA (100 ep):   63.06
2026-04-15 20:24:31,962 - Episodio: 172/800 | Reward:  113.35 | Temp: 0.178 | MA (100 ep):   64.08
2026-04-15 20:24:35,524 - Episodio: 173/800 | Reward:   30.97 | Temp: 0.176 | MA (100 ep):   64.42
2026-04-15 20:24:38,869 - Episodio: 174/800 | Reward:  118.46 | Temp: 0.174 | MA (100 ep):   65.99
2026-04-15 20:24:39,967 - Episodio: 175/800 | Reward:  295.98 | Temp: 0.172 | MA (100 ep):   69.15
2026-04-15 20:24:41,740 - Episodio: 176/800 | Reward:  270.99 | Temp: 0.171 | MA (100 ep):   71.71
2026-04-15 20:24:44,197 - Episodio: 177/800 | Reward:  193.97 | Temp: 0.169 | MA (100 ep):   74.05
2026-04-15 20:24:46,335 - Episodio: 178/800 | Reward:  247.20 | Temp: 0.167 | MA (100 ep):   77.42
2026-04-15 20:24:49,868 - Episodio: 179/800 | Reward:  -59.01 | Temp: 0.165 | MA (100 ep):   76.77
2026-04-15 20:24:53,392 - Episodio: 180/800 | Reward:  -24.41 | Temp: 0.164 | MA (100 ep):   76.96
2026-04-15 20:24:54,926 - Episodio: 181/800 | Reward:  199.17 | Temp: 0.162 | MA (100 ep):   79.37
2026-04-15 20:24:56,150 - Episodio: 182/800 | Reward:  290.33 | Temp: 0.161 | MA (100 ep):   82.49
2026-04-15 20:24:58,318 - Episodio: 183/800 | Reward:  -73.53 | Temp: 0.159 | MA (100 ep):   81.73
2026-04-15 20:25:00,089 - Episodio: 184/800 | Reward:  212.10 | Temp: 0.157 | MA (100 ep):   84.35
2026-04-15 20:25:01,422 - Episodio: 185/800 | Reward:  262.29 | Temp: 0.156 | MA (100 ep):   87.23
2026-04-15 20:25:03,145 - Episodio: 186/800 | Reward:  187.73 | Temp: 0.154 | MA (100 ep):   89.80
2026-04-15 20:25:04,316 - Episodio: 187/800 | Reward:  235.82 | Temp: 0.153 | MA (100 ep):   92.04
2026-04-15 20:25:05,183 - Episodio: 188/800 | Reward:  267.31 | Temp: 0.151 | MA (100 ep):   95.32
2026-04-15 20:25:07,036 - Episodio: 189/800 | Reward:  -22.33 | Temp: 0.150 | MA (100 ep):   95.75
2026-04-15 20:25:09,291 - Episodio: 190/800 | Reward:  166.28 | Temp: 0.148 | MA (100 ep):   97.58
2026-04-15 20:25:11,015 - Episodio: 191/800 | Reward: -255.84 | Temp: 0.147 | MA (100 ep):   95.27
2026-04-15 20:25:12,338 - Episodio: 192/800 | Reward:  261.07 | Temp: 0.145 | MA (100 ep):   97.81
2026-04-15 20:25:14,170 - Episodio: 193/800 | Reward:  202.81 | Temp: 0.144 | MA (100 ep):  100.14
2026-04-15 20:25:15,030 - Episodio: 194/800 | Reward:  232.64 | Temp: 0.142 | MA (100 ep):  102.39
2026-04-15 20:25:18,553 - Episodio: 195/800 | Reward:  -24.84 | Temp: 0.141 | MA (100 ep):  102.11
2026-04-15 20:25:20,176 - Episodio: 196/800 | Reward:  242.71 | Temp: 0.139 | MA (100 ep):  104.37
2026-04-15 20:25:20,990 - Episodio: 197/800 | Reward:  229.93 | Temp: 0.138 | MA (100 ep):  107.30
2026-04-15 20:25:22,905 - Episodio: 198/800 | Reward:  173.34 | Temp: 0.137 | MA (100 ep):  108.89
2026-04-15 20:25:24,942 - Episodio: 199/800 | Reward:  205.03 | Temp: 0.135 | MA (100 ep):  111.25
2026-04-15 20:25:26,206 - Episodio: 200/800 | Reward:  295.04 | Temp: 0.134 | MA (100 ep):  114.62
2026-04-15 20:25:26,206 - --- Inizio Evaluation run all'Episodio 200 ---
2026-04-15 20:25:31,397 - *** EVALUATION | Epi: 200 | Mean Reward (50 Run):  165.93 ± 157.38 ***
2026-04-15 20:25:31,397 - --- Fine Evaluation ---
2026-04-15 20:25:32,871 - Episodio: 201/800 | Reward:  -74.32 | Temp: 0.133 | MA (100 ep):  113.81
2026-04-15 20:25:34,752 - Episodio: 202/800 | Reward:  211.40 | Temp: 0.131 | MA (100 ep):  115.66
2026-04-15 20:25:35,537 - Episodio: 203/800 | Reward:  258.94 | Temp: 0.130 | MA (100 ep):  118.30
2026-04-15 20:25:37,738 - Episodio: 204/800 | Reward:  249.71 | Temp: 0.129 | MA (100 ep):  120.97
2026-04-15 20:25:39,778 - Episodio: 205/800 | Reward:  170.77 | Temp: 0.127 | MA (100 ep):  123.13
2026-04-15 20:25:41,056 - Episodio: 206/800 | Reward:  225.07 | Temp: 0.126 | MA (100 ep):  125.15
2026-04-15 20:25:43,084 - Episodio: 207/800 | Reward:  202.36 | Temp: 0.125 | MA (100 ep):  127.43
2026-04-15 20:25:44,107 - Episodio: 208/800 | Reward:  248.05 | Temp: 0.124 | MA (100 ep):  129.83
2026-04-15 20:25:45,341 - Episodio: 209/800 | Reward:  -30.14 | Temp: 0.122 | MA (100 ep):  127.13
2026-04-15 20:25:45,731 - Episodio: 210/800 | Reward:  -22.33 | Temp: 0.121 | MA (100 ep):  126.71
2026-04-15 20:25:49,482 - Episodio: 211/800 | Reward:  -18.43 | Temp: 0.120 | MA (100 ep):  126.94
2026-04-15 20:25:50,723 - Episodio: 212/800 | Reward:  227.20 | Temp: 0.119 | MA (100 ep):  129.61
2026-04-15 20:25:53,746 - Episodio: 213/800 | Reward:  175.58 | Temp: 0.118 | MA (100 ep):  131.34
2026-04-15 20:25:55,193 - Episodio: 214/800 | Reward:  228.58 | Temp: 0.116 | MA (100 ep):  133.60
2026-04-15 20:25:56,400 - Episodio: 215/800 | Reward:  276.08 | Temp: 0.115 | MA (100 ep):  133.96
2026-04-15 20:25:59,806 - Episodio: 216/800 | Reward: -491.10 | Temp: 0.114 | MA (100 ep):  129.98
2026-04-15 20:26:01,160 - Episodio: 217/800 | Reward:  281.95 | Temp: 0.113 | MA (100 ep):  130.48
2026-04-15 20:26:02,367 - Episodio: 218/800 | Reward:  269.16 | Temp: 0.112 | MA (100 ep):  130.91
2026-04-15 20:26:03,447 - Episodio: 219/800 | Reward:  254.02 | Temp: 0.111 | MA (100 ep):  131.73
2026-04-15 20:26:04,676 - Episodio: 220/800 | Reward:  270.61 | Temp: 0.110 | MA (100 ep):  132.15
2026-04-15 20:26:05,529 - Episodio: 221/800 | Reward:  275.61 | Temp: 0.108 | MA (100 ep):  132.47
2026-04-15 20:26:06,716 - Episodio: 222/800 | Reward:  265.38 | Temp: 0.107 | MA (100 ep):  132.47
2026-04-15 20:26:07,711 - Episodio: 223/800 | Reward:  261.86 | Temp: 0.106 | MA (100 ep):  135.57
2026-04-15 20:26:08,748 - Episodio: 224/800 | Reward:  282.68 | Temp: 0.105 | MA (100 ep):  138.40
2026-04-15 20:26:09,676 - Episodio: 225/800 | Reward:  225.54 | Temp: 0.104 | MA (100 ep):  138.73
2026-04-15 20:26:10,573 - Episodio: 226/800 | Reward:  248.93 | Temp: 0.103 | MA (100 ep):  141.92
2026-04-15 20:26:12,374 - Episodio: 227/800 | Reward:  207.10 | Temp: 0.102 | MA (100 ep):  144.56
2026-04-15 20:26:13,642 - Episodio: 228/800 | Reward:  219.55 | Temp: 0.101 | MA (100 ep):  144.14
2026-04-15 20:26:16,258 - Episodio: 229/800 | Reward:  163.79 | Temp: 0.100 | MA (100 ep):  143.26
2026-04-15 20:26:18,008 - Episodio: 230/800 | Reward: -183.60 | Temp: 0.099 | MA (100 ep):  138.98
2026-04-15 20:26:19,409 - Episodio: 231/800 | Reward:  250.22 | Temp: 0.098 | MA (100 ep):  141.52
2026-04-15 20:26:20,530 - Episodio: 232/800 | Reward:  279.20 | Temp: 0.097 | MA (100 ep):  142.29
2026-04-15 20:26:21,328 - Episodio: 233/800 | Reward:  262.84 | Temp: 0.096 | MA (100 ep):  142.87
2026-04-15 20:26:22,750 - Episodio: 234/800 | Reward:  215.85 | Temp: 0.095 | MA (100 ep):  145.25
2026-04-15 20:26:23,584 - Episodio: 235/800 | Reward:  245.27 | Temp: 0.094 | MA (100 ep):  147.96
2026-04-15 20:26:24,972 - Episodio: 236/800 | Reward:  276.79 | Temp: 0.093 | MA (100 ep):  148.87
2026-04-15 20:26:25,999 - Episodio: 237/800 | Reward:  263.13 | Temp: 0.092 | MA (100 ep):  153.90
2026-04-15 20:26:29,507 - Episodio: 238/800 | Reward:   21.64 | Temp: 0.091 | MA (100 ep):  153.07
2026-04-15 20:26:30,749 - Episodio: 239/800 | Reward:  228.36 | Temp: 0.091 | MA (100 ep):  155.71
2026-04-15 20:26:31,809 - Episodio: 240/800 | Reward:  248.21 | Temp: 0.090 | MA (100 ep):  155.90
2026-04-15 20:26:32,630 - Episodio: 241/800 | Reward:  250.83 | Temp: 0.089 | MA (100 ep):  158.88
2026-04-15 20:26:33,921 - Episodio: 242/800 | Reward:  224.93 | Temp: 0.088 | MA (100 ep):  158.88
2026-04-15 20:26:35,306 - Episodio: 243/800 | Reward:  247.70 | Temp: 0.087 | MA (100 ep):  160.91
2026-04-15 20:26:36,365 - Episodio: 244/800 | Reward:  247.14 | Temp: 0.086 | MA (100 ep):  161.16
2026-04-15 20:26:37,564 - Episodio: 245/800 | Reward:  278.46 | Temp: 0.085 | MA (100 ep):  161.27
2026-04-15 20:26:38,406 - Episodio: 246/800 | Reward:  264.07 | Temp: 0.084 | MA (100 ep):  164.39
2026-04-15 20:26:39,233 - Episodio: 247/800 | Reward:  244.99 | Temp: 0.084 | MA (100 ep):  164.55
2026-04-15 20:26:42,481 - Episodio: 248/800 | Reward:  288.00 | Temp: 0.083 | MA (100 ep):  165.68
2026-04-15 20:26:43,740 - Episodio: 249/800 | Reward:  254.31 | Temp: 0.082 | MA (100 ep):  165.86
2026-04-15 20:26:44,633 - Episodio: 250/800 | Reward:  229.41 | Temp: 0.081 | MA (100 ep):  168.08
2026-04-15 20:26:44,633 - --- Inizio Evaluation run all'Episodio 250 ---
2026-04-15 20:26:50,251 - *** EVALUATION | Epi: 250 | Mean Reward (50 Run):  233.04 ± 63.53 ***
2026-04-15 20:26:50,251 - --- Fine Evaluation ---
2026-04-15 20:26:51,034 - Episodio: 251/800 | Reward:  270.97 | Temp: 0.080 | MA (100 ep):  168.45
2026-04-15 20:26:52,118 - Episodio: 252/800 | Reward:  279.43 | Temp: 0.079 | MA (100 ep):  169.30
2026-04-15 20:26:53,103 - Episodio: 253/800 | Reward:  268.30 | Temp: 0.079 | MA (100 ep):  170.45
2026-04-15 20:26:55,100 - Episodio: 254/800 | Reward:  230.66 | Temp: 0.078 | MA (100 ep):  170.21
2026-04-15 20:26:56,781 - Episodio: 255/800 | Reward:  217.63 | Temp: 0.077 | MA (100 ep):  173.08
2026-04-15 20:26:58,048 - Episodio: 256/800 | Reward:  247.61 | Temp: 0.076 | MA (100 ep):  173.25
2026-04-15 20:26:59,055 - Episodio: 257/800 | Reward:  273.20 | Temp: 0.076 | MA (100 ep):  173.35
2026-04-15 20:26:59,919 - Episodio: 258/800 | Reward:  272.67 | Temp: 0.075 | MA (100 ep):  174.13
2026-04-15 20:27:02,374 - Episodio: 259/800 | Reward:  186.88 | Temp: 0.074 | MA (100 ep):  173.62
2026-04-15 20:27:03,967 - Episodio: 260/800 | Reward:  204.97 | Temp: 0.073 | MA (100 ep):  173.74
2026-04-15 20:27:05,073 - Episodio: 261/800 | Reward:  266.20 | Temp: 0.073 | MA (100 ep):  174.16
2026-04-15 20:27:06,665 - Episodio: 262/800 | Reward:  231.45 | Temp: 0.072 | MA (100 ep):  173.91
2026-04-15 20:27:08,106 - Episodio: 263/800 | Reward:  271.20 | Temp: 0.071 | MA (100 ep):  177.14
2026-04-15 20:27:09,524 - Episodio: 264/800 | Reward:  280.04 | Temp: 0.070 | MA (100 ep):  180.64
2026-04-15 20:27:10,444 - Episodio: 265/800 | Reward:  266.93 | Temp: 0.070 | MA (100 ep):  182.06
2026-04-15 20:27:11,327 - Episodio: 266/800 | Reward:  255.98 | Temp: 0.069 | MA (100 ep):  182.23
2026-04-15 20:27:12,003 - Episodio: 267/800 | Reward:  249.40 | Temp: 0.068 | MA (100 ep):  182.50
2026-04-15 20:27:13,043 - Episodio: 268/800 | Reward:  290.22 | Temp: 0.068 | MA (100 ep):  185.67
2026-04-15 20:27:13,847 - Episodio: 269/800 | Reward:  231.99 | Temp: 0.067 | MA (100 ep):  188.45
2026-04-15 20:27:15,837 - Episodio: 270/800 | Reward:  182.41 | Temp: 0.066 | MA (100 ep):  190.95
2026-04-15 20:27:16,849 - Episodio: 271/800 | Reward:  278.20 | Temp: 0.066 | MA (100 ep):  194.32
2026-04-15 20:27:17,864 - Episodio: 272/800 | Reward:  278.03 | Temp: 0.065 | MA (100 ep):  195.97
2026-04-15 20:27:19,527 - Episodio: 273/800 | Reward:  248.57 | Temp: 0.064 | MA (100 ep):  198.15
2026-04-15 20:27:20,424 - Episodio: 274/800 | Reward:  259.99 | Temp: 0.064 | MA (100 ep):  199.56
2026-04-15 20:27:21,801 - Episodio: 275/800 | Reward:  257.48 | Temp: 0.063 | MA (100 ep):  199.18
2026-04-15 20:27:22,717 - Episodio: 276/800 | Reward:  273.89 | Temp: 0.062 | MA (100 ep):  199.20
2026-04-15 20:27:23,661 - Episodio: 277/800 | Reward:  285.67 | Temp: 0.062 | MA (100 ep):  200.12
2026-04-15 20:27:24,612 - Episodio: 278/800 | Reward:  273.85 | Temp: 0.061 | MA (100 ep):  200.39
2026-04-15 20:27:25,369 - Episodio: 279/800 | Reward:  243.30 | Temp: 0.061 | MA (100 ep):  203.41
2026-04-15 20:27:26,507 - Episodio: 280/800 | Reward:  274.73 | Temp: 0.060 | MA (100 ep):  206.40
2026-04-15 20:27:27,136 - Episodio: 281/800 | Reward:  234.78 | Temp: 0.059 | MA (100 ep):  206.76
2026-04-15 20:27:27,981 - Episodio: 282/800 | Reward:  267.79 | Temp: 0.059 | MA (100 ep):  206.53
2026-04-15 20:27:29,049 - Episodio: 283/800 | Reward:  259.80 | Temp: 0.058 | MA (100 ep):  209.87
2026-04-15 20:27:30,198 - Episodio: 284/800 | Reward:  274.90 | Temp: 0.058 | MA (100 ep):  210.50
2026-04-15 20:27:31,239 - Episodio: 285/800 | Reward:  249.19 | Temp: 0.057 | MA (100 ep):  210.36
2026-04-15 20:27:32,221 - Episodio: 286/800 | Reward:  257.87 | Temp: 0.056 | MA (100 ep):  211.07
2026-04-15 20:27:33,206 - Episodio: 287/800 | Reward:  282.24 | Temp: 0.056 | MA (100 ep):  211.53
2026-04-15 20:27:34,172 - Episodio: 288/800 | Reward:  268.82 | Temp: 0.055 | MA (100 ep):  211.54
2026-04-15 20:27:34,862 - Episodio: 289/800 | Reward:  252.81 | Temp: 0.055 | MA (100 ep):  214.30
2026-04-15 20:27:36,279 - Episodio: 290/800 | Reward:  232.70 | Temp: 0.054 | MA (100 ep):  214.96
2026-04-15 20:27:37,052 - Episodio: 291/800 | Reward:  286.97 | Temp: 0.054 | MA (100 ep):  220.39
2026-04-15 20:27:37,796 - Episodio: 292/800 | Reward:  260.92 | Temp: 0.053 | MA (100 ep):  220.39
2026-04-15 20:27:40,330 - Episodio: 293/800 | Reward:  161.76 | Temp: 0.053 | MA (100 ep):  219.98
2026-04-15 20:27:41,576 - Episodio: 294/800 | Reward:  250.94 | Temp: 0.052 | MA (100 ep):  220.16
2026-04-15 20:27:42,605 - Episodio: 295/800 | Reward:  270.51 | Temp: 0.052 | MA (100 ep):  223.11
2026-04-15 20:27:43,819 - Episodio: 296/800 | Reward:  278.01 | Temp: 0.051 | MA (100 ep):  223.47
2026-04-15 20:27:44,907 - Episodio: 297/800 | Reward:  267.78 | Temp: 0.051 | MA (100 ep):  223.84
2026-04-15 20:27:45,948 - Episodio: 298/800 | Reward:  272.49 | Temp: 0.050 | MA (100 ep):  224.84
2026-04-15 20:27:48,252 - Episodio: 299/800 | Reward:  148.74 | Temp: 0.050 | MA (100 ep):  224.27
2026-04-15 20:27:50,810 - Episodio: 300/800 | Reward:  191.31 | Temp: 0.049 | MA (100 ep):  223.24
2026-04-15 20:27:50,810 - --- Inizio Evaluation run all'Episodio 300 ---
2026-04-15 20:27:55,081 - *** EVALUATION | Epi: 300 | Mean Reward (50 Run):  253.85 ± 41.81 ***
2026-04-15 20:27:55,081 - --- Fine Evaluation ---
2026-04-15 20:27:56,191 - Episodio: 301/800 | Reward:  249.42 | Temp: 0.049 | MA (100 ep):  226.47
2026-04-15 20:27:57,097 - Episodio: 302/800 | Reward:  241.41 | Temp: 0.048 | MA (100 ep):  226.77
2026-04-15 20:27:57,819 - Episodio: 303/800 | Reward:  235.15 | Temp: 0.048 | MA (100 ep):  226.54
2026-04-15 20:27:58,787 - Episodio: 304/800 | Reward:  283.16 | Temp: 0.047 | MA (100 ep):  226.87
2026-04-15 20:28:00,898 - Episodio: 305/800 | Reward:  210.32 | Temp: 0.047 | MA (100 ep):  227.27
2026-04-15 20:28:01,924 - Episodio: 306/800 | Reward:  280.32 | Temp: 0.046 | MA (100 ep):  227.82
2026-04-15 20:28:02,756 - Episodio: 307/800 | Reward:  278.36 | Temp: 0.046 | MA (100 ep):  228.58
2026-04-15 20:28:03,459 - Episodio: 308/800 | Reward:  236.83 | Temp: 0.045 | MA (100 ep):  228.47
2026-04-15 20:28:04,231 - Episodio: 309/800 | Reward:  259.37 | Temp: 0.045 | MA (100 ep):  231.36
2026-04-15 20:28:05,092 - Episodio: 310/800 | Reward:  227.26 | Temp: 0.044 | MA (100 ep):  233.86
2026-04-15 20:28:05,807 - Episodio: 311/800 | Reward:  283.72 | Temp: 0.044 | MA (100 ep):  236.88
2026-04-15 20:28:06,486 - Episodio: 312/800 | Reward:  245.16 | Temp: 0.043 | MA (100 ep):  237.06
2026-04-15 20:28:07,368 - Episodio: 313/800 | Reward:  298.56 | Temp: 0.043 | MA (100 ep):  238.29
2026-04-15 20:28:08,531 - Episodio: 314/800 | Reward:  296.97 | Temp: 0.043 | MA (100 ep):  238.97
2026-04-15 20:28:09,301 - Episodio: 315/800 | Reward:  289.60 | Temp: 0.042 | MA (100 ep):  239.11
2026-04-15 20:28:10,059 - Episodio: 316/800 | Reward:  259.93 | Temp: 0.042 | MA (100 ep):  246.62
2026-04-15 20:28:10,842 - Episodio: 317/800 | Reward:  291.65 | Temp: 0.041 | MA (100 ep):  246.71
2026-04-15 20:28:11,732 - Episodio: 318/800 | Reward:  247.22 | Temp: 0.041 | MA (100 ep):  246.49
2026-04-15 20:28:12,896 - Episodio: 319/800 | Reward:  255.42 | Temp: 0.041 | MA (100 ep):  246.51
2026-04-15 20:28:13,671 - Episodio: 320/800 | Reward:  236.63 | Temp: 0.040 | MA (100 ep):  246.17
2026-04-15 20:28:14,751 - Episodio: 321/800 | Reward:  239.60 | Temp: 0.040 | MA (100 ep):  245.81
2026-04-15 20:28:15,880 - Episodio: 322/800 | Reward: -340.65 | Temp: 0.039 | MA (100 ep):  239.75
2026-04-15 20:28:16,574 - Episodio: 323/800 | Reward:  233.71 | Temp: 0.039 | MA (100 ep):  239.47
2026-04-15 20:28:17,554 - Episodio: 324/800 | Reward:  268.90 | Temp: 0.039 | MA (100 ep):  239.33
2026-04-15 20:28:18,483 - Episodio: 325/800 | Reward:  210.05 | Temp: 0.038 | MA (100 ep):  239.17
2026-04-15 20:28:19,422 - Episodio: 326/800 | Reward:  227.35 | Temp: 0.038 | MA (100 ep):  238.96
2026-04-15 20:28:20,109 - Episodio: 327/800 | Reward:  255.61 | Temp: 0.037 | MA (100 ep):  239.44
2026-04-15 20:28:20,858 - Episodio: 328/800 | Reward:  259.06 | Temp: 0.037 | MA (100 ep):  239.84
2026-04-15 20:28:21,624 - Episodio: 329/800 | Reward:  245.46 | Temp: 0.037 | MA (100 ep):  240.66
2026-04-15 20:28:22,287 - Episodio: 330/800 | Reward:  255.25 | Temp: 0.036 | MA (100 ep):  245.04
2026-04-15 20:28:25,341 - Episodio: 331/800 | Reward:  203.10 | Temp: 0.036 | MA (100 ep):  244.57
2026-04-15 20:28:26,553 - Episodio: 332/800 | Reward:  257.57 | Temp: 0.036 | MA (100 ep):  244.36
2026-04-15 20:28:27,737 - Episodio: 333/800 | Reward:  272.28 | Temp: 0.035 | MA (100 ep):  244.45
2026-04-15 20:28:28,763 - Episodio: 334/800 | Reward:  256.89 | Temp: 0.035 | MA (100 ep):  244.86
2026-04-15 20:28:29,778 - Episodio: 335/800 | Reward:  282.32 | Temp: 0.034 | MA (100 ep):  245.23
2026-04-15 20:28:30,648 - Episodio: 336/800 | Reward:  259.79 | Temp: 0.034 | MA (100 ep):  245.06
2026-04-15 20:28:31,610 - Episodio: 337/800 | Reward:  304.15 | Temp: 0.034 | MA (100 ep):  245.47
2026-04-15 20:28:32,715 - Episodio: 338/800 | Reward:  254.61 | Temp: 0.033 | MA (100 ep):  247.80
2026-04-15 20:28:33,645 - Episodio: 339/800 | Reward:  253.62 | Temp: 0.033 | MA (100 ep):  248.05
2026-04-15 20:28:34,673 - Episodio: 340/800 | Reward:  286.65 | Temp: 0.033 | MA (100 ep):  248.44
2026-04-15 20:28:35,652 - Episodio: 341/800 | Reward:  263.23 | Temp: 0.032 | MA (100 ep):  248.56
2026-04-15 20:28:36,329 - Episodio: 342/800 | Reward:  264.29 | Temp: 0.032 | MA (100 ep):  248.96
2026-04-15 20:28:37,310 - Episodio: 343/800 | Reward:  254.89 | Temp: 0.032 | MA (100 ep):  249.03
2026-04-15 20:28:38,480 - Episodio: 344/800 | Reward:  215.74 | Temp: 0.032 | MA (100 ep):  248.71
2026-04-15 20:28:39,667 - Episodio: 345/800 | Reward:  270.79 | Temp: 0.031 | MA (100 ep):  248.64
2026-04-15 20:28:40,413 - Episodio: 346/800 | Reward:  268.85 | Temp: 0.031 | MA (100 ep):  248.68
2026-04-15 20:28:41,577 - Episodio: 347/800 | Reward:  271.43 | Temp: 0.031 | MA (100 ep):  248.95
2026-04-15 20:28:43,924 - Episodio: 348/800 | Reward:  192.76 | Temp: 0.030 | MA (100 ep):  248.00
2026-04-15 20:28:44,919 - Episodio: 349/800 | Reward:  297.13 | Temp: 0.030 | MA (100 ep):  248.42
2026-04-15 20:28:45,788 - Episodio: 350/800 | Reward:  261.33 | Temp: 0.030 | MA (100 ep):  248.74
2026-04-15 20:28:45,788 - --- Inizio Evaluation run all'Episodio 350 ---
2026-04-15 20:28:49,171 - *** EVALUATION | Epi: 350 | Mean Reward (50 Run):  267.13 ± 27.86 ***
2026-04-15 20:28:49,171 - --- Fine Evaluation ---
2026-04-15 20:28:50,760 - Episodio: 351/800 | Reward:  221.37 | Temp: 0.029 | MA (100 ep):  248.25
2026-04-15 20:28:51,517 - Episodio: 352/800 | Reward:  272.49 | Temp: 0.029 | MA (100 ep):  248.18
2026-04-15 20:28:52,415 - Episodio: 353/800 | Reward:  290.69 | Temp: 0.029 | MA (100 ep):  248.40
2026-04-15 20:28:53,139 - Episodio: 354/800 | Reward:  257.80 | Temp: 0.029 | MA (100 ep):  248.67
2026-04-15 20:28:53,849 - Episodio: 355/800 | Reward:  265.62 | Temp: 0.028 | MA (100 ep):  249.15
2026-04-15 20:28:54,732 - Episodio: 356/800 | Reward:  304.56 | Temp: 0.028 | MA (100 ep):  249.72
2026-04-15 20:28:55,646 - Episodio: 357/800 | Reward:  292.34 | Temp: 0.028 | MA (100 ep):  249.91
2026-04-15 20:28:58,567 - Episodio: 358/800 | Reward:  152.40 | Temp: 0.027 | MA (100 ep):  248.71
2026-04-15 20:28:59,591 - Episodio: 359/800 | Reward:  296.32 | Temp: 0.027 | MA (100 ep):  249.81
2026-04-15 20:29:00,490 - Episodio: 360/800 | Reward:  296.58 | Temp: 0.027 | MA (100 ep):  250.72
2026-04-15 20:29:01,535 - Episodio: 361/800 | Reward:  272.33 | Temp: 0.027 | MA (100 ep):  250.78
2026-04-15 20:29:03,005 - Episodio: 362/800 | Reward:  234.01 | Temp: 0.026 | MA (100 ep):  250.81
2026-04-15 20:29:04,163 - Episodio: 363/800 | Reward:  257.15 | Temp: 0.026 | MA (100 ep):  250.67
2026-04-15 20:29:05,028 - Episodio: 364/800 | Reward:  263.86 | Temp: 0.026 | MA (100 ep):  250.51
2026-04-15 20:29:05,691 - Episodio: 365/800 | Reward:  271.97 | Temp: 0.026 | MA (100 ep):  250.56
2026-04-15 20:29:06,635 - Episodio: 366/800 | Reward:  299.75 | Temp: 0.025 | MA (100 ep):  250.99
2026-04-15 20:29:08,119 - Episodio: 367/800 | Reward:  255.14 | Temp: 0.025 | MA (100 ep):  251.05
2026-04-15 20:29:09,413 - Episodio: 368/800 | Reward:  175.98 | Temp: 0.025 | MA (100 ep):  249.91
2026-04-15 20:29:10,180 - Episodio: 369/800 | Reward:  261.99 | Temp: 0.025 | MA (100 ep):  250.21
2026-04-15 20:29:10,849 - Episodio: 370/800 | Reward:  285.91 | Temp: 0.024 | MA (100 ep):  251.24
2026-04-15 20:29:11,776 - Episodio: 371/800 | Reward:  300.82 | Temp: 0.024 | MA (100 ep):  251.47
2026-04-15 20:29:12,655 - Episodio: 372/800 | Reward:  267.04 | Temp: 0.024 | MA (100 ep):  251.36
2026-04-15 20:29:13,684 - Episodio: 373/800 | Reward:  258.07 | Temp: 0.024 | MA (100 ep):  251.46
2026-04-15 20:29:14,507 - Episodio: 374/800 | Reward:  278.45 | Temp: 0.023 | MA (100 ep):  251.64
2026-04-15 20:29:15,464 - Episodio: 375/800 | Reward:  241.78 | Temp: 0.023 | MA (100 ep):  251.48
2026-04-15 20:29:17,357 - Episodio: 376/800 | Reward:  262.60 | Temp: 0.023 | MA (100 ep):  251.37
2026-04-15 20:29:18,867 - Episodio: 377/800 | Reward:  263.74 | Temp: 0.023 | MA (100 ep):  251.15
2026-04-15 20:29:19,781 - Episodio: 378/800 | Reward:  291.28 | Temp: 0.022 | MA (100 ep):  251.33
2026-04-15 20:29:20,947 - Episodio: 379/800 | Reward:  280.71 | Temp: 0.022 | MA (100 ep):  251.70
2026-04-15 20:29:21,972 - Episodio: 380/800 | Reward:  271.70 | Temp: 0.022 | MA (100 ep):  251.67
2026-04-15 20:29:22,697 - Episodio: 381/800 | Reward:  222.33 | Temp: 0.022 | MA (100 ep):  251.55
2026-04-15 20:29:24,049 - Episodio: 382/800 | Reward:  224.55 | Temp: 0.022 | MA (100 ep):  251.11
2026-04-15 20:29:27,146 - Episodio: 383/800 | Reward:  143.95 | Temp: 0.021 | MA (100 ep):  249.95
2026-04-15 20:29:28,086 - Episodio: 384/800 | Reward:  251.35 | Temp: 0.021 | MA (100 ep):  249.72
2026-04-15 20:29:28,830 - Episodio: 385/800 | Reward:  273.49 | Temp: 0.021 | MA (100 ep):  249.96
2026-04-15 20:29:29,608 - Episodio: 386/800 | Reward:  310.21 | Temp: 0.021 | MA (100 ep):  250.49
2026-04-15 20:29:30,434 - Episodio: 387/800 | Reward:  254.90 | Temp: 0.020 | MA (100 ep):  250.21
2026-04-15 20:29:31,285 - Episodio: 388/800 | Reward:  270.56 | Temp: 0.020 | MA (100 ep):  250.23
2026-04-15 20:29:33,122 - Episodio: 389/800 | Reward:  197.35 | Temp: 0.020 | MA (100 ep):  249.67
2026-04-15 20:29:34,018 - Episodio: 390/800 | Reward:  265.75 | Temp: 0.020 | MA (100 ep):  250.01
2026-04-15 20:29:34,706 - Episodio: 391/800 | Reward:  247.10 | Temp: 0.020 | MA (100 ep):  249.61
2026-04-15 20:29:35,669 - Episodio: 392/800 | Reward:  268.60 | Temp: 0.019 | MA (100 ep):  249.68
2026-04-15 20:29:36,434 - Episodio: 393/800 | Reward:  279.52 | Temp: 0.019 | MA (100 ep):  250.86
2026-04-15 20:29:37,110 - Episodio: 394/800 | Reward:  255.94 | Temp: 0.019 | MA (100 ep):  250.91
2026-04-15 20:29:38,054 - Episodio: 395/800 | Reward:  280.75 | Temp: 0.019 | MA (100 ep):  251.01
2026-04-15 20:29:39,201 - Episodio: 396/800 | Reward:  292.02 | Temp: 0.019 | MA (100 ep):  251.15
2026-04-15 20:29:40,071 - Episodio: 397/800 | Reward:  267.37 | Temp: 0.019 | MA (100 ep):  251.15
2026-04-15 20:29:40,765 - Episodio: 398/800 | Reward:  250.07 | Temp: 0.018 | MA (100 ep):  250.92
2026-04-15 20:29:41,867 - Episodio: 399/800 | Reward:  283.63 | Temp: 0.018 | MA (100 ep):  252.27
2026-04-15 20:29:42,591 - Episodio: 400/800 | Reward:  249.14 | Temp: 0.018 | MA (100 ep):  252.85
2026-04-15 20:29:42,591 - --- Inizio Evaluation run all'Episodio 400 ---
2026-04-15 20:29:46,641 - *** EVALUATION | Epi: 400 | Mean Reward (50 Run):  246.62 ± 68.92 ***
2026-04-15 20:29:46,641 - --- Fine Evaluation ---
2026-04-15 20:29:47,699 - Episodio: 401/800 | Reward:  254.33 | Temp: 0.018 | MA (100 ep):  252.90
2026-04-15 20:29:48,333 - Episodio: 402/800 | Reward:  250.63 | Temp: 0.018 | MA (100 ep):  252.99
2026-04-15 20:29:49,429 - Episodio: 403/800 | Reward:  259.52 | Temp: 0.017 | MA (100 ep):  253.24
2026-04-15 20:29:50,130 - Episodio: 404/800 | Reward:  260.17 | Temp: 0.017 | MA (100 ep):  253.01
2026-04-15 20:29:50,843 - Episodio: 405/800 | Reward:  260.48 | Temp: 0.017 | MA (100 ep):  253.51
2026-04-15 20:29:51,474 - Episodio: 406/800 | Reward:  244.53 | Temp: 0.017 | MA (100 ep):  253.15
2026-04-15 20:29:52,232 - Episodio: 407/800 | Reward:  261.17 | Temp: 0.017 | MA (100 ep):  252.98
2026-04-15 20:29:53,137 - Episodio: 408/800 | Reward:  272.15 | Temp: 0.017 | MA (100 ep):  253.33
2026-04-15 20:29:54,010 - Episodio: 409/800 | Reward:  265.03 | Temp: 0.016 | MA (100 ep):  253.39
2026-04-15 20:29:54,911 - Episodio: 410/800 | Reward:  302.01 | Temp: 0.016 | MA (100 ep):  254.14
2026-04-15 20:29:55,827 - Episodio: 411/800 | Reward:  277.50 | Temp: 0.016 | MA (100 ep):  254.07
2026-04-15 20:29:56,799 - Episodio: 412/800 | Reward:  259.44 | Temp: 0.016 | MA (100 ep):  254.22
2026-04-15 20:29:57,805 - Episodio: 413/800 | Reward:  271.06 | Temp: 0.016 | MA (100 ep):  253.94
2026-04-15 20:29:58,527 - Episodio: 414/800 | Reward:  236.55 | Temp: 0.016 | MA (100 ep):  253.34
2026-04-15 20:29:59,246 - Episodio: 415/800 | Reward:  265.49 | Temp: 0.015 | MA (100 ep):  253.10
2026-04-15 20:30:00,223 - Episodio: 416/800 | Reward:  265.29 | Temp: 0.015 | MA (100 ep):  253.15
2026-04-15 20:30:02,290 - Episodio: 417/800 | Reward:  182.94 | Temp: 0.015 | MA (100 ep):  252.06
2026-04-15 20:30:03,269 - Episodio: 418/800 | Reward:  276.87 | Temp: 0.015 | MA (100 ep):  252.36
2026-04-15 20:30:04,236 - Episodio: 419/800 | Reward:  256.84 | Temp: 0.015 | MA (100 ep):  252.37
2026-04-15 20:30:05,051 - Episodio: 420/800 | Reward:  250.46 | Temp: 0.015 | MA (100 ep):  252.51
2026-04-15 20:30:07,079 - Episodio: 421/800 | Reward:  158.29 | Temp: 0.015 | MA (100 ep):  251.70
2026-04-15 20:30:08,079 - Episodio: 422/800 | Reward:  283.33 | Temp: 0.014 | MA (100 ep):  257.94
2026-04-15 20:30:10,120 - Episodio: 423/800 | Reward:  215.84 | Temp: 0.014 | MA (100 ep):  257.76
2026-04-15 20:30:10,971 - Episodio: 424/800 | Reward:  265.51 | Temp: 0.014 | MA (100 ep):  257.73
2026-04-15 20:30:11,741 - Episodio: 425/800 | Reward:  253.81 | Temp: 0.014 | MA (100 ep):  258.16
2026-04-15 20:30:12,669 - Episodio: 426/800 | Reward:  304.95 | Temp: 0.014 | MA (100 ep):  258.94
2026-04-15 20:30:13,577 - Episodio: 427/800 | Reward:  244.69 | Temp: 0.014 | MA (100 ep):  258.83
2026-04-15 20:30:14,466 - Episodio: 428/800 | Reward:  279.30 | Temp: 0.014 | MA (100 ep):  259.03
2026-04-15 20:30:15,560 - Episodio: 429/800 | Reward:  271.66 | Temp: 0.013 | MA (100 ep):  259.30
2026-04-15 20:30:16,327 - Episodio: 430/800 | Reward:  299.56 | Temp: 0.013 | MA (100 ep):  259.74
2026-04-15 20:30:17,287 - Episodio: 431/800 | Reward:  299.72 | Temp: 0.013 | MA (100 ep):  260.70
2026-04-15 20:30:18,227 - Episodio: 432/800 | Reward:  275.66 | Temp: 0.013 | MA (100 ep):  260.89
2026-04-15 20:30:21,228 - Episodio: 433/800 | Reward:  175.41 | Temp: 0.013 | MA (100 ep):  259.92
2026-04-15 20:30:22,080 - Episodio: 434/800 | Reward:  259.61 | Temp: 0.013 | MA (100 ep):  259.94
2026-04-15 20:30:24,384 - Episodio: 435/800 | Reward:  228.79 | Temp: 0.013 | MA (100 ep):  259.41
2026-04-15 20:30:25,427 - Episodio: 436/800 | Reward:  284.30 | Temp: 0.013 | MA (100 ep):  259.65
2026-04-15 20:30:26,295 - Episodio: 437/800 | Reward:  259.50 | Temp: 0.012 | MA (100 ep):  259.21
2026-04-15 20:30:26,922 - Episodio: 438/800 | Reward:  236.59 | Temp: 0.012 | MA (100 ep):  259.03
2026-04-15 20:30:27,879 - Episodio: 439/800 | Reward:  277.72 | Temp: 0.012 | MA (100 ep):  259.27
2026-04-15 20:30:28,503 - Episodio: 440/800 | Reward:  271.07 | Temp: 0.012 | MA (100 ep):  259.11
2026-04-15 20:30:30,005 - Episodio: 441/800 | Reward:  217.42 | Temp: 0.012 | MA (100 ep):  258.65
2026-04-15 20:30:30,757 - Episodio: 442/800 | Reward:  257.28 | Temp: 0.012 | MA (100 ep):  258.58
2026-04-15 20:30:31,404 - Episodio: 443/800 | Reward:  260.98 | Temp: 0.012 | MA (100 ep):  258.64
2026-04-15 20:30:32,280 - Episodio: 444/800 | Reward:  303.85 | Temp: 0.012 | MA (100 ep):  259.53
2026-04-15 20:30:33,156 - Episodio: 445/800 | Reward:  273.63 | Temp: 0.011 | MA (100 ep):  259.55
2026-04-15 20:30:33,881 - Episodio: 446/800 | Reward:  260.17 | Temp: 0.011 | MA (100 ep):  259.47
2026-04-15 20:30:34,635 - Episodio: 447/800 | Reward:  279.83 | Temp: 0.011 | MA (100 ep):  259.55
2026-04-15 20:30:35,250 - Episodio: 448/800 | Reward:  268.15 | Temp: 0.011 | MA (100 ep):  260.31
2026-04-15 20:30:36,197 - Episodio: 449/800 | Reward:  281.41 | Temp: 0.011 | MA (100 ep):  260.15
2026-04-15 20:30:37,002 - Episodio: 450/800 | Reward:  271.90 | Temp: 0.011 | MA (100 ep):  260.25
2026-04-15 20:30:37,002 - --- Inizio Evaluation run all'Episodio 450 ---
2026-04-15 20:30:40,351 - *** EVALUATION | Epi: 450 | Mean Reward (50 Run):  270.47 ± 22.17 ***
2026-04-15 20:30:40,351 - --- Fine Evaluation ---
2026-04-15 20:30:41,000 - Episodio: 451/800 | Reward:  249.49 | Temp: 0.011 | MA (100 ep):  260.54
2026-04-15 20:30:41,848 - Episodio: 452/800 | Reward:  286.76 | Temp: 0.011 | MA (100 ep):  260.68
2026-04-15 20:30:42,450 - Episodio: 453/800 | Reward:  290.12 | Temp: 0.011 | MA (100 ep):  260.67
2026-04-15 20:30:43,141 - Episodio: 454/800 | Reward:  258.33 | Temp: 0.010 | MA (100 ep):  260.68
2026-04-15 20:30:43,913 - Episodio: 455/800 | Reward:  282.91 | Temp: 0.010 | MA (100 ep):  260.85
2026-04-15 20:30:44,627 - Episodio: 456/800 | Reward:  268.88 | Temp: 0.010 | MA (100 ep):  260.49
2026-04-15 20:30:45,571 - Episodio: 457/800 | Reward:  291.34 | Temp: 0.010 | MA (100 ep):  260.48
2026-04-15 20:30:47,338 - Episodio: 458/800 | Reward:  150.00 | Temp: 0.010 | MA (100 ep):  260.46
2026-04-15 20:30:48,285 - Episodio: 459/800 | Reward:  231.20 | Temp: 0.010 | MA (100 ep):  259.81
2026-04-15 20:30:49,217 - Episodio: 460/800 | Reward:  294.46 | Temp: 0.010 | MA (100 ep):  259.79
2026-04-15 20:30:50,407 - Episodio: 461/800 | Reward:  218.01 | Temp: 0.010 | MA (100 ep):  259.24
2026-04-15 20:30:51,177 - Episodio: 462/800 | Reward:  257.97 | Temp: 0.010 | MA (100 ep):  259.48
2026-04-15 20:30:52,997 - Episodio: 463/800 | Reward:  268.26 | Temp: 0.010 | MA (100 ep):  259.60
2026-04-15 20:30:54,244 - Episodio: 464/800 | Reward:  226.08 | Temp: 0.010 | MA (100 ep):  259.22
2026-04-15 20:30:55,206 - Episodio: 465/800 | Reward:  226.64 | Temp: 0.010 | MA (100 ep):  258.76
2026-04-15 20:30:55,819 - Episodio: 466/800 | Reward:  274.51 | Temp: 0.010 | MA (100 ep):  258.51
2026-04-15 20:30:56,644 - Episodio: 467/800 | Reward:  275.69 | Temp: 0.010 | MA (100 ep):  258.72
2026-04-15 20:30:57,798 - Episodio: 468/800 | Reward:  279.30 | Temp: 0.010 | MA (100 ep):  259.75
2026-04-15 20:30:58,544 - Episodio: 469/800 | Reward:  261.62 | Temp: 0.010 | MA (100 ep):  259.75
2026-04-15 20:30:59,320 - Episodio: 470/800 | Reward:  258.76 | Temp: 0.010 | MA (100 ep):  259.48
2026-04-15 20:31:00,015 - Episodio: 471/800 | Reward:  256.21 | Temp: 0.010 | MA (100 ep):  259.03
2026-04-15 20:31:00,591 - Episodio: 472/800 | Reward:  231.76 | Temp: 0.010 | MA (100 ep):  258.68
2026-04-15 20:31:01,774 - Episodio: 473/800 | Reward:  269.64 | Temp: 0.010 | MA (100 ep):  258.79
2026-04-15 20:31:02,675 - Episodio: 474/800 | Reward:  275.63 | Temp: 0.010 | MA (100 ep):  258.76
2026-04-15 20:31:03,547 - Episodio: 475/800 | Reward:  265.76 | Temp: 0.010 | MA (100 ep):  259.00
2026-04-15 20:31:04,174 - Episodio: 476/800 | Reward:  265.64 | Temp: 0.010 | MA (100 ep):  259.03
2026-04-15 20:31:04,996 - Episodio: 477/800 | Reward:  250.71 | Temp: 0.010 | MA (100 ep):  258.90
2026-04-15 20:31:05,706 - Episodio: 478/800 | Reward:  247.78 | Temp: 0.010 | MA (100 ep):  258.47
2026-04-15 20:31:07,462 - Episodio: 479/800 | Reward:  257.25 | Temp: 0.010 | MA (100 ep):  258.23
2026-04-15 20:31:07,862 - Episodio: 480/800 | Reward:    2.39 | Temp: 0.010 | MA (100 ep):  255.54
2026-04-15 20:31:08,769 - Episodio: 481/800 | Reward:  279.38 | Temp: 0.010 | MA (100 ep):  256.11
2026-04-15 20:31:12,363 - Episodio: 482/800 | Reward:  145.61 | Temp: 0.010 | MA (100 ep):  255.32
2026-04-15 20:31:13,083 - Episodio: 483/800 | Reward:  255.14 | Temp: 0.010 | MA (100 ep):  256.43
2026-04-15 20:31:13,744 - Episodio: 484/800 | Reward:  252.74 | Temp: 0.010 | MA (100 ep):  256.45
2026-04-15 20:31:14,649 - Episodio: 485/800 | Reward:  287.94 | Temp: 0.010 | MA (100 ep):  256.59
2026-04-15 20:31:16,023 - Episodio: 486/800 | Reward: -140.81 | Temp: 0.010 | MA (100 ep):  252.08
2026-04-15 20:31:17,652 - Episodio: 487/800 | Reward:  250.45 | Temp: 0.010 | MA (100 ep):  252.04
2026-04-15 20:31:18,352 - Episodio: 488/800 | Reward:  255.34 | Temp: 0.010 | MA (100 ep):  251.89
2026-04-15 20:31:19,980 - Episodio: 489/800 | Reward:  209.31 | Temp: 0.010 | MA (100 ep):  252.01
2026-04-15 20:31:22,706 - Episodio: 490/800 | Reward:  255.34 | Temp: 0.010 | MA (100 ep):  251.90
2026-04-15 20:31:23,385 - Episodio: 491/800 | Reward:  249.07 | Temp: 0.010 | MA (100 ep):  251.92
2026-04-15 20:31:24,269 - Episodio: 492/800 | Reward:  258.80 | Temp: 0.010 | MA (100 ep):  251.82
2026-04-15 20:31:25,134 - Episodio: 493/800 | Reward:  252.17 | Temp: 0.010 | MA (100 ep):  251.55
2026-04-15 20:31:25,927 - Episodio: 494/800 | Reward:  277.08 | Temp: 0.010 | MA (100 ep):  251.76
2026-04-15 20:31:27,443 - Episodio: 495/800 | Reward:  234.49 | Temp: 0.010 | MA (100 ep):  251.30
2026-04-15 20:31:28,689 - Episodio: 496/800 | Reward:  239.70 | Temp: 0.010 | MA (100 ep):  250.77
2026-04-15 20:31:29,601 - Episodio: 497/800 | Reward:  250.15 | Temp: 0.010 | MA (100 ep):  250.60
2026-04-15 20:31:30,331 - Episodio: 498/800 | Reward:  269.95 | Temp: 0.010 | MA (100 ep):  250.80
2026-04-15 20:31:31,285 - Episodio: 499/800 | Reward:  244.68 | Temp: 0.010 | MA (100 ep):  250.41
2026-04-15 20:31:32,124 - Episodio: 500/800 | Reward:   25.42 | Temp: 0.010 | MA (100 ep):  248.17
2026-04-15 20:31:32,126 - --- Inizio Evaluation run all'Episodio 500 ---
2026-04-15 20:31:36,731 - *** EVALUATION | Epi: 500 | Mean Reward (50 Run):  253.93 ± 43.47 ***
2026-04-15 20:31:36,731 - --- Fine Evaluation ---
2026-04-15 20:31:37,712 - Episodio: 501/800 | Reward:  267.43 | Temp: 0.010 | MA (100 ep):  248.31
2026-04-15 20:31:38,965 - Episodio: 502/800 | Reward:  246.74 | Temp: 0.010 | MA (100 ep):  248.27
2026-04-15 20:31:39,822 - Episodio: 503/800 | Reward:  260.95 | Temp: 0.010 | MA (100 ep):  248.28
2026-04-15 20:31:40,514 - Episodio: 504/800 | Reward:  302.92 | Temp: 0.010 | MA (100 ep):  248.71
2026-04-15 20:31:42,052 - Episodio: 505/800 | Reward:  261.43 | Temp: 0.010 | MA (100 ep):  248.72
2026-04-15 20:31:42,635 - Episodio: 506/800 | Reward:  263.27 | Temp: 0.010 | MA (100 ep):  248.91
2026-04-15 20:31:43,667 - Episodio: 507/800 | Reward:  245.66 | Temp: 0.010 | MA (100 ep):  248.75
2026-04-15 20:31:44,529 - Episodio: 508/800 | Reward:  278.07 | Temp: 0.010 | MA (100 ep):  248.81
2026-04-15 20:31:45,987 - Episodio: 509/800 | Reward:  273.88 | Temp: 0.010 | MA (100 ep):  248.90
2026-04-15 20:31:46,820 - Episodio: 510/800 | Reward:  269.71 | Temp: 0.010 | MA (100 ep):  248.58
2026-04-15 20:31:47,263 - Episodio: 511/800 | Reward:  -72.16 | Temp: 0.010 | MA (100 ep):  245.08
2026-04-15 20:31:48,294 - Episodio: 512/800 | Reward:  262.11 | Temp: 0.010 | MA (100 ep):  245.11
2026-04-15 20:31:48,987 - Episodio: 513/800 | Reward:  240.16 | Temp: 0.010 | MA (100 ep):  244.80
2026-04-15 20:31:49,705 - Episodio: 514/800 | Reward:  264.77 | Temp: 0.010 | MA (100 ep):  245.08
2026-04-15 20:31:50,404 - Episodio: 515/800 | Reward:  244.74 | Temp: 0.010 | MA (100 ep):  244.87
2026-04-15 20:31:51,341 - Episodio: 516/800 | Reward:  290.32 | Temp: 0.010 | MA (100 ep):  245.12
2026-04-15 20:31:52,278 - Episodio: 517/800 | Reward:  278.59 | Temp: 0.010 | MA (100 ep):  246.08
2026-04-15 20:31:52,809 - Episodio: 518/800 | Reward:  263.69 | Temp: 0.010 | MA (100 ep):  245.95
2026-04-15 20:31:53,810 - Episodio: 519/800 | Reward:  269.59 | Temp: 0.010 | MA (100 ep):  246.07
2026-04-15 20:31:54,500 - Episodio: 520/800 | Reward:  280.60 | Temp: 0.010 | MA (100 ep):  246.37
2026-04-15 20:31:55,702 - Episodio: 521/800 | Reward:  250.98 | Temp: 0.010 | MA (100 ep):  247.30
2026-04-15 20:31:56,406 - Episodio: 522/800 | Reward:  284.39 | Temp: 0.010 | MA (100 ep):  247.31
2026-04-15 20:31:57,087 - Episodio: 523/800 | Reward:  247.52 | Temp: 0.010 | MA (100 ep):  247.63
2026-04-15 20:31:57,805 - Episodio: 524/800 | Reward:  274.81 | Temp: 0.010 | MA (100 ep):  247.72
2026-04-15 20:31:59,109 - Episodio: 525/800 | Reward:  254.21 | Temp: 0.010 | MA (100 ep):  247.73
2026-04-15 20:32:00,062 - Episodio: 526/800 | Reward:  247.23 | Temp: 0.010 | MA (100 ep):  247.15
2026-04-15 20:32:00,907 - Episodio: 527/800 | Reward:  268.23 | Temp: 0.010 | MA (100 ep):  247.38
2026-04-15 20:32:01,691 - Episodio: 528/800 | Reward:  247.53 | Temp: 0.010 | MA (100 ep):  247.07
2026-04-15 20:32:02,388 - Episodio: 529/800 | Reward:  275.04 | Temp: 0.010 | MA (100 ep):  247.10
2026-04-15 20:32:03,076 - Episodio: 530/800 | Reward:  292.71 | Temp: 0.010 | MA (100 ep):  247.03
2026-04-15 20:32:03,720 - Episodio: 531/800 | Reward:  287.68 | Temp: 0.010 | MA (100 ep):  246.91
2026-04-15 20:32:04,441 - Episodio: 532/800 | Reward:  264.08 | Temp: 0.010 | MA (100 ep):  246.80
2026-04-15 20:32:05,170 - Episodio: 533/800 | Reward:  254.02 | Temp: 0.010 | MA (100 ep):  247.58
2026-04-15 20:32:05,927 - Episodio: 534/800 | Reward:  279.55 | Temp: 0.010 | MA (100 ep):  247.78
2026-04-15 20:32:06,828 - Episodio: 535/800 | Reward:  275.65 | Temp: 0.010 | MA (100 ep):  248.25
2026-04-15 20:32:07,501 - Episodio: 536/800 | Reward:   20.72 | Temp: 0.010 | MA (100 ep):  245.61
2026-04-15 20:32:08,301 - Episodio: 537/800 | Reward:  273.83 | Temp: 0.010 | MA (100 ep):  245.76
2026-04-15 20:32:08,856 - Episodio: 538/800 | Reward:  249.59 | Temp: 0.010 | MA (100 ep):  245.89
2026-04-15 20:32:09,695 - Episodio: 539/800 | Reward:  289.97 | Temp: 0.010 | MA (100 ep):  246.01
2026-04-15 20:32:10,973 - Episodio: 540/800 | Reward:  265.27 | Temp: 0.010 | MA (100 ep):  245.95
2026-04-15 20:32:11,523 - Episodio: 541/800 | Reward: -415.89 | Temp: 0.010 | MA (100 ep):  239.62
2026-04-15 20:32:12,169 - Episodio: 542/800 | Reward:  283.18 | Temp: 0.010 | MA (100 ep):  239.88
2026-04-15 20:32:12,977 - Episodio: 543/800 | Reward:  258.11 | Temp: 0.010 | MA (100 ep):  239.85
2026-04-15 20:32:13,665 - Episodio: 544/800 | Reward:  304.24 | Temp: 0.010 | MA (100 ep):  239.85
2026-04-15 20:32:14,496 - Episodio: 545/800 | Reward:  275.07 | Temp: 0.010 | MA (100 ep):  239.87
2026-04-15 20:32:15,343 - Episodio: 546/800 | Reward:  260.97 | Temp: 0.010 | MA (100 ep):  239.87
2026-04-15 20:32:17,015 - Episodio: 547/800 | Reward:  245.05 | Temp: 0.010 | MA (100 ep):  239.53
2026-04-15 20:32:17,868 - Episodio: 548/800 | Reward:  276.65 | Temp: 0.010 | MA (100 ep):  239.61
2026-04-15 20:32:18,533 - Episodio: 549/800 | Reward:  250.76 | Temp: 0.010 | MA (100 ep):  239.31
2026-04-15 20:32:19,272 - Episodio: 550/800 | Reward:  270.18 | Temp: 0.010 | MA (100 ep):  239.29
2026-04-15 20:32:19,272 - --- Inizio Evaluation run all'Episodio 550 ---
2026-04-15 20:32:23,026 - *** EVALUATION | Epi: 550 | Mean Reward (50 Run):  240.43 ± 76.88 ***
2026-04-15 20:32:23,026 - --- Fine Evaluation ---
2026-04-15 20:32:23,672 - Episodio: 551/800 | Reward:  279.44 | Temp: 0.010 | MA (100 ep):  239.59
2026-04-15 20:32:24,997 - Episodio: 552/800 | Reward:  270.30 | Temp: 0.010 | MA (100 ep):  239.42
2026-04-15 20:32:25,784 - Episodio: 553/800 | Reward:  255.28 | Temp: 0.010 | MA (100 ep):  239.07
2026-04-15 20:32:26,743 - Episodio: 554/800 | Reward:  296.65 | Temp: 0.010 | MA (100 ep):  239.46
2026-04-15 20:32:27,493 - Episodio: 555/800 | Reward:  259.03 | Temp: 0.010 | MA (100 ep):  239.22
2026-04-15 20:32:28,148 - Episodio: 556/800 | Reward:  279.02 | Temp: 0.010 | MA (100 ep):  239.32
2026-04-15 20:32:28,956 - Episodio: 557/800 | Reward:  251.08 | Temp: 0.010 | MA (100 ep):  238.92
2026-04-15 20:32:29,879 - Episodio: 558/800 | Reward:  259.50 | Temp: 0.010 | MA (100 ep):  240.01
2026-04-15 20:32:30,751 - Episodio: 559/800 | Reward:  277.63 | Temp: 0.010 | MA (100 ep):  240.48
2026-04-15 20:32:31,421 - Episodio: 560/800 | Reward:  276.77 | Temp: 0.010 | MA (100 ep):  240.30
2026-04-15 20:32:32,197 - Episodio: 561/800 | Reward:  271.52 | Temp: 0.010 | MA (100 ep):  240.84
2026-04-15 20:32:33,032 - Episodio: 562/800 | Reward:  296.50 | Temp: 0.010 | MA (100 ep):  241.22
2026-04-15 20:32:33,737 - Episodio: 563/800 | Reward:  273.35 | Temp: 0.010 | MA (100 ep):  241.27
2026-04-15 20:32:34,821 - Episodio: 564/800 | Reward:  282.12 | Temp: 0.010 | MA (100 ep):  241.83
2026-04-15 20:32:35,256 - Episodio: 565/800 | Reward:  -33.67 | Temp: 0.010 | MA (100 ep):  239.23
2026-04-15 20:32:36,207 - Episodio: 566/800 | Reward:  284.09 | Temp: 0.010 | MA (100 ep):  239.32
2026-04-15 20:32:37,036 - Episodio: 567/800 | Reward:  243.92 | Temp: 0.010 | MA (100 ep):  239.01
2026-04-15 20:32:37,923 - Episodio: 568/800 | Reward:  299.11 | Temp: 0.010 | MA (100 ep):  239.21
2026-04-15 20:32:38,648 - Episodio: 569/800 | Reward:  251.95 | Temp: 0.010 | MA (100 ep):  239.11
2026-04-15 20:32:39,549 - Episodio: 570/800 | Reward:  246.45 | Temp: 0.010 | MA (100 ep):  238.99
2026-04-15 20:32:40,434 - Episodio: 571/800 | Reward:  279.91 | Temp: 0.010 | MA (100 ep):  239.22
2026-04-15 20:32:41,222 - Episodio: 572/800 | Reward:  291.26 | Temp: 0.010 | MA (100 ep):  239.82
2026-04-15 20:32:41,867 - Episodio: 573/800 | Reward:  252.43 | Temp: 0.010 | MA (100 ep):  239.65
2026-04-15 20:32:42,781 - Episodio: 574/800 | Reward:  282.75 | Temp: 0.010 | MA (100 ep):  239.72
2026-04-15 20:32:43,632 - Episodio: 575/800 | Reward:  290.73 | Temp: 0.010 | MA (100 ep):  239.97
2026-04-15 20:32:44,325 - Episodio: 576/800 | Reward:  273.82 | Temp: 0.010 | MA (100 ep):  240.05
2026-04-15 20:32:45,353 - Episodio: 577/800 | Reward:  262.28 | Temp: 0.010 | MA (100 ep):  240.16
2026-04-15 20:32:46,117 - Episodio: 578/800 | Reward:  257.60 | Temp: 0.010 | MA (100 ep):  240.26
2026-04-15 20:32:47,015 - Episodio: 579/800 | Reward:  262.89 | Temp: 0.010 | MA (100 ep):  240.32
2026-04-15 20:32:47,696 - Episodio: 580/800 | Reward:  267.54 | Temp: 0.010 | MA (100 ep):  242.97
2026-04-15 20:32:48,663 - Episodio: 581/800 | Reward:  257.96 | Temp: 0.010 | MA (100 ep):  242.76
2026-04-15 20:32:49,305 - Episodio: 582/800 | Reward:  248.33 | Temp: 0.010 | MA (100 ep):  243.78
2026-04-15 20:32:49,897 - Episodio: 583/800 | Reward:   47.11 | Temp: 0.010 | MA (100 ep):  241.70
2026-04-15 20:32:51,480 - Episodio: 584/800 | Reward:  284.46 | Temp: 0.010 | MA (100 ep):  242.02
2026-04-15 20:32:52,204 - Episodio: 585/800 | Reward:  248.10 | Temp: 0.010 | MA (100 ep):  241.62
2026-04-15 20:32:53,262 - Episodio: 586/800 | Reward:  273.97 | Temp: 0.010 | MA (100 ep):  245.77
2026-04-15 20:32:54,086 - Episodio: 587/800 | Reward:  308.31 | Temp: 0.010 | MA (100 ep):  246.35
2026-04-15 20:32:54,790 - Episodio: 588/800 | Reward:  257.38 | Temp: 0.010 | MA (100 ep):  246.37
2026-04-15 20:32:55,494 - Episodio: 589/800 | Reward:  -35.99 | Temp: 0.010 | MA (100 ep):  243.92
2026-04-15 20:32:56,141 - Episodio: 590/800 | Reward:  271.73 | Temp: 0.010 | MA (100 ep):  244.08
2026-04-15 20:32:56,682 - Episodio: 591/800 | Reward:   -6.43 | Temp: 0.010 | MA (100 ep):  241.52
2026-04-15 20:32:57,473 - Episodio: 592/800 | Reward:  272.13 | Temp: 0.010 | MA (100 ep):  241.66
2026-04-15 20:32:59,341 - Episodio: 593/800 | Reward: -100.79 | Temp: 0.010 | MA (100 ep):  238.13
2026-04-15 20:33:00,150 - Episodio: 594/800 | Reward:  222.11 | Temp: 0.010 | MA (100 ep):  237.58
2026-04-15 20:33:03,631 - Episodio: 595/800 | Reward:  -40.83 | Temp: 0.010 | MA (100 ep):  234.82
2026-04-15 20:33:04,520 - Episodio: 596/800 | Reward:  250.32 | Temp: 0.010 | MA (100 ep):  234.93
2026-04-15 20:33:05,223 - Episodio: 597/800 | Reward:  250.73 | Temp: 0.010 | MA (100 ep):  234.94
2026-04-15 20:33:06,423 - Episodio: 598/800 | Reward:  295.91 | Temp: 0.010 | MA (100 ep):  235.20
2026-04-15 20:33:07,254 - Episodio: 599/800 | Reward:  243.66 | Temp: 0.010 | MA (100 ep):  235.19
2026-04-15 20:33:08,093 - Episodio: 600/800 | Reward:   -2.82 | Temp: 0.010 | MA (100 ep):  234.90
2026-04-15 20:33:08,093 - --- Inizio Evaluation run all'Episodio 600 ---
2026-04-15 20:33:11,987 - *** EVALUATION | Epi: 600 | Mean Reward (50 Run):  218.92 ± 99.22 ***
2026-04-15 20:33:11,987 - --- Fine Evaluation ---
2026-04-15 20:33:13,192 - Episodio: 601/800 | Reward:  260.16 | Temp: 0.010 | MA (100 ep):  234.83
2026-04-15 20:33:13,849 - Episodio: 602/800 | Reward:  260.29 | Temp: 0.010 | MA (100 ep):  234.97
2026-04-15 20:33:14,646 - Episodio: 603/800 | Reward:  231.92 | Temp: 0.010 | MA (100 ep):  234.68
2026-04-15 20:33:15,482 - Episodio: 604/800 | Reward:  254.76 | Temp: 0.010 | MA (100 ep):  234.19
2026-04-15 20:33:16,161 - Episodio: 605/800 | Reward:  232.32 | Temp: 0.010 | MA (100 ep):  233.90
2026-04-15 20:33:17,737 - Episodio: 606/800 | Reward:  280.79 | Temp: 0.010 | MA (100 ep):  234.08
2026-04-15 20:33:18,604 - Episodio: 607/800 | Reward:  281.55 | Temp: 0.010 | MA (100 ep):  234.44
2026-04-15 20:33:19,346 - Episodio: 608/800 | Reward:   -5.98 | Temp: 0.010 | MA (100 ep):  231.60
2026-04-15 20:33:20,210 - Episodio: 609/800 | Reward:  242.74 | Temp: 0.010 | MA (100 ep):  231.29
2026-04-15 20:33:21,253 - Episodio: 610/800 | Reward:  252.66 | Temp: 0.010 | MA (100 ep):  231.12
2026-04-15 20:33:22,010 - Episodio: 611/800 | Reward:   17.57 | Temp: 0.010 | MA (100 ep):  232.01
2026-04-15 20:33:22,953 - Episodio: 612/800 | Reward:  279.62 | Temp: 0.010 | MA (100 ep):  232.19
2026-04-15 20:33:23,584 - Episodio: 613/800 | Reward:  281.34 | Temp: 0.010 | MA (100 ep):  232.60
2026-04-15 20:33:24,860 - Episodio: 614/800 | Reward: -160.81 | Temp: 0.010 | MA (100 ep):  228.34
2026-04-15 20:33:26,072 - Episodio: 615/800 | Reward:  231.85 | Temp: 0.010 | MA (100 ep):  228.22
2026-04-15 20:33:27,247 - Episodio: 616/800 | Reward:  216.52 | Temp: 0.010 | MA (100 ep):  227.48
2026-04-15 20:33:28,736 - Episodio: 617/800 | Reward:  250.53 | Temp: 0.010 | MA (100 ep):  227.20
2026-04-15 20:33:29,362 - Episodio: 618/800 | Reward:   40.63 | Temp: 0.010 | MA (100 ep):  224.97
2026-04-15 20:33:30,561 - Episodio: 619/800 | Reward:  259.10 | Temp: 0.010 | MA (100 ep):  224.86
2026-04-15 20:33:31,406 - Episodio: 620/800 | Reward:   -6.87 | Temp: 0.010 | MA (100 ep):  221.99
2026-04-15 20:33:32,561 - Episodio: 621/800 | Reward:  270.14 | Temp: 0.010 | MA (100 ep):  222.18
2026-04-15 20:33:33,458 - Episodio: 622/800 | Reward:  274.54 | Temp: 0.010 | MA (100 ep):  222.08
2026-04-15 20:33:34,243 - Episodio: 623/800 | Reward:  290.88 | Temp: 0.010 | MA (100 ep):  222.51
2026-04-15 20:33:35,152 - Episodio: 624/800 | Reward:  281.01 | Temp: 0.010 | MA (100 ep):  222.58
2026-04-15 20:33:36,273 - Episodio: 625/800 | Reward:  219.65 | Temp: 0.010 | MA (100 ep):  222.23
2026-04-15 20:33:37,033 - Episodio: 626/800 | Reward:   15.36 | Temp: 0.010 | MA (100 ep):  219.91
2026-04-15 20:33:37,726 - Episodio: 627/800 | Reward:  -35.22 | Temp: 0.010 | MA (100 ep):  216.88
2026-04-15 20:33:38,576 - Episodio: 628/800 | Reward:  274.43 | Temp: 0.010 | MA (100 ep):  217.15
2026-04-15 20:33:39,397 - Episodio: 629/800 | Reward:  281.89 | Temp: 0.010 | MA (100 ep):  217.21
2026-04-15 20:33:40,389 - Episodio: 630/800 | Reward:  276.03 | Temp: 0.010 | MA (100 ep):  217.05
2026-04-15 20:33:41,110 - Episodio: 631/800 | Reward:  260.43 | Temp: 0.010 | MA (100 ep):  216.77
2026-04-15 20:33:41,775 - Episodio: 632/800 | Reward:  252.84 | Temp: 0.010 | MA (100 ep):  216.66
2026-04-15 20:33:42,765 - Episodio: 633/800 | Reward:  277.33 | Temp: 0.010 | MA (100 ep):  216.90
2026-04-15 20:33:43,684 - Episodio: 634/800 | Reward:  278.55 | Temp: 0.010 | MA (100 ep):  216.89
2026-04-15 20:33:44,422 - Episodio: 635/800 | Reward:  253.47 | Temp: 0.010 | MA (100 ep):  216.66
2026-04-15 20:33:45,478 - Episodio: 636/800 | Reward:  261.05 | Temp: 0.010 | MA (100 ep):  219.07
2026-04-15 20:33:46,091 - Episodio: 637/800 | Reward:  241.66 | Temp: 0.010 | MA (100 ep):  218.74
2026-04-15 20:33:46,828 - Episodio: 638/800 | Reward:  250.34 | Temp: 0.010 | MA (100 ep):  218.75
2026-04-15 20:33:47,980 - Episodio: 639/800 | Reward:  287.81 | Temp: 0.010 | MA (100 ep):  218.73
2026-04-15 20:33:49,014 - Episodio: 640/800 | Reward:  252.70 | Temp: 0.010 | MA (100 ep):  218.61
2026-04-15 20:33:49,823 - Episodio: 641/800 | Reward:  311.31 | Temp: 0.010 | MA (100 ep):  225.88
2026-04-15 20:33:51,408 - Episodio: 642/800 | Reward:  262.63 | Temp: 0.010 | MA (100 ep):  225.67
2026-04-15 20:33:52,637 - Episodio: 643/800 | Reward:  234.22 | Temp: 0.010 | MA (100 ep):  225.43
2026-04-15 20:33:53,549 - Episodio: 644/800 | Reward:  287.58 | Temp: 0.010 | MA (100 ep):  225.27
2026-04-15 20:33:54,132 - Episodio: 645/800 | Reward:  267.67 | Temp: 0.010 | MA (100 ep):  225.19
2026-04-15 20:33:54,972 - Episodio: 646/800 | Reward:  263.65 | Temp: 0.010 | MA (100 ep):  225.22
2026-04-15 20:33:55,833 - Episodio: 647/800 | Reward:  234.93 | Temp: 0.010 | MA (100 ep):  225.12
2026-04-15 20:33:56,730 - Episodio: 648/800 | Reward:  271.03 | Temp: 0.010 | MA (100 ep):  225.06
2026-04-15 20:33:57,598 - Episodio: 649/800 | Reward:  283.55 | Temp: 0.010 | MA (100 ep):  225.39
2026-04-15 20:33:58,591 - Episodio: 650/800 | Reward:  242.02 | Temp: 0.010 | MA (100 ep):  225.11
2026-04-15 20:33:58,591 - --- Inizio Evaluation run all'Episodio 650 ---
2026-04-15 20:34:03,187 - *** EVALUATION | Epi: 650 | Mean Reward (50 Run):  250.79 ± 60.50 ***
2026-04-15 20:34:03,187 - --- Fine Evaluation ---
2026-04-15 20:34:03,937 - Episodio: 651/800 | Reward:  273.38 | Temp: 0.010 | MA (100 ep):  225.05
2026-04-15 20:34:04,823 - Episodio: 652/800 | Reward:  255.29 | Temp: 0.010 | MA (100 ep):  224.90
2026-04-15 20:34:05,448 - Episodio: 653/800 | Reward:  268.22 | Temp: 0.010 | MA (100 ep):  225.03
2026-04-15 20:34:06,209 - Episodio: 654/800 | Reward:  249.63 | Temp: 0.010 | MA (100 ep):  224.56
2026-04-15 20:34:08,813 - Episodio: 655/800 | Reward:  243.17 | Temp: 0.010 | MA (100 ep):  224.40
2026-04-15 20:34:09,604 - Episodio: 656/800 | Reward:  260.43 | Temp: 0.010 | MA (100 ep):  224.21
2026-04-15 20:34:10,300 - Episodio: 657/800 | Reward:  261.53 | Temp: 0.010 | MA (100 ep):  224.32
2026-04-15 20:34:10,957 - Episodio: 658/800 | Reward:  229.18 | Temp: 0.010 | MA (100 ep):  224.01
2026-04-15 20:34:11,793 - Episodio: 659/800 | Reward:  309.51 | Temp: 0.010 | MA (100 ep):  224.33
2026-04-15 20:34:12,983 - Episodio: 660/800 | Reward:  228.16 | Temp: 0.010 | MA (100 ep):  223.85
2026-04-15 20:34:15,652 - Episodio: 661/800 | Reward:  204.99 | Temp: 0.010 | MA (100 ep):  223.18
2026-04-15 20:34:16,522 - Episodio: 662/800 | Reward:  261.82 | Temp: 0.010 | MA (100 ep):  222.83
2026-04-15 20:34:17,578 - Episodio: 663/800 | Reward:  265.70 | Temp: 0.010 | MA (100 ep):  222.76
2026-04-15 20:34:18,481 - Episodio: 664/800 | Reward:  299.35 | Temp: 0.010 | MA (100 ep):  222.93
2026-04-15 20:34:19,287 - Episodio: 665/800 | Reward:  284.82 | Temp: 0.010 | MA (100 ep):  226.11
2026-04-15 20:34:20,265 - Episodio: 666/800 | Reward:  246.29 | Temp: 0.010 | MA (100 ep):  225.74
2026-04-15 20:34:21,159 - Episodio: 667/800 | Reward:  299.98 | Temp: 0.010 | MA (100 ep):  226.30
2026-04-15 20:34:21,852 - Episodio: 668/800 | Reward:  239.96 | Temp: 0.010 | MA (100 ep):  225.71
2026-04-15 20:34:22,771 - Episodio: 669/800 | Reward:  262.07 | Temp: 0.010 | MA (100 ep):  225.81
2026-04-15 20:34:23,764 - Episodio: 670/800 | Reward:  269.04 | Temp: 0.010 | MA (100 ep):  226.03
2026-04-15 20:34:24,566 - Episodio: 671/800 | Reward:  301.53 | Temp: 0.010 | MA (100 ep):  226.25
2026-04-15 20:34:25,381 - Episodio: 672/800 | Reward:  290.51 | Temp: 0.010 | MA (100 ep):  226.24
2026-04-15 20:34:26,052 - Episodio: 673/800 | Reward:  254.52 | Temp: 0.010 | MA (100 ep):  226.26
2026-04-15 20:34:26,942 - Episodio: 674/800 | Reward:  256.00 | Temp: 0.010 | MA (100 ep):  225.99
2026-04-15 20:34:27,545 - Episodio: 675/800 | Reward:  267.17 | Temp: 0.010 | MA (100 ep):  225.76
2026-04-15 20:34:28,543 - Episodio: 676/800 | Reward:  283.06 | Temp: 0.010 | MA (100 ep):  225.85
2026-04-15 20:34:29,408 - Episodio: 677/800 | Reward:  258.44 | Temp: 0.010 | MA (100 ep):  225.81
2026-04-15 20:34:30,239 - Episodio: 678/800 | Reward:  285.51 | Temp: 0.010 | MA (100 ep):  226.09
2026-04-15 20:34:30,888 - Episodio: 679/800 | Reward:  258.82 | Temp: 0.010 | MA (100 ep):  226.05
2026-04-15 20:34:31,529 - Episodio: 680/800 | Reward:  236.31 | Temp: 0.010 | MA (100 ep):  225.74
2026-04-15 20:34:32,278 - Episodio: 681/800 | Reward:  277.62 | Temp: 0.010 | MA (100 ep):  225.94
2026-04-15 20:34:32,910 - Episodio: 682/800 | Reward:  242.66 | Temp: 0.010 | MA (100 ep):  225.88
2026-04-15 20:34:33,889 - Episodio: 683/800 | Reward:  258.91 | Temp: 0.010 | MA (100 ep):  228.00
2026-04-15 20:34:34,585 - Episodio: 684/800 | Reward:  247.26 | Temp: 0.010 | MA (100 ep):  227.63
2026-04-15 20:34:35,423 - Episodio: 685/800 | Reward:  263.98 | Temp: 0.010 | MA (100 ep):  227.78
2026-04-15 20:34:36,042 - Episodio: 686/800 | Reward:  252.39 | Temp: 0.010 | MA (100 ep):  227.57
2026-04-15 20:34:36,849 - Episodio: 687/800 | Reward:  228.76 | Temp: 0.010 | MA (100 ep):  226.77
2026-04-15 20:34:37,711 - Episodio: 688/800 | Reward:  244.59 | Temp: 0.010 | MA (100 ep):  226.64
2026-04-15 20:34:38,543 - Episodio: 689/800 | Reward:  287.36 | Temp: 0.010 | MA (100 ep):  229.88
2026-04-15 20:34:39,399 - Episodio: 690/800 | Reward:  259.38 | Temp: 0.010 | MA (100 ep):  229.75
2026-04-15 20:34:40,185 - Episodio: 691/800 | Reward:  298.76 | Temp: 0.010 | MA (100 ep):  232.81
2026-04-15 20:34:41,128 - Episodio: 692/800 | Reward:  277.92 | Temp: 0.010 | MA (100 ep):  232.86
2026-04-15 20:34:42,250 - Episodio: 693/800 | Reward:  269.85 | Temp: 0.010 | MA (100 ep):  236.57
2026-04-15 20:34:43,088 - Episodio: 694/800 | Reward:  287.75 | Temp: 0.010 | MA (100 ep):  237.23
2026-04-15 20:34:43,865 - Episodio: 695/800 | Reward:  297.98 | Temp: 0.010 | MA (100 ep):  240.62
2026-04-15 20:34:44,728 - Episodio: 696/800 | Reward:  255.53 | Temp: 0.010 | MA (100 ep):  240.67
2026-04-15 20:34:45,541 - Episodio: 697/800 | Reward:  311.73 | Temp: 0.010 | MA (100 ep):  241.28
2026-04-15 20:34:46,447 - Episodio: 698/800 | Reward:  250.78 | Temp: 0.010 | MA (100 ep):  240.83
2026-04-15 20:34:47,260 - Episodio: 699/800 | Reward:  300.78 | Temp: 0.010 | MA (100 ep):  241.40
2026-04-15 20:34:48,161 - Episodio: 700/800 | Reward:  299.83 | Temp: 0.010 | MA (100 ep):  244.42
2026-04-15 20:34:48,161 - --- Inizio Evaluation run all'Episodio 700 ---
2026-04-15 20:34:51,881 - *** EVALUATION | Epi: 700 | Mean Reward (50 Run):  262.79 ± 34.06 ***
2026-04-15 20:34:51,881 - --- Fine Evaluation ---
2026-04-15 20:34:52,735 - Episodio: 701/800 | Reward:  277.56 | Temp: 0.010 | MA (100 ep):  244.60
2026-04-15 20:34:54,105 - Episodio: 702/800 | Reward:  287.01 | Temp: 0.010 | MA (100 ep):  244.87
2026-04-15 20:34:54,816 - Episodio: 703/800 | Reward:  259.40 | Temp: 0.010 | MA (100 ep):  245.14
2026-04-15 20:34:55,541 - Episodio: 704/800 | Reward:  276.84 | Temp: 0.010 | MA (100 ep):  245.36
2026-04-15 20:34:56,711 - Episodio: 705/800 | Reward:  284.07 | Temp: 0.010 | MA (100 ep):  245.88
2026-04-15 20:34:57,648 - Episodio: 706/800 | Reward:  272.42 | Temp: 0.010 | MA (100 ep):  245.79
2026-04-15 20:34:58,418 - Episodio: 707/800 | Reward:  292.74 | Temp: 0.010 | MA (100 ep):  245.91
2026-04-15 20:34:59,686 - Episodio: 708/800 | Reward:  300.49 | Temp: 0.010 | MA (100 ep):  248.97
2026-04-15 20:35:00,444 - Episodio: 709/800 | Reward:  245.26 | Temp: 0.010 | MA (100 ep):  249.00
2026-04-15 20:35:01,342 - Episodio: 710/800 | Reward:  299.45 | Temp: 0.010 | MA (100 ep):  249.46
2026-04-15 20:35:02,272 - Episodio: 711/800 | Reward:  284.77 | Temp: 0.010 | MA (100 ep):  252.14
2026-04-15 20:35:03,119 - Episodio: 712/800 | Reward:  270.63 | Temp: 0.010 | MA (100 ep):  252.05
2026-04-15 20:35:04,038 - Episodio: 713/800 | Reward:  286.54 | Temp: 0.010 | MA (100 ep):  252.10
2026-04-15 20:35:04,695 - Episodio: 714/800 | Reward:  250.80 | Temp: 0.010 | MA (100 ep):  256.21
2026-04-15 20:35:05,545 - Episodio: 715/800 | Reward:  287.25 | Temp: 0.010 | MA (100 ep):  256.77
2026-04-15 20:35:06,353 - Episodio: 716/800 | Reward:  293.52 | Temp: 0.010 | MA (100 ep):  257.54
2026-04-15 20:35:07,049 - Episodio: 717/800 | Reward:  296.43 | Temp: 0.010 | MA (100 ep):  258.00
2026-04-15 20:35:07,821 - Episodio: 718/800 | Reward:  259.54 | Temp: 0.010 | MA (100 ep):  260.19
2026-04-15 20:35:08,623 - Episodio: 719/800 | Reward:  268.16 | Temp: 0.010 | MA (100 ep):  260.28
2026-04-15 20:35:09,426 - Episodio: 720/800 | Reward:  291.68 | Temp: 0.010 | MA (100 ep):  263.26
2026-04-15 20:35:10,241 - Episodio: 721/800 | Reward:  295.15 | Temp: 0.010 | MA (100 ep):  263.51
2026-04-15 20:35:11,036 - Episodio: 722/800 | Reward:  300.65 | Temp: 0.010 | MA (100 ep):  263.77
2026-04-15 20:35:11,675 - Episodio: 723/800 | Reward:  251.51 | Temp: 0.010 | MA (100 ep):  263.38
2026-04-15 20:35:13,653 - Episodio: 724/800 | Reward:  177.89 | Temp: 0.010 | MA (100 ep):  262.35
2026-04-15 20:35:14,412 - Episodio: 725/800 | Reward:  262.40 | Temp: 0.010 | MA (100 ep):  262.78
2026-04-15 20:35:15,104 - Episodio: 726/800 | Reward:  244.93 | Temp: 0.010 | MA (100 ep):  265.07
2026-04-15 20:35:15,988 - Episodio: 727/800 | Reward:  288.76 | Temp: 0.010 | MA (100 ep):  268.31
2026-04-15 20:35:17,330 - Episodio: 728/800 | Reward: -188.26 | Temp: 0.010 | MA (100 ep):  263.68
2026-04-15 20:35:18,085 - Episodio: 729/800 | Reward:  263.62 | Temp: 0.010 | MA (100 ep):  263.50
2026-04-15 20:35:18,822 - Episodio: 730/800 | Reward:  241.11 | Temp: 0.010 | MA (100 ep):  263.15
2026-04-15 20:35:19,654 - Episodio: 731/800 | Reward:  263.93 | Temp: 0.010 | MA (100 ep):  263.19
2026-04-15 20:35:20,314 - Episodio: 732/800 | Reward:  280.20 | Temp: 0.010 | MA (100 ep):  263.46
2026-04-15 20:35:21,773 - Episodio: 733/800 | Reward:  211.98 | Temp: 0.010 | MA (100 ep):  262.81
2026-04-15 20:35:23,507 - Episodio: 734/800 | Reward:  248.14 | Temp: 0.010 | MA (100 ep):  262.50
2026-04-15 20:35:24,383 - Episodio: 735/800 | Reward:  287.03 | Temp: 0.010 | MA (100 ep):  262.84
2026-04-15 20:35:26,610 - Episodio: 736/800 | Reward:  245.25 | Temp: 0.010 | MA (100 ep):  262.68
2026-04-15 20:35:27,505 - Episodio: 737/800 | Reward:  277.57 | Temp: 0.010 | MA (100 ep):  263.04
2026-04-15 20:35:28,380 - Episodio: 738/800 | Reward:  266.93 | Temp: 0.010 | MA (100 ep):  263.21
2026-04-15 20:35:29,139 - Episodio: 739/800 | Reward:  279.79 | Temp: 0.010 | MA (100 ep):  263.13
2026-04-15 20:35:29,747 - Episodio: 740/800 | Reward:  241.32 | Temp: 0.010 | MA (100 ep):  263.01
2026-04-15 20:35:30,617 - Episodio: 741/800 | Reward:  242.21 | Temp: 0.010 | MA (100 ep):  262.32
2026-04-15 20:35:31,359 - Episodio: 742/800 | Reward:  261.74 | Temp: 0.010 | MA (100 ep):  262.31
2026-04-15 20:35:32,037 - Episodio: 743/800 | Reward:  236.86 | Temp: 0.010 | MA (100 ep):  262.34
2026-04-15 20:35:32,742 - Episodio: 744/800 | Reward:  249.64 | Temp: 0.010 | MA (100 ep):  261.96
2026-04-15 20:35:33,534 - Episodio: 745/800 | Reward:  287.59 | Temp: 0.010 | MA (100 ep):  262.16
2026-04-15 20:35:34,217 - Episodio: 746/800 | Reward:  261.43 | Temp: 0.010 | MA (100 ep):  262.14
2026-04-15 20:35:34,934 - Episodio: 747/800 | Reward:  241.86 | Temp: 0.010 | MA (100 ep):  262.21
2026-04-15 20:35:35,938 - Episodio: 748/800 | Reward:  277.73 | Temp: 0.010 | MA (100 ep):  262.27
2026-04-15 20:35:36,754 - Episodio: 749/800 | Reward:  240.16 | Temp: 0.010 | MA (100 ep):  261.84
2026-04-15 20:35:37,475 - Episodio: 750/800 | Reward:  221.38 | Temp: 0.010 | MA (100 ep):  261.63
2026-04-15 20:35:37,491 - --- Inizio Evaluation run all'Episodio 750 ---
2026-04-15 20:35:40,918 - *** EVALUATION | Epi: 750 | Mean Reward (50 Run):  247.88 ± 79.99 ***
2026-04-15 20:35:40,918 - --- Fine Evaluation ---
2026-04-15 20:35:41,769 - Episodio: 751/800 | Reward:  209.78 | Temp: 0.010 | MA (100 ep):  261.00
2026-04-15 20:35:42,776 - Episodio: 752/800 | Reward:  249.42 | Temp: 0.010 | MA (100 ep):  260.94
2026-04-15 20:35:43,774 - Episodio: 753/800 | Reward:  279.97 | Temp: 0.010 | MA (100 ep):  261.06
2026-04-15 20:35:44,544 - Episodio: 754/800 | Reward:  266.34 | Temp: 0.010 | MA (100 ep):  261.22
2026-04-15 20:35:45,378 - Episodio: 755/800 | Reward:  304.82 | Temp: 0.010 | MA (100 ep):  261.84
2026-04-15 20:35:46,331 - Episodio: 756/800 | Reward:  288.33 | Temp: 0.010 | MA (100 ep):  262.12
2026-04-15 20:35:47,126 - Episodio: 757/800 | Reward:  264.20 | Temp: 0.010 | MA (100 ep):  262.14
2026-04-15 20:35:48,012 - Episodio: 758/800 | Reward:  236.23 | Temp: 0.010 | MA (100 ep):  262.22
2026-04-15 20:35:48,863 - Episodio: 759/800 | Reward:  281.20 | Temp: 0.010 | MA (100 ep):  261.93
2026-04-15 20:35:49,908 - Episodio: 760/800 | Reward:  269.70 | Temp: 0.010 | MA (100 ep):  262.35
2026-04-15 20:35:50,649 - Episodio: 761/800 | Reward:  247.26 | Temp: 0.010 | MA (100 ep):  262.77
2026-04-15 20:35:51,434 - Episodio: 762/800 | Reward:  289.92 | Temp: 0.010 | MA (100 ep):  263.05
2026-04-15 20:35:52,210 - Episodio: 763/800 | Reward:  293.23 | Temp: 0.010 | MA (100 ep):  263.33
2026-04-15 20:35:52,857 - Episodio: 764/800 | Reward:  254.23 | Temp: 0.010 | MA (100 ep):  262.88
2026-04-15 20:35:53,490 - Episodio: 765/800 | Reward:  266.74 | Temp: 0.010 | MA (100 ep):  262.69
2026-04-15 20:35:54,295 - Episodio: 766/800 | Reward:  249.54 | Temp: 0.010 | MA (100 ep):  262.73
2026-04-15 20:35:55,008 - Episodio: 767/800 | Reward: -234.13 | Temp: 0.010 | MA (100 ep):  257.39
2026-04-15 20:35:55,797 - Episodio: 768/800 | Reward:  276.45 | Temp: 0.010 | MA (100 ep):  257.75
2026-04-15 20:35:56,706 - Episodio: 769/800 | Reward:  284.42 | Temp: 0.010 | MA (100 ep):  257.97
2026-04-15 20:35:57,352 - Episodio: 770/800 | Reward:  270.98 | Temp: 0.010 | MA (100 ep):  257.99
2026-04-15 20:35:58,203 - Episodio: 771/800 | Reward:  269.26 | Temp: 0.010 | MA (100 ep):  257.67
2026-04-15 20:35:58,817 - Episodio: 772/800 | Reward:  252.33 | Temp: 0.010 | MA (100 ep):  257.29
2026-04-15 20:35:59,431 - Episodio: 773/800 | Reward:  253.93 | Temp: 0.010 | MA (100 ep):  257.28
2026-04-15 20:36:00,768 - Episodio: 774/800 | Reward:  239.40 | Temp: 0.010 | MA (100 ep):  257.12
2026-04-15 20:36:01,418 - Episodio: 775/800 | Reward:  277.79 | Temp: 0.010 | MA (100 ep):  257.22
2026-04-15 20:36:02,347 - Episodio: 776/800 | Reward:  248.69 | Temp: 0.010 | MA (100 ep):  256.88
2026-04-15 20:36:03,140 - Episodio: 777/800 | Reward:  234.71 | Temp: 0.010 | MA (100 ep):  256.64
2026-04-15 20:36:03,927 - Episodio: 778/800 | Reward:  272.88 | Temp: 0.010 | MA (100 ep):  256.52
2026-04-15 20:36:04,598 - Episodio: 779/800 | Reward:  266.91 | Temp: 0.010 | MA (100 ep):  256.60
2026-04-15 20:36:05,427 - Episodio: 780/800 | Reward:  281.54 | Temp: 0.010 | MA (100 ep):  257.05
2026-04-15 20:36:06,973 - Episodio: 781/800 | Reward:  225.10 | Temp: 0.010 | MA (100 ep):  256.52
2026-04-15 20:36:07,716 - Episodio: 782/800 | Reward:  263.08 | Temp: 0.010 | MA (100 ep):  256.73
2026-04-15 20:36:08,424 - Episodio: 783/800 | Reward:  265.68 | Temp: 0.010 | MA (100 ep):  256.80
2026-04-15 20:36:09,147 - Episodio: 784/800 | Reward:  249.84 | Temp: 0.010 | MA (100 ep):  256.82
2026-04-15 20:36:09,872 - Episodio: 785/800 | Reward:  267.93 | Temp: 0.010 | MA (100 ep):  256.86
2026-04-15 20:36:10,660 - Episodio: 786/800 | Reward:  284.85 | Temp: 0.010 | MA (100 ep):  257.19
2026-04-15 20:36:11,638 - Episodio: 787/800 | Reward:  299.77 | Temp: 0.010 | MA (100 ep):  257.90
2026-04-15 20:36:12,408 - Episodio: 788/800 | Reward:  265.16 | Temp: 0.010 | MA (100 ep):  258.10
2026-04-15 20:36:13,248 - Episodio: 789/800 | Reward:  291.69 | Temp: 0.010 | MA (100 ep):  258.15
2026-04-15 20:36:14,098 - Episodio: 790/800 | Reward:  272.42 | Temp: 0.010 | MA (100 ep):  258.28
2026-04-15 20:36:14,903 - Episodio: 791/800 | Reward:  292.08 | Temp: 0.010 | MA (100 ep):  258.21
2026-04-15 20:36:15,756 - Episodio: 792/800 | Reward:  242.41 | Temp: 0.010 | MA (100 ep):  257.85
2026-04-15 20:36:16,622 - Episodio: 793/800 | Reward:  244.46 | Temp: 0.010 | MA (100 ep):  257.60
2026-04-15 20:36:17,383 - Episodio: 794/800 | Reward:  288.95 | Temp: 0.010 | MA (100 ep):  257.61
2026-04-15 20:36:18,356 - Episodio: 795/800 | Reward:  299.45 | Temp: 0.010 | MA (100 ep):  257.63
2026-04-15 20:36:19,108 - Episodio: 796/800 | Reward:  228.24 | Temp: 0.010 | MA (100 ep):  257.35
2026-04-15 20:36:19,760 - Episodio: 797/800 | Reward:  262.13 | Temp: 0.010 | MA (100 ep):  256.86
2026-04-15 20:36:20,527 - Episodio: 798/800 | Reward:  277.71 | Temp: 0.010 | MA (100 ep):  257.13
2026-04-15 20:36:21,303 - Episodio: 799/800 | Reward:  278.10 | Temp: 0.010 | MA (100 ep):  256.90
2026-04-15 20:36:22,248 - Episodio: 800/800 | Reward:  272.00 | Temp: 0.010 | MA (100 ep):  256.62
2026-04-15 20:36:22,248 - --- Inizio Evaluation run all'Episodio 800 ---
2026-04-15 20:36:25,735 - *** EVALUATION | Epi: 800 | Mean Reward (50 Run):  222.72 ± 113.72 ***
2026-04-15 20:36:25,735 - --- Fine Evaluation ---
2026-04-15 20:36:25,738 - Model run 3 saved in temp/model_q_learning_run3_20260415_193906.pth.
2026-04-15 20:36:25,738 - ========== INIZIO RUN 4/5 ==========
2026-04-15 20:36:25,796 - Episodio: 001/800 | Reward:  -66.36 | Temp: 0.990 | MA (100 ep):  -66.36
2026-04-15 20:36:26,035 - Episodio: 002/800 | Reward: -123.64 | Temp: 0.980 | MA (100 ep):  -95.00
2026-04-15 20:36:26,472 - Episodio: 003/800 | Reward: -694.73 | Temp: 0.970 | MA (100 ep): -294.91
2026-04-15 20:36:26,774 - Episodio: 004/800 | Reward: -323.18 | Temp: 0.961 | MA (100 ep): -301.98
2026-04-15 20:36:27,459 - Episodio: 005/800 | Reward: -431.48 | Temp: 0.951 | MA (100 ep): -327.88
2026-04-15 20:36:27,978 - Episodio: 006/800 | Reward: -388.50 | Temp: 0.941 | MA (100 ep): -337.98
2026-04-15 20:36:29,505 - Episodio: 007/800 | Reward:  -62.66 | Temp: 0.932 | MA (100 ep): -298.65
2026-04-15 20:36:30,057 - Episodio: 008/800 | Reward: -138.03 | Temp: 0.923 | MA (100 ep): -278.57
2026-04-15 20:36:30,485 - Episodio: 009/800 | Reward: -113.06 | Temp: 0.914 | MA (100 ep): -260.18
2026-04-15 20:36:31,044 - Episodio: 010/800 | Reward: -324.16 | Temp: 0.904 | MA (100 ep): -266.58
2026-04-15 20:36:31,617 - Episodio: 011/800 | Reward:  -93.30 | Temp: 0.895 | MA (100 ep): -250.83
2026-04-15 20:36:32,230 - Episodio: 012/800 | Reward: -239.46 | Temp: 0.886 | MA (100 ep): -249.88
2026-04-15 20:36:32,862 - Episodio: 013/800 | Reward: -160.97 | Temp: 0.878 | MA (100 ep): -243.04
2026-04-15 20:36:33,555 - Episodio: 014/800 | Reward: -306.97 | Temp: 0.869 | MA (100 ep): -247.61
2026-04-15 20:36:34,316 - Episodio: 015/800 | Reward:  -69.55 | Temp: 0.860 | MA (100 ep): -235.74
2026-04-15 20:36:35,059 - Episodio: 016/800 | Reward:  -29.29 | Temp: 0.851 | MA (100 ep): -222.83
2026-04-15 20:36:35,939 - Episodio: 017/800 | Reward: -286.92 | Temp: 0.843 | MA (100 ep): -226.60
2026-04-15 20:36:36,670 - Episodio: 018/800 | Reward: -126.55 | Temp: 0.835 | MA (100 ep): -221.04
2026-04-15 20:36:37,983 - Episodio: 019/800 | Reward: -175.11 | Temp: 0.826 | MA (100 ep): -218.63
2026-04-15 20:36:39,002 - Episodio: 020/800 | Reward: -206.72 | Temp: 0.818 | MA (100 ep): -218.03
2026-04-15 20:36:39,892 - Episodio: 021/800 | Reward: -118.86 | Temp: 0.810 | MA (100 ep): -213.31
2026-04-15 20:36:40,786 - Episodio: 022/800 | Reward:  -82.26 | Temp: 0.802 | MA (100 ep): -207.35
2026-04-15 20:36:41,424 - Episodio: 023/800 | Reward:  -99.58 | Temp: 0.794 | MA (100 ep): -202.67
2026-04-15 20:36:42,055 - Episodio: 024/800 | Reward: -165.55 | Temp: 0.786 | MA (100 ep): -201.12
2026-04-15 20:36:42,763 - Episodio: 025/800 | Reward:  -90.62 | Temp: 0.778 | MA (100 ep): -196.70
2026-04-15 20:36:43,362 - Episodio: 026/800 | Reward: -165.73 | Temp: 0.770 | MA (100 ep): -195.51
2026-04-15 20:36:44,023 - Episodio: 027/800 | Reward:   20.89 | Temp: 0.762 | MA (100 ep): -187.49
2026-04-15 20:36:44,795 - Episodio: 028/800 | Reward: -198.67 | Temp: 0.755 | MA (100 ep): -187.89
2026-04-15 20:36:45,554 - Episodio: 029/800 | Reward: -202.15 | Temp: 0.747 | MA (100 ep): -188.38
2026-04-15 20:36:46,206 - Episodio: 030/800 | Reward:    0.02 | Temp: 0.740 | MA (100 ep): -182.10
2026-04-15 20:36:47,036 - Episodio: 031/800 | Reward: -278.53 | Temp: 0.732 | MA (100 ep): -185.22
2026-04-15 20:36:47,963 - Episodio: 032/800 | Reward:  -43.71 | Temp: 0.725 | MA (100 ep): -180.79
2026-04-15 20:36:48,627 - Episodio: 033/800 | Reward: -228.40 | Temp: 0.718 | MA (100 ep): -182.24
2026-04-15 20:36:49,578 - Episodio: 034/800 | Reward: -114.35 | Temp: 0.711 | MA (100 ep): -180.24
2026-04-15 20:36:50,368 - Episodio: 035/800 | Reward: -116.62 | Temp: 0.703 | MA (100 ep): -178.42
2026-04-15 20:36:51,180 - Episodio: 036/800 | Reward:   56.86 | Temp: 0.696 | MA (100 ep): -171.89
2026-04-15 20:36:52,167 - Episodio: 037/800 | Reward: -249.88 | Temp: 0.689 | MA (100 ep): -173.99
2026-04-15 20:36:53,168 - Episodio: 038/800 | Reward: -165.33 | Temp: 0.683 | MA (100 ep): -173.77
2026-04-15 20:36:53,769 - Episodio: 039/800 | Reward:  -36.20 | Temp: 0.676 | MA (100 ep): -170.24
2026-04-15 20:36:54,219 - Episodio: 040/800 | Reward: -187.84 | Temp: 0.669 | MA (100 ep): -170.68
2026-04-15 20:36:55,351 - Episodio: 041/800 | Reward:  -13.91 | Temp: 0.662 | MA (100 ep): -166.85
2026-04-15 20:36:56,247 - Episodio: 042/800 | Reward:   25.34 | Temp: 0.656 | MA (100 ep): -162.28
2026-04-15 20:36:56,923 - Episodio: 043/800 | Reward:   -5.51 | Temp: 0.649 | MA (100 ep): -158.63
2026-04-15 20:36:58,243 - Episodio: 044/800 | Reward:  -90.31 | Temp: 0.643 | MA (100 ep): -157.08
2026-04-15 20:36:59,078 - Episodio: 045/800 | Reward:   17.52 | Temp: 0.636 | MA (100 ep): -153.20
2026-04-15 20:37:00,374 - Episodio: 046/800 | Reward:  -58.14 | Temp: 0.630 | MA (100 ep): -151.13
2026-04-15 20:37:01,268 - Episodio: 047/800 | Reward:  -56.30 | Temp: 0.624 | MA (100 ep): -149.12
2026-04-15 20:37:02,054 - Episodio: 048/800 | Reward:  -42.11 | Temp: 0.617 | MA (100 ep): -146.89
2026-04-15 20:37:02,404 - Episodio: 049/800 | Reward:  -26.60 | Temp: 0.611 | MA (100 ep): -144.43
2026-04-15 20:37:03,928 - Episodio: 050/800 | Reward:  -29.27 | Temp: 0.605 | MA (100 ep): -142.13
2026-04-15 20:37:03,928 - --- Inizio Evaluation run all'Episodio 50 ---
2026-04-15 20:37:15,307 - *** EVALUATION | Epi: 050 | Mean Reward (50 Run):  -99.74 ± 54.22 ***
2026-04-15 20:37:15,307 - --- Fine Evaluation ---
2026-04-15 20:37:16,074 - Episodio: 051/800 | Reward:  -23.98 | Temp: 0.599 | MA (100 ep): -139.81
2026-04-15 20:37:16,485 - Episodio: 052/800 | Reward:  -41.47 | Temp: 0.593 | MA (100 ep): -137.92
2026-04-15 20:37:17,390 - Episodio: 053/800 | Reward:   26.20 | Temp: 0.587 | MA (100 ep): -134.82
2026-04-15 20:37:18,114 - Episodio: 054/800 | Reward: -156.02 | Temp: 0.581 | MA (100 ep): -135.22
2026-04-15 20:37:19,367 - Episodio: 055/800 | Reward:  -75.28 | Temp: 0.575 | MA (100 ep): -134.13
2026-04-15 20:37:19,940 - Episodio: 056/800 | Reward:    7.68 | Temp: 0.570 | MA (100 ep): -131.59
2026-04-15 20:37:22,794 - Episodio: 057/800 | Reward: -135.61 | Temp: 0.564 | MA (100 ep): -131.67
2026-04-15 20:37:25,516 - Episodio: 058/800 | Reward: -124.56 | Temp: 0.558 | MA (100 ep): -131.54
2026-04-15 20:37:26,684 - Episodio: 059/800 | Reward:  -60.66 | Temp: 0.553 | MA (100 ep): -130.34
2026-04-15 20:37:27,924 - Episodio: 060/800 | Reward:    1.10 | Temp: 0.547 | MA (100 ep): -128.15
2026-04-15 20:37:31,263 - Episodio: 061/800 | Reward:  -77.47 | Temp: 0.542 | MA (100 ep): -127.32
2026-04-15 20:37:33,652 - Episodio: 062/800 | Reward:  -67.54 | Temp: 0.536 | MA (100 ep): -126.36
2026-04-15 20:37:36,913 - Episodio: 063/800 | Reward:  -62.58 | Temp: 0.531 | MA (100 ep): -125.34
2026-04-15 20:37:40,227 - Episodio: 064/800 | Reward:  -53.97 | Temp: 0.526 | MA (100 ep): -124.23
2026-04-15 20:37:41,120 - Episodio: 065/800 | Reward:   51.40 | Temp: 0.520 | MA (100 ep): -121.53
2026-04-15 20:37:41,359 - Episodio: 066/800 | Reward:  -66.01 | Temp: 0.515 | MA (100 ep): -120.69
2026-04-15 20:37:44,625 - Episodio: 067/800 | Reward:  -39.18 | Temp: 0.510 | MA (100 ep): -119.47
2026-04-15 20:37:48,028 - Episodio: 068/800 | Reward:  -48.48 | Temp: 0.505 | MA (100 ep): -118.42
2026-04-15 20:37:48,292 - Episodio: 069/800 | Reward:  -47.40 | Temp: 0.500 | MA (100 ep): -117.40
2026-04-15 20:37:51,488 - Episodio: 070/800 | Reward: -217.22 | Temp: 0.495 | MA (100 ep): -118.82
2026-04-15 20:37:52,514 - Episodio: 071/800 | Reward:  297.84 | Temp: 0.490 | MA (100 ep): -112.95
2026-04-15 20:37:55,802 - Episodio: 072/800 | Reward:  -46.17 | Temp: 0.485 | MA (100 ep): -112.03
2026-04-15 20:37:56,440 - Episodio: 073/800 | Reward:   33.38 | Temp: 0.480 | MA (100 ep): -110.03
2026-04-15 20:37:59,786 - Episodio: 074/800 | Reward:  -63.22 | Temp: 0.475 | MA (100 ep): -109.40
2026-04-15 20:38:03,207 - Episodio: 075/800 | Reward:  -16.99 | Temp: 0.471 | MA (100 ep): -108.17
2026-04-15 20:38:05,125 - Episodio: 076/800 | Reward:  -87.58 | Temp: 0.466 | MA (100 ep): -107.90
2026-04-15 20:38:07,680 - Episodio: 077/800 | Reward:  106.43 | Temp: 0.461 | MA (100 ep): -105.11
2026-04-15 20:38:11,004 - Episodio: 078/800 | Reward:  163.70 | Temp: 0.457 | MA (100 ep): -101.67
2026-04-15 20:38:14,282 - Episodio: 079/800 | Reward:  -17.66 | Temp: 0.452 | MA (100 ep): -100.60
2026-04-15 20:38:17,754 - Episodio: 080/800 | Reward:   14.09 | Temp: 0.448 | MA (100 ep):  -99.17
2026-04-15 20:38:21,138 - Episodio: 081/800 | Reward:   21.88 | Temp: 0.443 | MA (100 ep):  -97.68
2026-04-15 20:38:24,637 - Episodio: 082/800 | Reward:    2.68 | Temp: 0.439 | MA (100 ep):  -96.45
2026-04-15 20:38:26,962 - Episodio: 083/800 | Reward:  163.12 | Temp: 0.434 | MA (100 ep):  -93.33
2026-04-15 20:38:30,373 - Episodio: 084/800 | Reward:    4.09 | Temp: 0.430 | MA (100 ep):  -92.17
2026-04-15 20:38:33,659 - Episodio: 085/800 | Reward:   -1.51 | Temp: 0.426 | MA (100 ep):  -91.10
2026-04-15 20:38:37,160 - Episodio: 086/800 | Reward:    5.82 | Temp: 0.421 | MA (100 ep):  -89.97
2026-04-15 20:38:40,662 - Episodio: 087/800 | Reward:  -34.74 | Temp: 0.417 | MA (100 ep):  -89.34
2026-04-15 20:38:41,357 - Episodio: 088/800 | Reward:  -17.89 | Temp: 0.413 | MA (100 ep):  -88.53
2026-04-15 20:38:41,768 - Episodio: 089/800 | Reward:  -23.99 | Temp: 0.409 | MA (100 ep):  -87.80
2026-04-15 20:38:45,140 - Episodio: 090/800 | Reward:  -17.89 | Temp: 0.405 | MA (100 ep):  -87.02
2026-04-15 20:38:48,514 - Episodio: 091/800 | Reward:  -67.24 | Temp: 0.401 | MA (100 ep):  -86.81
2026-04-15 20:38:49,567 - Episodio: 092/800 | Reward:  -62.88 | Temp: 0.397 | MA (100 ep):  -86.55
2026-04-15 20:38:52,939 - Episodio: 093/800 | Reward:   39.35 | Temp: 0.393 | MA (100 ep):  -85.19
2026-04-15 20:38:56,396 - Episodio: 094/800 | Reward:  -41.54 | Temp: 0.389 | MA (100 ep):  -84.73
2026-04-15 20:38:59,875 - Episodio: 095/800 | Reward:   12.86 | Temp: 0.385 | MA (100 ep):  -83.70
2026-04-15 20:39:03,235 - Episodio: 096/800 | Reward:    5.90 | Temp: 0.381 | MA (100 ep):  -82.77
2026-04-15 20:39:06,741 - Episodio: 097/800 | Reward:  -34.83 | Temp: 0.377 | MA (100 ep):  -82.27
2026-04-15 20:39:10,166 - Episodio: 098/800 | Reward:   11.40 | Temp: 0.373 | MA (100 ep):  -81.32
2026-04-15 20:39:13,598 - Episodio: 099/800 | Reward:    0.32 | Temp: 0.370 | MA (100 ep):  -80.49
2026-04-15 20:39:14,346 - Episodio: 100/800 | Reward:   26.24 | Temp: 0.366 | MA (100 ep):  -79.43
2026-04-15 20:39:14,346 - --- Inizio Evaluation run all'Episodio 100 ---
2026-04-15 20:39:23,014 - *** EVALUATION | Epi: 100 | Mean Reward (50 Run):  -55.30 ± 81.56 ***
2026-04-15 20:39:23,014 - --- Fine Evaluation ---
2026-04-15 20:39:26,530 - Episodio: 101/800 | Reward:   10.61 | Temp: 0.362 | MA (100 ep):  -78.66
2026-04-15 20:39:30,056 - Episodio: 102/800 | Reward:  -31.54 | Temp: 0.359 | MA (100 ep):  -77.73
2026-04-15 20:39:33,469 - Episodio: 103/800 | Reward:   18.56 | Temp: 0.355 | MA (100 ep):  -70.60
2026-04-15 20:39:36,895 - Episodio: 104/800 | Reward:   10.35 | Temp: 0.352 | MA (100 ep):  -67.27
2026-04-15 20:39:40,423 - Episodio: 105/800 | Reward:    9.29 | Temp: 0.348 | MA (100 ep):  -62.86
2026-04-15 20:39:43,963 - Episodio: 106/800 | Reward:  -41.93 | Temp: 0.345 | MA (100 ep):  -59.39
2026-04-15 20:39:45,602 - Episodio: 107/800 | Reward:  254.63 | Temp: 0.341 | MA (100 ep):  -56.22
2026-04-15 20:39:49,038 - Episodio: 108/800 | Reward:    9.44 | Temp: 0.338 | MA (100 ep):  -54.75
2026-04-15 20:39:52,601 - Episodio: 109/800 | Reward:  -16.01 | Temp: 0.334 | MA (100 ep):  -53.77
2026-04-15 20:39:56,152 - Episodio: 110/800 | Reward:    5.78 | Temp: 0.331 | MA (100 ep):  -50.48
2026-04-15 20:39:57,696 - Episodio: 111/800 | Reward:  -50.31 | Temp: 0.328 | MA (100 ep):  -50.05
2026-04-15 20:40:01,163 - Episodio: 112/800 | Reward:  -18.47 | Temp: 0.324 | MA (100 ep):  -47.84
2026-04-15 20:40:04,608 - Episodio: 113/800 | Reward:   17.09 | Temp: 0.321 | MA (100 ep):  -46.05
2026-04-15 20:40:08,150 - Episodio: 114/800 | Reward:   22.93 | Temp: 0.318 | MA (100 ep):  -42.76
2026-04-15 20:40:11,667 - Episodio: 115/800 | Reward:    2.71 | Temp: 0.315 | MA (100 ep):  -42.03
2026-04-15 20:40:15,251 - Episodio: 116/800 | Reward:  -54.08 | Temp: 0.312 | MA (100 ep):  -42.28
2026-04-15 20:40:18,835 - Episodio: 117/800 | Reward:  -26.58 | Temp: 0.309 | MA (100 ep):  -39.68
2026-04-15 20:40:19,288 - Episodio: 118/800 | Reward: -118.78 | Temp: 0.305 | MA (100 ep):  -39.60
2026-04-15 20:40:22,795 - Episodio: 119/800 | Reward:  -43.50 | Temp: 0.302 | MA (100 ep):  -38.28
2026-04-15 20:40:26,157 - Episodio: 120/800 | Reward:    8.25 | Temp: 0.299 | MA (100 ep):  -36.13
2026-04-15 20:40:29,701 - Episodio: 121/800 | Reward:  -25.24 | Temp: 0.296 | MA (100 ep):  -35.20
2026-04-15 20:40:33,209 - Episodio: 122/800 | Reward:  -35.80 | Temp: 0.293 | MA (100 ep):  -34.73
2026-04-15 20:40:36,601 - Episodio: 123/800 | Reward:   -9.83 | Temp: 0.290 | MA (100 ep):  -33.84
2026-04-15 20:40:40,211 - Episodio: 124/800 | Reward:  -17.47 | Temp: 0.288 | MA (100 ep):  -32.36
2026-04-15 20:40:43,032 - Episodio: 125/800 | Reward:  201.46 | Temp: 0.285 | MA (100 ep):  -29.43
2026-04-15 20:40:46,616 - Episodio: 126/800 | Reward:    1.20 | Temp: 0.282 | MA (100 ep):  -27.77
2026-04-15 20:40:50,057 - Episodio: 127/800 | Reward:   47.71 | Temp: 0.279 | MA (100 ep):  -27.50
2026-04-15 20:40:53,567 - Episodio: 128/800 | Reward:  -31.52 | Temp: 0.276 | MA (100 ep):  -25.83
2026-04-15 20:40:54,637 - Episodio: 129/800 | Reward:  -79.13 | Temp: 0.273 | MA (100 ep):  -24.60
2026-04-15 20:40:58,052 - Episodio: 130/800 | Reward:  -29.34 | Temp: 0.271 | MA (100 ep):  -24.89
2026-04-15 20:41:01,260 - Episodio: 131/800 | Reward:  173.57 | Temp: 0.268 | MA (100 ep):  -20.37
2026-04-15 20:41:04,745 - Episodio: 132/800 | Reward:   -2.07 | Temp: 0.265 | MA (100 ep):  -19.95
2026-04-15 20:41:08,232 - Episodio: 133/800 | Reward:  -15.91 | Temp: 0.263 | MA (100 ep):  -17.83
2026-04-15 20:41:11,669 - Episodio: 134/800 | Reward:  -37.94 | Temp: 0.260 | MA (100 ep):  -17.06
2026-04-15 20:41:15,317 - Episodio: 135/800 | Reward:   -2.51 | Temp: 0.257 | MA (100 ep):  -15.92
2026-04-15 20:41:18,709 - Episodio: 136/800 | Reward: -138.15 | Temp: 0.255 | MA (100 ep):  -17.87
2026-04-15 20:41:22,125 - Episodio: 137/800 | Reward:   12.07 | Temp: 0.252 | MA (100 ep):  -15.25
2026-04-15 20:41:23,589 - Episodio: 138/800 | Reward:  210.11 | Temp: 0.250 | MA (100 ep):  -11.50
2026-04-15 20:41:24,774 - Episodio: 139/800 | Reward:  203.63 | Temp: 0.247 | MA (100 ep):   -9.10
2026-04-15 20:41:27,295 - Episodio: 140/800 | Reward:  139.56 | Temp: 0.245 | MA (100 ep):   -5.83
2026-04-15 20:41:30,778 - Episodio: 141/800 | Reward:  -51.12 | Temp: 0.242 | MA (100 ep):   -6.20
2026-04-15 20:41:33,134 - Episodio: 142/800 | Reward:  224.97 | Temp: 0.240 | MA (100 ep):   -4.20
2026-04-15 20:41:36,194 - Episodio: 143/800 | Reward:  141.52 | Temp: 0.238 | MA (100 ep):   -2.73
2026-04-15 20:41:39,797 - Episodio: 144/800 | Reward:   11.46 | Temp: 0.235 | MA (100 ep):   -1.71
2026-04-15 20:41:41,561 - Episodio: 145/800 | Reward:  -97.87 | Temp: 0.233 | MA (100 ep):   -2.87
2026-04-15 20:41:44,177 - Episodio: 146/800 | Reward:  213.29 | Temp: 0.231 | MA (100 ep):   -0.15
2026-04-15 20:41:45,766 - Episodio: 147/800 | Reward:  223.63 | Temp: 0.228 | MA (100 ep):    2.65
2026-04-15 20:41:49,285 - Episodio: 148/800 | Reward:   10.53 | Temp: 0.226 | MA (100 ep):    3.17
2026-04-15 20:41:52,926 - Episodio: 149/800 | Reward:   40.43 | Temp: 0.224 | MA (100 ep):    3.84
2026-04-15 20:41:55,755 - Episodio: 150/800 | Reward:  167.05 | Temp: 0.221 | MA (100 ep):    5.81
2026-04-15 20:41:55,755 - --- Inizio Evaluation run all'Episodio 150 ---
2026-04-15 20:42:02,093 - *** EVALUATION | Epi: 150 | Mean Reward (50 Run):  164.42 ± 141.35 ***
2026-04-15 20:42:02,093 - --- Fine Evaluation ---
2026-04-15 20:42:04,494 - Episodio: 151/800 | Reward:  184.60 | Temp: 0.219 | MA (100 ep):    7.89
2026-04-15 20:42:07,838 - Episodio: 152/800 | Reward:  171.46 | Temp: 0.217 | MA (100 ep):   10.02
2026-04-15 20:42:10,210 - Episodio: 153/800 | Reward:  204.20 | Temp: 0.215 | MA (100 ep):   11.80
2026-04-15 20:42:11,928 - Episodio: 154/800 | Reward:  228.64 | Temp: 0.213 | MA (100 ep):   15.65
2026-04-15 20:42:12,310 - Episodio: 155/800 | Reward: -202.39 | Temp: 0.211 | MA (100 ep):   14.38
2026-04-15 20:42:13,720 - Episodio: 156/800 | Reward:  242.00 | Temp: 0.208 | MA (100 ep):   16.72
2026-04-15 20:42:15,443 - Episodio: 157/800 | Reward:  229.97 | Temp: 0.206 | MA (100 ep):   20.38
2026-04-15 20:42:18,313 - Episodio: 158/800 | Reward:  204.60 | Temp: 0.204 | MA (100 ep):   23.67
2026-04-15 20:42:19,059 - Episodio: 159/800 | Reward:  -48.91 | Temp: 0.202 | MA (100 ep):   23.79
2026-04-15 20:42:21,030 - Episodio: 160/800 | Reward:  233.72 | Temp: 0.200 | MA (100 ep):   26.11
2026-04-15 20:42:22,443 - Episodio: 161/800 | Reward:  230.43 | Temp: 0.198 | MA (100 ep):   29.19
2026-04-15 20:42:23,773 - Episodio: 162/800 | Reward:  252.96 | Temp: 0.196 | MA (100 ep):   32.40
2026-04-15 20:42:25,604 - Episodio: 163/800 | Reward:  217.02 | Temp: 0.194 | MA (100 ep):   35.19
2026-04-15 20:42:27,152 - Episodio: 164/800 | Reward:  224.38 | Temp: 0.192 | MA (100 ep):   37.98
2026-04-15 20:42:28,996 - Episodio: 165/800 | Reward:  209.54 | Temp: 0.190 | MA (100 ep):   39.56
2026-04-15 20:42:30,024 - Episodio: 166/800 | Reward:  242.17 | Temp: 0.189 | MA (100 ep):   42.64
2026-04-15 20:42:30,967 - Episodio: 167/800 | Reward:   30.37 | Temp: 0.187 | MA (100 ep):   43.33
2026-04-15 20:42:31,903 - Episodio: 168/800 | Reward:  233.56 | Temp: 0.185 | MA (100 ep):   46.15
2026-04-15 20:42:32,690 - Episodio: 169/800 | Reward:  252.43 | Temp: 0.183 | MA (100 ep):   49.15
2026-04-15 20:42:36,084 - Episodio: 170/800 | Reward:  -83.72 | Temp: 0.181 | MA (100 ep):   50.49
2026-04-15 20:42:37,556 - Episodio: 171/800 | Reward:  262.40 | Temp: 0.179 | MA (100 ep):   50.13
2026-04-15 20:42:38,163 - Episodio: 172/800 | Reward:   -8.17 | Temp: 0.178 | MA (100 ep):   50.51
2026-04-15 20:42:38,995 - Episodio: 173/800 | Reward:  254.36 | Temp: 0.176 | MA (100 ep):   52.72
2026-04-15 20:42:40,238 - Episodio: 174/800 | Reward:  224.42 | Temp: 0.174 | MA (100 ep):   55.60
2026-04-15 20:42:41,665 - Episodio: 175/800 | Reward:  285.32 | Temp: 0.172 | MA (100 ep):   58.62
2026-04-15 20:42:42,603 - Episodio: 176/800 | Reward:  255.15 | Temp: 0.171 | MA (100 ep):   62.05
2026-04-15 20:42:43,676 - Episodio: 177/800 | Reward:  229.23 | Temp: 0.169 | MA (100 ep):   63.28
2026-04-15 20:42:45,074 - Episodio: 178/800 | Reward:  243.51 | Temp: 0.167 | MA (100 ep):   64.08
2026-04-15 20:42:46,384 - Episodio: 179/800 | Reward:  270.95 | Temp: 0.165 | MA (100 ep):   66.96
2026-04-15 20:42:47,159 - Episodio: 180/800 | Reward:  287.78 | Temp: 0.164 | MA (100 ep):   69.70
2026-04-15 20:42:48,206 - Episodio: 181/800 | Reward:  258.62 | Temp: 0.162 | MA (100 ep):   72.07
2026-04-15 20:42:49,194 - Episodio: 182/800 | Reward:  276.09 | Temp: 0.161 | MA (100 ep):   74.80
2026-04-15 20:42:50,124 - Episodio: 183/800 | Reward:  272.67 | Temp: 0.159 | MA (100 ep):   75.90
2026-04-15 20:42:51,387 - Episodio: 184/800 | Reward:  244.08 | Temp: 0.157 | MA (100 ep):   78.30
2026-04-15 20:42:52,613 - Episodio: 185/800 | Reward:  266.98 | Temp: 0.156 | MA (100 ep):   80.98
2026-04-15 20:42:53,333 - Episodio: 186/800 | Reward:  242.48 | Temp: 0.154 | MA (100 ep):   83.35
2026-04-15 20:42:54,090 - Episodio: 187/800 | Reward:   14.88 | Temp: 0.153 | MA (100 ep):   83.84
2026-04-15 20:42:56,537 - Episodio: 188/800 | Reward:  194.03 | Temp: 0.151 | MA (100 ep):   85.96
2026-04-15 20:42:57,625 - Episodio: 189/800 | Reward:  311.12 | Temp: 0.150 | MA (100 ep):   89.31
2026-04-15 20:42:58,598 - Episodio: 190/800 | Reward:   39.61 | Temp: 0.148 | MA (100 ep):   89.89
2026-04-15 20:42:58,976 - Episodio: 191/800 | Reward:  -38.51 | Temp: 0.147 | MA (100 ep):   90.18
2026-04-15 20:42:59,717 - Episodio: 192/800 | Reward:  -10.22 | Temp: 0.145 | MA (100 ep):   90.70
2026-04-15 20:43:00,423 - Episodio: 193/800 | Reward:  -15.30 | Temp: 0.144 | MA (100 ep):   90.16
2026-04-15 20:43:00,901 - Episodio: 194/800 | Reward:   17.47 | Temp: 0.142 | MA (100 ep):   90.75
2026-04-15 20:43:01,671 - Episodio: 195/800 | Reward:  -26.11 | Temp: 0.141 | MA (100 ep):   90.36
2026-04-15 20:43:02,754 - Episodio: 196/800 | Reward:  265.64 | Temp: 0.139 | MA (100 ep):   92.95
2026-04-15 20:43:03,664 - Episodio: 197/800 | Reward:  260.77 | Temp: 0.138 | MA (100 ep):   95.91
2026-04-15 20:43:04,217 - Episodio: 198/800 | Reward:  -30.21 | Temp: 0.137 | MA (100 ep):   95.49
2026-04-15 20:43:05,095 - Episodio: 199/800 | Reward:  269.28 | Temp: 0.135 | MA (100 ep):   98.18
2026-04-15 20:43:08,629 - Episodio: 200/800 | Reward:  152.33 | Temp: 0.134 | MA (100 ep):   99.44
2026-04-15 20:43:08,629 - --- Inizio Evaluation run all'Episodio 200 ---
2026-04-15 20:43:11,697 - *** EVALUATION | Epi: 200 | Mean Reward (50 Run):   73.47 ± 160.09 ***
2026-04-15 20:43:11,697 - --- Fine Evaluation ---
2026-04-15 20:43:12,212 - Episodio: 201/800 | Reward:   36.83 | Temp: 0.133 | MA (100 ep):   99.71
2026-04-15 20:43:13,574 - Episodio: 202/800 | Reward:  283.63 | Temp: 0.131 | MA (100 ep):  102.86
2026-04-15 20:43:14,329 - Episodio: 203/800 | Reward:  279.40 | Temp: 0.130 | MA (100 ep):  105.47
2026-04-15 20:43:16,294 - Episodio: 204/800 | Reward: -189.76 | Temp: 0.129 | MA (100 ep):  103.47
2026-04-15 20:43:17,023 - Episodio: 205/800 | Reward:  -19.00 | Temp: 0.127 | MA (100 ep):  103.18
2026-04-15 20:43:17,502 - Episodio: 206/800 | Reward:   -6.51 | Temp: 0.126 | MA (100 ep):  103.54
2026-04-15 20:43:18,185 - Episodio: 207/800 | Reward:  -69.17 | Temp: 0.125 | MA (100 ep):  100.30
2026-04-15 20:43:18,646 - Episodio: 208/800 | Reward:   -6.94 | Temp: 0.124 | MA (100 ep):  100.14
2026-04-15 20:43:19,670 - Episodio: 209/800 | Reward:  263.66 | Temp: 0.122 | MA (100 ep):  102.93
2026-04-15 20:43:20,138 - Episodio: 210/800 | Reward:  -30.99 | Temp: 0.121 | MA (100 ep):  102.56
2026-04-15 20:43:20,743 - Episodio: 211/800 | Reward:    5.66 | Temp: 0.120 | MA (100 ep):  103.12
2026-04-15 20:43:21,354 - Episodio: 212/800 | Reward:   13.91 | Temp: 0.119 | MA (100 ep):  103.45
2026-04-15 20:43:21,945 - Episodio: 213/800 | Reward:   -2.87 | Temp: 0.118 | MA (100 ep):  103.25
2026-04-15 20:43:22,350 - Episodio: 214/800 | Reward:   -9.98 | Temp: 0.116 | MA (100 ep):  102.92
2026-04-15 20:43:22,920 - Episodio: 215/800 | Reward:   27.24 | Temp: 0.115 | MA (100 ep):  103.16
2026-04-15 20:43:23,650 - Episodio: 216/800 | Reward:    5.56 | Temp: 0.114 | MA (100 ep):  103.76
2026-04-15 20:43:24,040 - Episodio: 217/800 | Reward:    0.50 | Temp: 0.113 | MA (100 ep):  104.03
2026-04-15 20:43:24,739 - Episodio: 218/800 | Reward:  -15.48 | Temp: 0.112 | MA (100 ep):  105.06
2026-04-15 20:43:27,468 - Episodio: 219/800 | Reward:  -65.57 | Temp: 0.111 | MA (100 ep):  104.84
2026-04-15 20:43:28,206 - Episodio: 220/800 | Reward:   43.64 | Temp: 0.110 | MA (100 ep):  105.20
2026-04-15 20:43:28,870 - Episodio: 221/800 | Reward:  -37.25 | Temp: 0.108 | MA (100 ep):  105.08
2026-04-15 20:43:29,267 - Episodio: 222/800 | Reward:  -35.77 | Temp: 0.107 | MA (100 ep):  105.08
2026-04-15 20:43:29,692 - Episodio: 223/800 | Reward:  -36.70 | Temp: 0.106 | MA (100 ep):  104.81
2026-04-15 20:43:30,153 - Episodio: 224/800 | Reward:    9.52 | Temp: 0.105 | MA (100 ep):  105.08
2026-04-15 20:43:30,793 - Episodio: 225/800 | Reward:  -27.48 | Temp: 0.104 | MA (100 ep):  102.79
2026-04-15 20:43:31,188 - Episodio: 226/800 | Reward:  -55.42 | Temp: 0.103 | MA (100 ep):  102.22
2026-04-15 20:43:31,646 - Episodio: 227/800 | Reward:  -46.35 | Temp: 0.102 | MA (100 ep):  101.28
2026-04-15 20:43:32,131 - Episodio: 228/800 | Reward:    6.34 | Temp: 0.101 | MA (100 ep):  101.66
2026-04-15 20:43:32,725 - Episodio: 229/800 | Reward:  -53.86 | Temp: 0.100 | MA (100 ep):  101.91
2026-04-15 20:43:33,200 - Episodio: 230/800 | Reward:  -20.37 | Temp: 0.099 | MA (100 ep):  102.00
2026-04-15 20:43:33,822 - Episodio: 231/800 | Reward:   14.35 | Temp: 0.098 | MA (100 ep):  100.41
2026-04-15 20:43:34,345 - Episodio: 232/800 | Reward:  -16.66 | Temp: 0.097 | MA (100 ep):  100.27
2026-04-15 20:43:34,724 - Episodio: 233/800 | Reward:  -66.24 | Temp: 0.096 | MA (100 ep):   99.76
2026-04-15 20:43:35,388 - Episodio: 234/800 | Reward:  -66.59 | Temp: 0.095 | MA (100 ep):   99.48
2026-04-15 20:43:36,160 - Episodio: 235/800 | Reward:  -17.98 | Temp: 0.094 | MA (100 ep):   99.32
2026-04-15 20:43:36,634 - Episodio: 236/800 | Reward:  -28.01 | Temp: 0.093 | MA (100 ep):  100.42
2026-04-15 20:43:37,373 - Episodio: 237/800 | Reward:   -9.93 | Temp: 0.092 | MA (100 ep):  100.20
2026-04-15 20:43:38,112 - Episodio: 238/800 | Reward:   31.70 | Temp: 0.091 | MA (100 ep):   98.42
2026-04-15 20:43:38,510 - Episodio: 239/800 | Reward:  -26.41 | Temp: 0.091 | MA (100 ep):   96.12
2026-04-15 20:43:39,092 - Episodio: 240/800 | Reward:   21.74 | Temp: 0.090 | MA (100 ep):   94.94
2026-04-15 20:43:39,593 - Episodio: 241/800 | Reward:  -25.04 | Temp: 0.089 | MA (100 ep):   95.20
2026-04-15 20:43:40,229 - Episodio: 242/800 | Reward:   30.49 | Temp: 0.088 | MA (100 ep):   93.26
2026-04-15 20:43:40,965 - Episodio: 243/800 | Reward:    0.75 | Temp: 0.087 | MA (100 ep):   91.85
2026-04-15 20:43:41,465 - Episodio: 244/800 | Reward:  -13.31 | Temp: 0.086 | MA (100 ep):   91.60
2026-04-15 20:43:44,975 - Episodio: 245/800 | Reward:  104.58 | Temp: 0.085 | MA (100 ep):   93.63
2026-04-15 20:43:45,608 - Episodio: 246/800 | Reward:  -50.05 | Temp: 0.084 | MA (100 ep):   90.99
2026-04-15 20:43:49,062 - Episodio: 247/800 | Reward:  -44.14 | Temp: 0.084 | MA (100 ep):   88.31
2026-04-15 20:43:49,550 - Episodio: 248/800 | Reward:   10.52 | Temp: 0.083 | MA (100 ep):   88.31
2026-04-15 20:43:52,086 - Episodio: 249/800 | Reward: -116.05 | Temp: 0.082 | MA (100 ep):   86.75
2026-04-15 20:43:55,602 - Episodio: 250/800 | Reward:   41.87 | Temp: 0.081 | MA (100 ep):   85.50
2026-04-15 20:43:55,602 - --- Inizio Evaluation run all'Episodio 250 ---
2026-04-15 20:43:58,615 - *** EVALUATION | Epi: 250 | Mean Reward (50 Run):   77.62 ± 153.44 ***
2026-04-15 20:43:58,615 - --- Fine Evaluation ---
2026-04-15 20:43:59,343 - Episodio: 251/800 | Reward:  231.32 | Temp: 0.080 | MA (100 ep):   85.96
2026-04-15 20:43:59,776 - Episodio: 252/800 | Reward:    4.44 | Temp: 0.079 | MA (100 ep):   84.29
2026-04-15 20:44:00,247 - Episodio: 253/800 | Reward:  -21.45 | Temp: 0.079 | MA (100 ep):   82.04
2026-04-15 20:44:01,162 - Episodio: 254/800 | Reward:  229.05 | Temp: 0.078 | MA (100 ep):   82.04
2026-04-15 20:44:01,839 - Episodio: 255/800 | Reward:  260.95 | Temp: 0.077 | MA (100 ep):   86.68
2026-04-15 20:44:02,674 - Episodio: 256/800 | Reward:  248.07 | Temp: 0.076 | MA (100 ep):   86.74
2026-04-15 20:44:03,241 - Episodio: 257/800 | Reward:  -11.84 | Temp: 0.076 | MA (100 ep):   84.32
2026-04-15 20:44:03,876 - Episodio: 258/800 | Reward:   28.41 | Temp: 0.075 | MA (100 ep):   82.56
2026-04-15 20:44:06,690 - Episodio: 259/800 | Reward:  282.56 | Temp: 0.074 | MA (100 ep):   85.87
2026-04-15 20:44:07,417 - Episodio: 260/800 | Reward:  258.95 | Temp: 0.073 | MA (100 ep):   86.12
2026-04-15 20:44:08,119 - Episodio: 261/800 | Reward:  243.53 | Temp: 0.073 | MA (100 ep):   86.25
2026-04-15 20:44:08,516 - Episodio: 262/800 | Reward:   50.00 | Temp: 0.072 | MA (100 ep):   84.22
2026-04-15 20:44:09,053 - Episodio: 263/800 | Reward:   -0.19 | Temp: 0.071 | MA (100 ep):   82.05
2026-04-15 20:44:09,851 - Episodio: 264/800 | Reward:  279.29 | Temp: 0.070 | MA (100 ep):   82.60
2026-04-15 20:44:11,052 - Episodio: 265/800 | Reward:  220.01 | Temp: 0.070 | MA (100 ep):   82.71
2026-04-15 20:44:12,173 - Episodio: 266/800 | Reward: -457.52 | Temp: 0.069 | MA (100 ep):   75.71
2026-04-15 20:44:12,837 - Episodio: 267/800 | Reward:   57.90 | Temp: 0.068 | MA (100 ep):   75.98
2026-04-15 20:44:13,328 - Episodio: 268/800 | Reward:   10.23 | Temp: 0.068 | MA (100 ep):   73.75
2026-04-15 20:44:13,877 - Episodio: 269/800 | Reward:   24.29 | Temp: 0.067 | MA (100 ep):   71.47
2026-04-15 20:44:15,563 - Episodio: 270/800 | Reward:  259.50 | Temp: 0.066 | MA (100 ep):   74.90
2026-04-15 20:44:16,037 - Episodio: 271/800 | Reward:   47.14 | Temp: 0.066 | MA (100 ep):   72.75
2026-04-15 20:44:17,261 - Episodio: 272/800 | Reward:  281.51 | Temp: 0.065 | MA (100 ep):   75.65
2026-04-15 20:44:17,901 - Episodio: 273/800 | Reward:  277.04 | Temp: 0.064 | MA (100 ep):   75.87
2026-04-15 20:44:18,725 - Episodio: 274/800 | Reward:  276.79 | Temp: 0.064 | MA (100 ep):   76.40
2026-04-15 20:44:21,257 - Episodio: 275/800 | Reward:  233.00 | Temp: 0.063 | MA (100 ep):   75.87
2026-04-15 20:44:22,086 - Episodio: 276/800 | Reward:  253.58 | Temp: 0.062 | MA (100 ep):   75.86
2026-04-15 20:44:22,751 - Episodio: 277/800 | Reward:  259.32 | Temp: 0.062 | MA (100 ep):   76.16
2026-04-15 20:44:23,510 - Episodio: 278/800 | Reward:  237.09 | Temp: 0.061 | MA (100 ep):   76.09
2026-04-15 20:44:24,455 - Episodio: 279/800 | Reward:  288.55 | Temp: 0.061 | MA (100 ep):   76.27
2026-04-15 20:44:25,127 - Episodio: 280/800 | Reward:  275.11 | Temp: 0.060 | MA (100 ep):   76.14
2026-04-15 20:44:27,662 - Episodio: 281/800 | Reward:  200.96 | Temp: 0.059 | MA (100 ep):   75.57
2026-04-15 20:44:30,147 - Episodio: 282/800 | Reward:  193.54 | Temp: 0.059 | MA (100 ep):   74.74
2026-04-15 20:44:33,806 - Episodio: 283/800 | Reward:  -35.94 | Temp: 0.058 | MA (100 ep):   71.66
2026-04-15 20:44:34,487 - Episodio: 284/800 | Reward:  253.74 | Temp: 0.058 | MA (100 ep):   71.75
2026-04-15 20:44:37,480 - Episodio: 285/800 | Reward:  275.40 | Temp: 0.057 | MA (100 ep):   71.84
2026-04-15 20:44:38,302 - Episodio: 286/800 | Reward:  265.88 | Temp: 0.056 | MA (100 ep):   72.07
2026-04-15 20:44:40,166 - Episodio: 287/800 | Reward:  231.54 | Temp: 0.056 | MA (100 ep):   74.24
2026-04-15 20:44:40,953 - Episodio: 288/800 | Reward:  262.66 | Temp: 0.055 | MA (100 ep):   74.92
2026-04-15 20:44:41,754 - Episodio: 289/800 | Reward:  257.65 | Temp: 0.055 | MA (100 ep):   74.39
2026-04-15 20:44:43,034 - Episodio: 290/800 | Reward:  273.03 | Temp: 0.054 | MA (100 ep):   76.72
2026-04-15 20:44:44,063 - Episodio: 291/800 | Reward:  228.33 | Temp: 0.054 | MA (100 ep):   79.39
2026-04-15 20:44:44,902 - Episodio: 292/800 | Reward:  264.42 | Temp: 0.053 | MA (100 ep):   82.14
2026-04-15 20:44:45,862 - Episodio: 293/800 | Reward:  240.65 | Temp: 0.053 | MA (100 ep):   84.70
2026-04-15 20:44:47,044 - Episodio: 294/800 | Reward:  238.98 | Temp: 0.052 | MA (100 ep):   86.91
2026-04-15 20:44:47,345 - Episodio: 295/800 | Reward: -822.73 | Temp: 0.052 | MA (100 ep):   78.95
2026-04-15 20:44:48,211 - Episodio: 296/800 | Reward:  224.34 | Temp: 0.051 | MA (100 ep):   78.53
2026-04-15 20:44:49,135 - Episodio: 297/800 | Reward:  281.35 | Temp: 0.051 | MA (100 ep):   78.74
2026-04-15 20:44:52,114 - Episodio: 298/800 | Reward:  154.92 | Temp: 0.050 | MA (100 ep):   80.59
2026-04-15 20:44:53,007 - Episodio: 299/800 | Reward:  267.77 | Temp: 0.050 | MA (100 ep):   80.58
2026-04-15 20:44:53,789 - Episodio: 300/800 | Reward:  281.63 | Temp: 0.049 | MA (100 ep):   81.87
2026-04-15 20:44:53,789 - --- Inizio Evaluation run all'Episodio 300 ---
2026-04-15 20:44:59,453 - *** EVALUATION | Epi: 300 | Mean Reward (50 Run):  196.84 ± 116.70 ***
2026-04-15 20:44:59,453 - --- Fine Evaluation ---
2026-04-15 20:45:00,728 - Episodio: 301/800 | Reward:  206.51 | Temp: 0.049 | MA (100 ep):   83.56
2026-04-15 20:45:04,071 - Episodio: 302/800 | Reward:  -24.66 | Temp: 0.048 | MA (100 ep):   80.48
2026-04-15 20:45:05,238 - Episodio: 303/800 | Reward:  212.76 | Temp: 0.048 | MA (100 ep):   79.82
2026-04-15 20:45:08,620 - Episodio: 304/800 | Reward:  -56.06 | Temp: 0.047 | MA (100 ep):   81.15
2026-04-15 20:45:09,609 - Episodio: 305/800 | Reward:  272.00 | Temp: 0.047 | MA (100 ep):   84.06
2026-04-15 20:45:10,488 - Episodio: 306/800 | Reward:   13.75 | Temp: 0.046 | MA (100 ep):   84.26
2026-04-15 20:45:11,294 - Episodio: 307/800 | Reward:   37.69 | Temp: 0.046 | MA (100 ep):   85.33
2026-04-15 20:45:11,989 - Episodio: 308/800 | Reward:  246.32 | Temp: 0.045 | MA (100 ep):   87.87
2026-04-15 20:45:12,902 - Episodio: 309/800 | Reward:   36.09 | Temp: 0.045 | MA (100 ep):   85.59
2026-04-15 20:45:13,631 - Episodio: 310/800 | Reward:  236.74 | Temp: 0.044 | MA (100 ep):   88.27
2026-04-15 20:45:14,818 - Episodio: 311/800 | Reward:  272.60 | Temp: 0.044 | MA (100 ep):   90.94
2026-04-15 20:45:18,074 - Episodio: 312/800 | Reward:   97.67 | Temp: 0.043 | MA (100 ep):   91.77
2026-04-15 20:45:19,510 - Episodio: 313/800 | Reward:  231.89 | Temp: 0.043 | MA (100 ep):   94.12
2026-04-15 20:45:20,674 - Episodio: 314/800 | Reward:  291.17 | Temp: 0.043 | MA (100 ep):   97.13
2026-04-15 20:45:21,777 - Episodio: 315/800 | Reward: -251.02 | Temp: 0.042 | MA (100 ep):   94.35
2026-04-15 20:45:22,545 - Episodio: 316/800 | Reward:  253.18 | Temp: 0.042 | MA (100 ep):   96.83
2026-04-15 20:45:25,386 - Episodio: 317/800 | Reward:  271.64 | Temp: 0.041 | MA (100 ep):   99.54
2026-04-15 20:45:26,178 - Episodio: 318/800 | Reward:  282.37 | Temp: 0.041 | MA (100 ep):  102.52
2026-04-15 20:45:27,246 - Episodio: 319/800 | Reward:  283.73 | Temp: 0.041 | MA (100 ep):  106.01
2026-04-15 20:45:28,116 - Episodio: 320/800 | Reward:  271.92 | Temp: 0.040 | MA (100 ep):  108.29
2026-04-15 20:45:28,863 - Episodio: 321/800 | Reward:   29.64 | Temp: 0.040 | MA (100 ep):  108.96
2026-04-15 20:45:29,920 - Episodio: 322/800 | Reward:  250.91 | Temp: 0.039 | MA (100 ep):  111.83
2026-04-15 20:45:30,777 - Episodio: 323/800 | Reward:  242.50 | Temp: 0.039 | MA (100 ep):  114.62
2026-04-15 20:45:31,790 - Episodio: 324/800 | Reward:  236.14 | Temp: 0.039 | MA (100 ep):  116.89
2026-04-15 20:45:33,637 - Episodio: 325/800 | Reward:  259.62 | Temp: 0.038 | MA (100 ep):  119.76
2026-04-15 20:45:37,360 - Episodio: 326/800 | Reward:   42.38 | Temp: 0.038 | MA (100 ep):  120.74
2026-04-15 20:45:38,654 - Episodio: 327/800 | Reward:  287.34 | Temp: 0.037 | MA (100 ep):  124.07
2026-04-15 20:45:39,461 - Episodio: 328/800 | Reward:    6.10 | Temp: 0.037 | MA (100 ep):  124.07
2026-04-15 20:45:40,406 - Episodio: 329/800 | Reward:  286.07 | Temp: 0.037 | MA (100 ep):  127.47
2026-04-15 20:45:42,202 - Episodio: 330/800 | Reward:  174.11 | Temp: 0.036 | MA (100 ep):  129.41
2026-04-15 20:45:43,261 - Episodio: 331/800 | Reward:  242.25 | Temp: 0.036 | MA (100 ep):  131.69
2026-04-15 20:45:44,272 - Episodio: 332/800 | Reward:  270.78 | Temp: 0.036 | MA (100 ep):  134.57
2026-04-15 20:45:45,787 - Episodio: 333/800 | Reward:  253.18 | Temp: 0.035 | MA (100 ep):  137.76
2026-04-15 20:45:46,836 - Episodio: 334/800 | Reward:  237.19 | Temp: 0.035 | MA (100 ep):  140.80
2026-04-15 20:45:50,336 - Episodio: 335/800 | Reward:  -55.07 | Temp: 0.034 | MA (100 ep):  140.43
2026-04-15 20:45:51,304 - Episodio: 336/800 | Reward:  251.52 | Temp: 0.034 | MA (100 ep):  143.22
2026-04-15 20:45:53,324 - Episodio: 337/800 | Reward:  264.48 | Temp: 0.034 | MA (100 ep):  145.97
2026-04-15 20:45:55,320 - Episodio: 338/800 | Reward:  190.42 | Temp: 0.033 | MA (100 ep):  147.56
2026-04-15 20:45:56,398 - Episodio: 339/800 | Reward:  254.42 | Temp: 0.033 | MA (100 ep):  150.36
2026-04-15 20:45:57,600 - Episodio: 340/800 | Reward:  266.34 | Temp: 0.033 | MA (100 ep):  152.81
2026-04-15 20:45:58,413 - Episodio: 341/800 | Reward:  273.89 | Temp: 0.032 | MA (100 ep):  155.80
2026-04-15 20:45:59,430 - Episodio: 342/800 | Reward:  259.70 | Temp: 0.032 | MA (100 ep):  158.09
2026-04-15 20:46:01,207 - Episodio: 343/800 | Reward:  199.64 | Temp: 0.032 | MA (100 ep):  160.08
2026-04-15 20:46:02,479 - Episodio: 344/800 | Reward:  234.44 | Temp: 0.032 | MA (100 ep):  162.56
2026-04-15 20:46:03,953 - Episodio: 345/800 | Reward:  185.92 | Temp: 0.031 | MA (100 ep):  163.37
2026-04-15 20:46:05,069 - Episodio: 346/800 | Reward:  276.91 | Temp: 0.031 | MA (100 ep):  166.64
2026-04-15 20:46:06,046 - Episodio: 347/800 | Reward:  277.82 | Temp: 0.031 | MA (100 ep):  169.86
2026-04-15 20:46:07,136 - Episodio: 348/800 | Reward:  254.04 | Temp: 0.030 | MA (100 ep):  172.30
2026-04-15 20:46:07,889 - Episodio: 349/800 | Reward:  233.69 | Temp: 0.030 | MA (100 ep):  175.79
2026-04-15 20:46:08,695 - Episodio: 350/800 | Reward:  259.24 | Temp: 0.030 | MA (100 ep):  177.97
2026-04-15 20:46:08,695 - --- Inizio Evaluation run all'Episodio 350 ---
2026-04-15 20:46:13,075 - *** EVALUATION | Epi: 350 | Mean Reward (50 Run):  248.25 ± 61.45 ***
2026-04-15 20:46:13,075 - --- Fine Evaluation ---
2026-04-15 20:46:14,128 - Episodio: 351/800 | Reward:  276.71 | Temp: 0.029 | MA (100 ep):  178.42
2026-04-15 20:46:15,450 - Episodio: 352/800 | Reward:  269.57 | Temp: 0.029 | MA (100 ep):  181.07
2026-04-15 20:46:16,698 - Episodio: 353/800 | Reward:  260.79 | Temp: 0.029 | MA (100 ep):  183.89
2026-04-15 20:46:17,660 - Episodio: 354/800 | Reward:  255.14 | Temp: 0.029 | MA (100 ep):  184.15
2026-04-15 20:46:18,733 - Episodio: 355/800 | Reward:  295.47 | Temp: 0.028 | MA (100 ep):  184.50
2026-04-15 20:46:19,530 - Episodio: 356/800 | Reward:  272.01 | Temp: 0.028 | MA (100 ep):  184.74
2026-04-15 20:46:20,464 - Episodio: 357/800 | Reward:  263.73 | Temp: 0.028 | MA (100 ep):  187.50
2026-04-15 20:46:21,586 - Episodio: 358/800 | Reward:  252.66 | Temp: 0.027 | MA (100 ep):  189.74
2026-04-15 20:46:22,643 - Episodio: 359/800 | Reward:  257.13 | Temp: 0.027 | MA (100 ep):  189.48
2026-04-15 20:46:23,723 - Episodio: 360/800 | Reward:  295.51 | Temp: 0.027 | MA (100 ep):  189.85
2026-04-15 20:46:24,629 - Episodio: 361/800 | Reward:  297.05 | Temp: 0.027 | MA (100 ep):  190.38
2026-04-15 20:46:25,984 - Episodio: 362/800 | Reward:  250.01 | Temp: 0.026 | MA (100 ep):  192.38
2026-04-15 20:46:26,715 - Episodio: 363/800 | Reward:  262.58 | Temp: 0.026 | MA (100 ep):  195.01
2026-04-15 20:46:28,261 - Episodio: 364/800 | Reward:  195.58 | Temp: 0.026 | MA (100 ep):  194.17
2026-04-15 20:46:29,252 - Episodio: 365/800 | Reward:  273.37 | Temp: 0.026 | MA (100 ep):  194.71
2026-04-15 20:46:30,056 - Episodio: 366/800 | Reward:  246.80 | Temp: 0.025 | MA (100 ep):  201.75
2026-04-15 20:46:30,879 - Episodio: 367/800 | Reward:  255.06 | Temp: 0.025 | MA (100 ep):  203.72
2026-04-15 20:46:31,849 - Episodio: 368/800 | Reward:  265.66 | Temp: 0.025 | MA (100 ep):  206.28
2026-04-15 20:46:33,001 - Episodio: 369/800 | Reward:  237.22 | Temp: 0.025 | MA (100 ep):  208.41
2026-04-15 20:46:33,979 - Episodio: 370/800 | Reward:  243.64 | Temp: 0.024 | MA (100 ep):  208.25
2026-04-15 20:46:34,974 - Episodio: 371/800 | Reward:  304.20 | Temp: 0.024 | MA (100 ep):  210.82
2026-04-15 20:46:35,827 - Episodio: 372/800 | Reward:  268.06 | Temp: 0.024 | MA (100 ep):  210.68
2026-04-15 20:46:37,164 - Episodio: 373/800 | Reward:  244.89 | Temp: 0.024 | MA (100 ep):  210.36
2026-04-15 20:46:38,188 - Episodio: 374/800 | Reward:  280.78 | Temp: 0.023 | MA (100 ep):  210.40
2026-04-15 20:46:39,105 - Episodio: 375/800 | Reward:  257.07 | Temp: 0.023 | MA (100 ep):  210.64
2026-04-15 20:46:40,299 - Episodio: 376/800 | Reward:  229.05 | Temp: 0.023 | MA (100 ep):  210.40
2026-04-15 20:46:41,041 - Episodio: 377/800 | Reward:  272.09 | Temp: 0.023 | MA (100 ep):  210.53
2026-04-15 20:46:41,853 - Episodio: 378/800 | Reward:  276.42 | Temp: 0.022 | MA (100 ep):  210.92
2026-04-15 20:46:42,720 - Episodio: 379/800 | Reward:  274.36 | Temp: 0.022 | MA (100 ep):  210.78
2026-04-15 20:46:43,399 - Episodio: 380/800 | Reward:  253.29 | Temp: 0.022 | MA (100 ep):  210.56
2026-04-15 20:46:44,488 - Episodio: 381/800 | Reward:  267.99 | Temp: 0.022 | MA (100 ep):  211.23
2026-04-15 20:46:45,171 - Episodio: 382/800 | Reward:  271.12 | Temp: 0.022 | MA (100 ep):  212.00
2026-04-15 20:46:45,913 - Episodio: 383/800 | Reward:  265.87 | Temp: 0.021 | MA (100 ep):  215.02
2026-04-15 20:46:46,660 - Episodio: 384/800 | Reward:  235.92 | Temp: 0.021 | MA (100 ep):  214.84
2026-04-15 20:46:47,833 - Episodio: 385/800 | Reward:  279.97 | Temp: 0.021 | MA (100 ep):  214.89
2026-04-15 20:46:49,276 - Episodio: 386/800 | Reward:  249.86 | Temp: 0.021 | MA (100 ep):  214.73
2026-04-15 20:46:50,112 - Episodio: 387/800 | Reward:  271.54 | Temp: 0.020 | MA (100 ep):  215.13
2026-04-15 20:46:51,184 - Episodio: 388/800 | Reward:  283.97 | Temp: 0.020 | MA (100 ep):  215.34
2026-04-15 20:46:52,260 - Episodio: 389/800 | Reward:  259.78 | Temp: 0.020 | MA (100 ep):  215.36
2026-04-15 20:46:52,969 - Episodio: 390/800 | Reward:  244.66 | Temp: 0.020 | MA (100 ep):  215.08
2026-04-15 20:46:53,919 - Episodio: 391/800 | Reward:  299.82 | Temp: 0.020 | MA (100 ep):  215.80
2026-04-15 20:46:54,967 - Episodio: 392/800 | Reward:  262.53 | Temp: 0.019 | MA (100 ep):  215.78
2026-04-15 20:46:55,705 - Episodio: 393/800 | Reward:  249.03 | Temp: 0.019 | MA (100 ep):  215.86
2026-04-15 20:46:56,698 - Episodio: 394/800 | Reward:  279.13 | Temp: 0.019 | MA (100 ep):  216.26
2026-04-15 20:46:58,273 - Episodio: 395/800 | Reward:  255.12 | Temp: 0.019 | MA (100 ep):  227.04
2026-04-15 20:46:59,740 - Episodio: 396/800 | Reward:  -10.28 | Temp: 0.019 | MA (100 ep):  224.69
2026-04-15 20:47:01,116 - Episodio: 397/800 | Reward:  276.26 | Temp: 0.019 | MA (100 ep):  224.64
2026-04-15 20:47:01,952 - Episodio: 398/800 | Reward:  279.32 | Temp: 0.018 | MA (100 ep):  225.89
2026-04-15 20:47:02,767 - Episodio: 399/800 | Reward:  273.87 | Temp: 0.018 | MA (100 ep):  225.95
2026-04-15 20:47:03,536 - Episodio: 400/800 | Reward:  242.15 | Temp: 0.018 | MA (100 ep):  225.55
2026-04-15 20:47:03,536 - --- Inizio Evaluation run all'Episodio 400 ---
2026-04-15 20:47:07,803 - *** EVALUATION | Epi: 400 | Mean Reward (50 Run):  238.44 ± 133.81 ***
2026-04-15 20:47:07,803 - --- Fine Evaluation ---
2026-04-15 20:47:08,761 - Episodio: 401/800 | Reward:  287.02 | Temp: 0.018 | MA (100 ep):  226.36
2026-04-15 20:47:09,696 - Episodio: 402/800 | Reward:  295.94 | Temp: 0.018 | MA (100 ep):  229.57
2026-04-15 20:47:12,013 - Episodio: 403/800 | Reward:  173.45 | Temp: 0.017 | MA (100 ep):  229.17
2026-04-15 20:47:13,392 - Episodio: 404/800 | Reward:  259.41 | Temp: 0.017 | MA (100 ep):  232.33
2026-04-15 20:47:14,300 - Episodio: 405/800 | Reward:  293.22 | Temp: 0.017 | MA (100 ep):  232.54
2026-04-15 20:47:15,300 - Episodio: 406/800 | Reward:  261.33 | Temp: 0.017 | MA (100 ep):  235.02
2026-04-15 20:47:16,268 - Episodio: 407/800 | Reward:  293.67 | Temp: 0.017 | MA (100 ep):  237.57
2026-04-15 20:47:17,131 - Episodio: 408/800 | Reward:  252.89 | Temp: 0.017 | MA (100 ep):  237.64
2026-04-15 20:47:17,927 - Episodio: 409/800 | Reward:  262.92 | Temp: 0.016 | MA (100 ep):  239.91
2026-04-15 20:47:18,986 - Episodio: 410/800 | Reward:  301.50 | Temp: 0.016 | MA (100 ep):  240.56
2026-04-15 20:47:19,904 - Episodio: 411/800 | Reward:  269.76 | Temp: 0.016 | MA (100 ep):  240.53
2026-04-15 20:47:21,020 - Episodio: 412/800 | Reward:  214.41 | Temp: 0.016 | MA (100 ep):  241.70
2026-04-15 20:47:22,109 - Episodio: 413/800 | Reward:  274.85 | Temp: 0.016 | MA (100 ep):  242.12
2026-04-15 20:47:22,913 - Episodio: 414/800 | Reward:  275.84 | Temp: 0.016 | MA (100 ep):  241.97
2026-04-15 20:47:23,703 - Episodio: 415/800 | Reward:  258.99 | Temp: 0.015 | MA (100 ep):  247.07
2026-04-15 20:47:24,797 - Episodio: 416/800 | Reward:  210.38 | Temp: 0.015 | MA (100 ep):  246.64
2026-04-15 20:47:25,790 - Episodio: 417/800 | Reward:  274.52 | Temp: 0.015 | MA (100 ep):  246.67
2026-04-15 20:47:27,352 - Episodio: 418/800 | Reward:  245.02 | Temp: 0.015 | MA (100 ep):  246.30
2026-04-15 20:47:28,085 - Episodio: 419/800 | Reward:  242.13 | Temp: 0.015 | MA (100 ep):  245.88
2026-04-15 20:47:29,196 - Episodio: 420/800 | Reward:  238.75 | Temp: 0.015 | MA (100 ep):  245.55
2026-04-15 20:47:30,048 - Episodio: 421/800 | Reward:  272.37 | Temp: 0.015 | MA (100 ep):  247.98
2026-04-15 20:47:31,054 - Episodio: 422/800 | Reward:  275.44 | Temp: 0.014 | MA (100 ep):  248.22
2026-04-15 20:47:31,942 - Episodio: 423/800 | Reward:  285.43 | Temp: 0.014 | MA (100 ep):  248.65
2026-04-15 20:47:32,887 - Episodio: 424/800 | Reward:  293.03 | Temp: 0.014 | MA (100 ep):  249.22
2026-04-15 20:47:33,701 - Episodio: 425/800 | Reward:  246.55 | Temp: 0.014 | MA (100 ep):  249.09
2026-04-15 20:47:34,449 - Episodio: 426/800 | Reward:  250.78 | Temp: 0.014 | MA (100 ep):  251.18
2026-04-15 20:47:36,038 - Episodio: 427/800 | Reward:  232.20 | Temp: 0.014 | MA (100 ep):  250.62
2026-04-15 20:47:36,932 - Episodio: 428/800 | Reward:  288.81 | Temp: 0.014 | MA (100 ep):  253.45
2026-04-15 20:47:37,850 - Episodio: 429/800 | Reward:  280.76 | Temp: 0.013 | MA (100 ep):  253.40
2026-04-15 20:47:40,757 - Episodio: 430/800 | Reward: -136.80 | Temp: 0.013 | MA (100 ep):  250.29
2026-04-15 20:47:41,725 - Episodio: 431/800 | Reward:  304.34 | Temp: 0.013 | MA (100 ep):  250.91
2026-04-15 20:47:42,650 - Episodio: 432/800 | Reward:  273.02 | Temp: 0.013 | MA (100 ep):  250.93
2026-04-15 20:47:43,473 - Episodio: 433/800 | Reward:  248.03 | Temp: 0.013 | MA (100 ep):  250.88
2026-04-15 20:47:44,248 - Episodio: 434/800 | Reward:  267.90 | Temp: 0.013 | MA (100 ep):  251.19
2026-04-15 20:47:45,665 - Episodio: 435/800 | Reward:  247.64 | Temp: 0.013 | MA (100 ep):  254.22
2026-04-15 20:47:46,473 - Episodio: 436/800 | Reward:  256.20 | Temp: 0.013 | MA (100 ep):  254.26
2026-04-15 20:47:47,601 - Episodio: 437/800 | Reward:  215.12 | Temp: 0.012 | MA (100 ep):  253.77
2026-04-15 20:47:48,546 - Episodio: 438/800 | Reward:  286.75 | Temp: 0.012 | MA (100 ep):  254.73
2026-04-15 20:47:49,599 - Episodio: 439/800 | Reward:  311.38 | Temp: 0.012 | MA (100 ep):  255.30
2026-04-15 20:47:50,576 - Episodio: 440/800 | Reward:  283.79 | Temp: 0.012 | MA (100 ep):  255.48
2026-04-15 20:47:51,580 - Episodio: 441/800 | Reward:  272.73 | Temp: 0.012 | MA (100 ep):  255.46
2026-04-15 20:47:52,219 - Episodio: 442/800 | Reward:  249.95 | Temp: 0.012 | MA (100 ep):  255.37
2026-04-15 20:47:55,710 - Episodio: 443/800 | Reward:  168.24 | Temp: 0.012 | MA (100 ep):  255.05
2026-04-15 20:47:58,068 - Episodio: 444/800 | Reward:  251.67 | Temp: 0.012 | MA (100 ep):  255.22
2026-04-15 20:47:58,869 - Episodio: 445/800 | Reward:  265.26 | Temp: 0.011 | MA (100 ep):  256.02
2026-04-15 20:48:00,094 - Episodio: 446/800 | Reward:  286.33 | Temp: 0.011 | MA (100 ep):  256.11
2026-04-15 20:48:00,954 - Episodio: 447/800 | Reward:  241.55 | Temp: 0.011 | MA (100 ep):  255.75
2026-04-15 20:48:01,604 - Episodio: 448/800 | Reward:  246.76 | Temp: 0.011 | MA (100 ep):  255.68
2026-04-15 20:48:02,600 - Episodio: 449/800 | Reward:  265.68 | Temp: 0.011 | MA (100 ep):  256.00
2026-04-15 20:48:03,533 - Episodio: 450/800 | Reward:  231.40 | Temp: 0.011 | MA (100 ep):  255.72
2026-04-15 20:48:03,533 - --- Inizio Evaluation run all'Episodio 450 ---
2026-04-15 20:48:06,888 - *** EVALUATION | Epi: 450 | Mean Reward (50 Run):  235.14 ± 89.97 ***
2026-04-15 20:48:06,888 - --- Fine Evaluation ---
2026-04-15 20:48:08,311 - Episodio: 451/800 | Reward:  273.69 | Temp: 0.011 | MA (100 ep):  255.69
2026-04-15 20:48:09,379 - Episodio: 452/800 | Reward:  294.05 | Temp: 0.011 | MA (100 ep):  255.93
2026-04-15 20:48:10,115 - Episodio: 453/800 | Reward:  239.54 | Temp: 0.011 | MA (100 ep):  255.72
2026-04-15 20:48:11,001 - Episodio: 454/800 | Reward:  284.77 | Temp: 0.010 | MA (100 ep):  256.02
2026-04-15 20:48:12,168 - Episodio: 455/800 | Reward:  268.43 | Temp: 0.010 | MA (100 ep):  255.75
2026-04-15 20:48:12,844 - Episodio: 456/800 | Reward:  242.73 | Temp: 0.010 | MA (100 ep):  255.45
2026-04-15 20:48:13,885 - Episodio: 457/800 | Reward:  260.36 | Temp: 0.010 | MA (100 ep):  255.42
2026-04-15 20:48:14,864 - Episodio: 458/800 | Reward:  261.06 | Temp: 0.010 | MA (100 ep):  255.50
2026-04-15 20:48:15,625 - Episodio: 459/800 | Reward:  252.34 | Temp: 0.010 | MA (100 ep):  255.46
2026-04-15 20:48:16,799 - Episodio: 460/800 | Reward:  244.30 | Temp: 0.010 | MA (100 ep):  254.94
2026-04-15 20:48:17,475 - Episodio: 461/800 | Reward:  262.25 | Temp: 0.010 | MA (100 ep):  254.60
2026-04-15 20:48:18,359 - Episodio: 462/800 | Reward:  268.90 | Temp: 0.010 | MA (100 ep):  254.78
2026-04-15 20:48:19,334 - Episodio: 463/800 | Reward:  247.11 | Temp: 0.010 | MA (100 ep):  254.63
2026-04-15 20:48:20,315 - Episodio: 464/800 | Reward:  309.37 | Temp: 0.010 | MA (100 ep):  255.77
2026-04-15 20:48:20,971 - Episodio: 465/800 | Reward:  258.14 | Temp: 0.010 | MA (100 ep):  255.62
2026-04-15 20:48:21,673 - Episodio: 466/800 | Reward:  246.01 | Temp: 0.010 | MA (100 ep):  255.61
2026-04-15 20:48:22,772 - Episodio: 467/800 | Reward:  289.58 | Temp: 0.010 | MA (100 ep):  255.95
2026-04-15 20:48:23,655 - Episodio: 468/800 | Reward:  248.23 | Temp: 0.010 | MA (100 ep):  255.78
2026-04-15 20:48:24,434 - Episodio: 469/800 | Reward:  236.14 | Temp: 0.010 | MA (100 ep):  255.77
2026-04-15 20:48:25,406 - Episodio: 470/800 | Reward:  235.36 | Temp: 0.010 | MA (100 ep):  255.69
2026-04-15 20:48:26,118 - Episodio: 471/800 | Reward:  238.94 | Temp: 0.010 | MA (100 ep):  255.03
2026-04-15 20:48:26,711 - Episodio: 472/800 | Reward: -187.51 | Temp: 0.010 | MA (100 ep):  250.48
2026-04-15 20:48:27,326 - Episodio: 473/800 | Reward:   14.91 | Temp: 0.010 | MA (100 ep):  248.18
2026-04-15 20:48:28,148 - Episodio: 474/800 | Reward:  262.09 | Temp: 0.010 | MA (100 ep):  247.99
2026-04-15 20:48:29,257 - Episodio: 475/800 | Reward:  258.17 | Temp: 0.010 | MA (100 ep):  248.00
2026-04-15 20:48:30,633 - Episodio: 476/800 | Reward:  277.34 | Temp: 0.010 | MA (100 ep):  248.48
2026-04-15 20:48:31,707 - Episodio: 477/800 | Reward:  287.89 | Temp: 0.010 | MA (100 ep):  248.64
2026-04-15 20:48:32,606 - Episodio: 478/800 | Reward:  287.06 | Temp: 0.010 | MA (100 ep):  248.75
2026-04-15 20:48:33,422 - Episodio: 479/800 | Reward:    3.42 | Temp: 0.010 | MA (100 ep):  246.04
2026-04-15 20:48:34,171 - Episodio: 480/800 | Reward:  266.31 | Temp: 0.010 | MA (100 ep):  246.17
2026-04-15 20:48:34,976 - Episodio: 481/800 | Reward:  285.99 | Temp: 0.010 | MA (100 ep):  246.35
2026-04-15 20:48:36,024 - Episodio: 482/800 | Reward:  203.57 | Temp: 0.010 | MA (100 ep):  245.67
2026-04-15 20:48:37,147 - Episodio: 483/800 | Reward:  269.41 | Temp: 0.010 | MA (100 ep):  245.71
2026-04-15 20:48:37,856 - Episodio: 484/800 | Reward:  266.82 | Temp: 0.010 | MA (100 ep):  246.02
2026-04-15 20:48:38,770 - Episodio: 485/800 | Reward:  280.87 | Temp: 0.010 | MA (100 ep):  246.03
2026-04-15 20:48:40,140 - Episodio: 486/800 | Reward:  266.35 | Temp: 0.010 | MA (100 ep):  246.19
2026-04-15 20:48:41,260 - Episodio: 487/800 | Reward:  243.79 | Temp: 0.010 | MA (100 ep):  245.91
2026-04-15 20:48:42,065 - Episodio: 488/800 | Reward:  262.68 | Temp: 0.010 | MA (100 ep):  245.70
2026-04-15 20:48:42,775 - Episodio: 489/800 | Reward:  267.02 | Temp: 0.010 | MA (100 ep):  245.77
2026-04-15 20:48:44,873 - Episodio: 490/800 | Reward:  261.60 | Temp: 0.010 | MA (100 ep):  245.94
2026-04-15 20:48:46,383 - Episodio: 491/800 | Reward:  251.71 | Temp: 0.010 | MA (100 ep):  245.46
2026-04-15 20:48:47,109 - Episodio: 492/800 | Reward:  250.70 | Temp: 0.010 | MA (100 ep):  245.34
2026-04-15 20:48:48,010 - Episodio: 493/800 | Reward:  272.71 | Temp: 0.010 | MA (100 ep):  245.58
2026-04-15 20:48:48,783 - Episodio: 494/800 | Reward:  254.90 | Temp: 0.010 | MA (100 ep):  245.34
2026-04-15 20:48:49,883 - Episodio: 495/800 | Reward:  217.88 | Temp: 0.010 | MA (100 ep):  244.97
2026-04-15 20:48:50,562 - Episodio: 496/800 | Reward:  244.26 | Temp: 0.010 | MA (100 ep):  247.51
2026-04-15 20:48:52,326 - Episodio: 497/800 | Reward:  180.31 | Temp: 0.010 | MA (100 ep):  246.55
2026-04-15 20:48:53,183 - Episodio: 498/800 | Reward:  275.72 | Temp: 0.010 | MA (100 ep):  246.52
2026-04-15 20:48:53,850 - Episodio: 499/800 | Reward:    2.62 | Temp: 0.010 | MA (100 ep):  243.80
2026-04-15 20:48:54,796 - Episodio: 500/800 | Reward:  224.74 | Temp: 0.010 | MA (100 ep):  243.63
2026-04-15 20:48:54,796 - --- Inizio Evaluation run all'Episodio 500 ---
2026-04-15 20:48:58,725 - *** EVALUATION | Epi: 500 | Mean Reward (50 Run):  241.75 ± 70.53 ***
2026-04-15 20:48:58,725 - --- Fine Evaluation ---
2026-04-15 20:48:59,448 - Episodio: 501/800 | Reward:  243.58 | Temp: 0.010 | MA (100 ep):  243.19
2026-04-15 20:49:00,473 - Episodio: 502/800 | Reward:  259.61 | Temp: 0.010 | MA (100 ep):  242.83
2026-04-15 20:49:02,387 - Episodio: 503/800 | Reward:  215.43 | Temp: 0.010 | MA (100 ep):  243.25
2026-04-15 20:49:03,101 - Episodio: 504/800 | Reward:  249.96 | Temp: 0.010 | MA (100 ep):  243.16
2026-04-15 20:49:03,884 - Episodio: 505/800 | Reward:  262.48 | Temp: 0.010 | MA (100 ep):  242.85
2026-04-15 20:49:04,886 - Episodio: 506/800 | Reward:  271.61 | Temp: 0.010 | MA (100 ep):  242.95
2026-04-15 20:49:05,606 - Episodio: 507/800 | Reward:  268.24 | Temp: 0.010 | MA (100 ep):  242.70
2026-04-15 20:49:06,252 - Episodio: 508/800 | Reward:  236.56 | Temp: 0.010 | MA (100 ep):  242.53
2026-04-15 20:49:07,132 - Episodio: 509/800 | Reward:  259.60 | Temp: 0.010 | MA (100 ep):  242.50
2026-04-15 20:49:08,096 - Episodio: 510/800 | Reward:  290.29 | Temp: 0.010 | MA (100 ep):  242.39
2026-04-15 20:49:08,746 - Episodio: 511/800 | Reward:  284.55 | Temp: 0.010 | MA (100 ep):  242.54
2026-04-15 20:49:09,764 - Episodio: 512/800 | Reward:  294.12 | Temp: 0.010 | MA (100 ep):  243.33
2026-04-15 20:49:10,582 - Episodio: 513/800 | Reward:  274.01 | Temp: 0.010 | MA (100 ep):  243.33
2026-04-15 20:49:11,407 - Episodio: 514/800 | Reward:  268.96 | Temp: 0.010 | MA (100 ep):  243.26
2026-04-15 20:49:12,336 - Episodio: 515/800 | Reward:  251.31 | Temp: 0.010 | MA (100 ep):  243.18
2026-04-15 20:49:14,038 - Episodio: 516/800 | Reward:  215.95 | Temp: 0.010 | MA (100 ep):  243.24
2026-04-15 20:49:15,147 - Episodio: 517/800 | Reward:  295.01 | Temp: 0.010 | MA (100 ep):  243.44
2026-04-15 20:49:15,902 - Episodio: 518/800 | Reward:  273.66 | Temp: 0.010 | MA (100 ep):  243.73
2026-04-15 20:49:16,667 - Episodio: 519/800 | Reward:  254.05 | Temp: 0.010 | MA (100 ep):  243.85
2026-04-15 20:49:18,113 - Episodio: 520/800 | Reward:  217.20 | Temp: 0.010 | MA (100 ep):  243.63
2026-04-15 20:49:18,793 - Episodio: 521/800 | Reward:  248.88 | Temp: 0.010 | MA (100 ep):  243.40
2026-04-15 20:49:19,652 - Episodio: 522/800 | Reward:  261.06 | Temp: 0.010 | MA (100 ep):  243.25
2026-04-15 20:49:20,265 - Episodio: 523/800 | Reward:  292.80 | Temp: 0.010 | MA (100 ep):  243.33
2026-04-15 20:49:20,999 - Episodio: 524/800 | Reward: -164.84 | Temp: 0.010 | MA (100 ep):  238.75
2026-04-15 20:49:21,749 - Episodio: 525/800 | Reward:  239.15 | Temp: 0.010 | MA (100 ep):  238.67
2026-04-15 20:49:22,360 - Episodio: 526/800 | Reward:  256.89 | Temp: 0.010 | MA (100 ep):  238.73
2026-04-15 20:49:23,110 - Episodio: 527/800 | Reward:  273.29 | Temp: 0.010 | MA (100 ep):  239.15
2026-04-15 20:49:24,109 - Episodio: 528/800 | Reward:  214.86 | Temp: 0.010 | MA (100 ep):  238.41
2026-04-15 20:49:25,588 - Episodio: 529/800 | Reward:  246.00 | Temp: 0.010 | MA (100 ep):  238.06
2026-04-15 20:49:26,296 - Episodio: 530/800 | Reward:  270.29 | Temp: 0.010 | MA (100 ep):  242.13
2026-04-15 20:49:27,432 - Episodio: 531/800 | Reward:  255.19 | Temp: 0.010 | MA (100 ep):  241.64
2026-04-15 20:49:28,360 - Episodio: 532/800 | Reward:  252.07 | Temp: 0.010 | MA (100 ep):  241.43
2026-04-15 20:49:29,570 - Episodio: 533/800 | Reward:  249.75 | Temp: 0.010 | MA (100 ep):  241.45
2026-04-15 20:49:30,535 - Episodio: 534/800 | Reward:  285.30 | Temp: 0.010 | MA (100 ep):  241.62
2026-04-15 20:49:31,373 - Episodio: 535/800 | Reward:  258.34 | Temp: 0.010 | MA (100 ep):  241.73
2026-04-15 20:49:32,178 - Episodio: 536/800 | Reward:  282.87 | Temp: 0.010 | MA (100 ep):  241.99
2026-04-15 20:49:32,870 - Episodio: 537/800 | Reward:  238.02 | Temp: 0.010 | MA (100 ep):  242.22
2026-04-15 20:49:33,551 - Episodio: 538/800 | Reward:   -4.36 | Temp: 0.010 | MA (100 ep):  239.31
2026-04-15 20:49:35,077 - Episodio: 539/800 | Reward:  264.62 | Temp: 0.010 | MA (100 ep):  238.84
2026-04-15 20:49:35,857 - Episodio: 540/800 | Reward:  298.53 | Temp: 0.010 | MA (100 ep):  238.99
2026-04-15 20:49:36,880 - Episodio: 541/800 | Reward:  255.69 | Temp: 0.010 | MA (100 ep):  238.82
2026-04-15 20:49:37,874 - Episodio: 542/800 | Reward:  264.24 | Temp: 0.010 | MA (100 ep):  238.96
2026-04-15 20:49:38,407 - Episodio: 543/800 | Reward: -160.91 | Temp: 0.010 | MA (100 ep):  235.67
2026-04-15 20:49:39,216 - Episodio: 544/800 | Reward:  287.95 | Temp: 0.010 | MA (100 ep):  236.03
2026-04-15 20:49:39,902 - Episodio: 545/800 | Reward:  262.94 | Temp: 0.010 | MA (100 ep):  236.01
2026-04-15 20:49:40,708 - Episodio: 546/800 | Reward:  248.28 | Temp: 0.010 | MA (100 ep):  235.63
2026-04-15 20:49:41,637 - Episodio: 547/800 | Reward:  284.44 | Temp: 0.010 | MA (100 ep):  236.06
2026-04-15 20:49:42,414 - Episodio: 548/800 | Reward:  242.55 | Temp: 0.010 | MA (100 ep):  236.02
2026-04-15 20:49:43,165 - Episodio: 549/800 | Reward:  278.31 | Temp: 0.010 | MA (100 ep):  236.14
2026-04-15 20:49:43,991 - Episodio: 550/800 | Reward:  225.42 | Temp: 0.010 | MA (100 ep):  236.08
2026-04-15 20:49:43,991 - --- Inizio Evaluation run all'Episodio 550 ---
2026-04-15 20:49:48,835 - *** EVALUATION | Epi: 550 | Mean Reward (50 Run):  204.97 ± 112.10 ***
2026-04-15 20:49:48,835 - --- Fine Evaluation ---
2026-04-15 20:49:49,751 - Episodio: 551/800 | Reward:  266.36 | Temp: 0.010 | MA (100 ep):  236.01
2026-04-15 20:49:50,421 - Episodio: 552/800 | Reward:   44.54 | Temp: 0.010 | MA (100 ep):  233.52
2026-04-15 20:49:51,272 - Episodio: 553/800 | Reward:  235.90 | Temp: 0.010 | MA (100 ep):  233.48
2026-04-15 20:49:52,014 - Episodio: 554/800 | Reward:  292.66 | Temp: 0.010 | MA (100 ep):  233.56
2026-04-15 20:49:52,514 - Episodio: 555/800 | Reward:    0.09 | Temp: 0.010 | MA (100 ep):  230.88
2026-04-15 20:49:53,531 - Episodio: 556/800 | Reward:  208.79 | Temp: 0.010 | MA (100 ep):  230.54
2026-04-15 20:49:54,421 - Episodio: 557/800 | Reward:  287.41 | Temp: 0.010 | MA (100 ep):  230.81
2026-04-15 20:49:55,377 - Episodio: 558/800 | Reward:  289.46 | Temp: 0.010 | MA (100 ep):  231.09
2026-04-15 20:49:56,267 - Episodio: 559/800 | Reward:  267.68 | Temp: 0.010 | MA (100 ep):  231.24
2026-04-15 20:49:57,001 - Episodio: 560/800 | Reward:  278.77 | Temp: 0.010 | MA (100 ep):  231.59
2026-04-15 20:49:59,792 - Episodio: 561/800 | Reward:  256.23 | Temp: 0.010 | MA (100 ep):  231.53
2026-04-15 20:50:01,146 - Episodio: 562/800 | Reward: -396.68 | Temp: 0.010 | MA (100 ep):  224.87
2026-04-15 20:50:03,059 - Episodio: 563/800 | Reward: -154.97 | Temp: 0.010 | MA (100 ep):  220.85
2026-04-15 20:50:04,447 - Episodio: 564/800 | Reward:  254.46 | Temp: 0.010 | MA (100 ep):  220.30
2026-04-15 20:50:05,091 - Episodio: 565/800 | Reward:  266.18 | Temp: 0.010 | MA (100 ep):  220.38
2026-04-15 20:50:05,659 - Episodio: 566/800 | Reward:   66.17 | Temp: 0.010 | MA (100 ep):  218.58
2026-04-15 20:50:06,422 - Episodio: 567/800 | Reward:  260.48 | Temp: 0.010 | MA (100 ep):  218.29
2026-04-15 20:50:07,180 - Episodio: 568/800 | Reward:  253.77 | Temp: 0.010 | MA (100 ep):  218.35
2026-04-15 20:50:08,011 - Episodio: 569/800 | Reward:  290.30 | Temp: 0.010 | MA (100 ep):  218.89
2026-04-15 20:50:08,656 - Episodio: 570/800 | Reward:  286.74 | Temp: 0.010 | MA (100 ep):  219.40
2026-04-15 20:50:09,803 - Episodio: 571/800 | Reward:  262.28 | Temp: 0.010 | MA (100 ep):  219.64
2026-04-15 20:50:10,278 - Episodio: 572/800 | Reward:  -24.37 | Temp: 0.010 | MA (100 ep):  221.27
2026-04-15 20:50:11,307 - Episodio: 573/800 | Reward:  258.51 | Temp: 0.010 | MA (100 ep):  223.71
2026-04-15 20:50:12,092 - Episodio: 574/800 | Reward:  290.10 | Temp: 0.010 | MA (100 ep):  223.99
2026-04-15 20:50:12,779 - Episodio: 575/800 | Reward:  248.29 | Temp: 0.010 | MA (100 ep):  223.89
2026-04-15 20:50:13,429 - Episodio: 576/800 | Reward:  286.23 | Temp: 0.010 | MA (100 ep):  223.98
2026-04-15 20:50:14,045 - Episodio: 577/800 | Reward:  254.43 | Temp: 0.010 | MA (100 ep):  223.64
2026-04-15 20:50:15,022 - Episodio: 578/800 | Reward:  295.46 | Temp: 0.010 | MA (100 ep):  223.72
2026-04-15 20:50:15,528 - Episodio: 579/800 | Reward:   20.20 | Temp: 0.010 | MA (100 ep):  223.89
2026-04-15 20:50:16,380 - Episodio: 580/800 | Reward:  297.41 | Temp: 0.010 | MA (100 ep):  224.20
2026-04-15 20:50:17,028 - Episodio: 581/800 | Reward:  257.66 | Temp: 0.010 | MA (100 ep):  223.92
2026-04-15 20:50:17,841 - Episodio: 582/800 | Reward:  262.11 | Temp: 0.010 | MA (100 ep):  224.51
2026-04-15 20:50:18,602 - Episodio: 583/800 | Reward:  271.05 | Temp: 0.010 | MA (100 ep):  224.52
2026-04-15 20:50:19,437 - Episodio: 584/800 | Reward:  288.89 | Temp: 0.010 | MA (100 ep):  224.74
2026-04-15 20:50:20,241 - Episodio: 585/800 | Reward:  297.70 | Temp: 0.010 | MA (100 ep):  224.91
2026-04-15 20:50:21,719 - Episodio: 586/800 | Reward:  231.98 | Temp: 0.010 | MA (100 ep):  224.57
2026-04-15 20:50:22,461 - Episodio: 587/800 | Reward:  227.84 | Temp: 0.010 | MA (100 ep):  224.41
2026-04-15 20:50:23,123 - Episodio: 588/800 | Reward:  265.49 | Temp: 0.010 | MA (100 ep):  224.44
2026-04-15 20:50:23,997 - Episodio: 589/800 | Reward:  310.44 | Temp: 0.010 | MA (100 ep):  224.87
2026-04-15 20:50:24,871 - Episodio: 590/800 | Reward:  288.84 | Temp: 0.010 | MA (100 ep):  225.14
2026-04-15 20:50:25,990 - Episodio: 591/800 | Reward:  265.77 | Temp: 0.010 | MA (100 ep):  225.28
2026-04-15 20:50:26,401 - Episodio: 592/800 | Reward:  -35.92 | Temp: 0.010 | MA (100 ep):  222.42
2026-04-15 20:50:27,185 - Episodio: 593/800 | Reward:  282.24 | Temp: 0.010 | MA (100 ep):  222.51
2026-04-15 20:50:27,962 - Episodio: 594/800 | Reward:  257.12 | Temp: 0.010 | MA (100 ep):  222.53
2026-04-15 20:50:28,801 - Episodio: 595/800 | Reward:  256.02 | Temp: 0.010 | MA (100 ep):  222.92
2026-04-15 20:50:29,806 - Episodio: 596/800 | Reward:  293.76 | Temp: 0.010 | MA (100 ep):  223.41
2026-04-15 20:50:30,557 - Episodio: 597/800 | Reward:  244.37 | Temp: 0.010 | MA (100 ep):  224.05
2026-04-15 20:50:31,279 - Episodio: 598/800 | Reward:  302.76 | Temp: 0.010 | MA (100 ep):  224.32
2026-04-15 20:50:32,035 - Episodio: 599/800 | Reward:  277.74 | Temp: 0.010 | MA (100 ep):  227.07
2026-04-15 20:50:33,986 - Episodio: 600/800 | Reward:  232.36 | Temp: 0.010 | MA (100 ep):  227.15
2026-04-15 20:50:33,986 - --- Inizio Evaluation run all'Episodio 600 ---
2026-04-15 20:50:39,167 - *** EVALUATION | Epi: 600 | Mean Reward (50 Run):  213.10 ± 105.40 ***
2026-04-15 20:50:39,167 - --- Fine Evaluation ---
2026-04-15 20:50:39,964 - Episodio: 601/800 | Reward:  255.72 | Temp: 0.010 | MA (100 ep):  227.27
2026-04-15 20:50:40,693 - Episodio: 602/800 | Reward:  284.82 | Temp: 0.010 | MA (100 ep):  227.52
2026-04-15 20:50:41,453 - Episodio: 603/800 | Reward:  283.36 | Temp: 0.010 | MA (100 ep):  228.20
2026-04-15 20:50:42,296 - Episodio: 604/800 | Reward:  291.25 | Temp: 0.010 | MA (100 ep):  228.61
2026-04-15 20:50:43,130 - Episodio: 605/800 | Reward:  306.21 | Temp: 0.010 | MA (100 ep):  229.05
2026-04-15 20:50:43,901 - Episodio: 606/800 | Reward:  275.32 | Temp: 0.010 | MA (100 ep):  229.09
2026-04-15 20:50:45,102 - Episodio: 607/800 | Reward:  249.48 | Temp: 0.010 | MA (100 ep):  228.90
2026-04-15 20:50:45,871 - Episodio: 608/800 | Reward:  267.38 | Temp: 0.010 | MA (100 ep):  229.21
2026-04-15 20:50:46,489 - Episodio: 609/800 | Reward:  232.90 | Temp: 0.010 | MA (100 ep):  228.94
2026-04-15 20:50:47,120 - Episodio: 610/800 | Reward:   13.57 | Temp: 0.010 | MA (100 ep):  226.18
2026-04-15 20:50:48,539 - Episodio: 611/800 | Reward:  167.64 | Temp: 0.010 | MA (100 ep):  225.01
2026-04-15 20:50:49,533 - Episodio: 612/800 | Reward:  270.18 | Temp: 0.010 | MA (100 ep):  224.77
2026-04-15 20:50:50,577 - Episodio: 613/800 | Reward:  241.60 | Temp: 0.010 | MA (100 ep):  224.44
2026-04-15 20:50:51,299 - Episodio: 614/800 | Reward:  290.01 | Temp: 0.010 | MA (100 ep):  224.65
2026-04-15 20:50:51,901 - Episodio: 615/800 | Reward:  246.38 | Temp: 0.010 | MA (100 ep):  224.60
2026-04-15 20:50:52,733 - Episodio: 616/800 | Reward:  274.61 | Temp: 0.010 | MA (100 ep):  225.19
2026-04-15 20:50:53,500 - Episodio: 617/800 | Reward:  281.62 | Temp: 0.010 | MA (100 ep):  225.06
2026-04-15 20:50:54,425 - Episodio: 618/800 | Reward:  293.39 | Temp: 0.010 | MA (100 ep):  225.25
2026-04-15 20:50:55,259 - Episodio: 619/800 | Reward:  273.38 | Temp: 0.010 | MA (100 ep):  225.45
2026-04-15 20:50:55,830 - Episodio: 620/800 | Reward:   35.08 | Temp: 0.010 | MA (100 ep):  223.63
2026-04-15 20:50:56,470 - Episodio: 621/800 | Reward:  266.25 | Temp: 0.010 | MA (100 ep):  223.80
2026-04-15 20:50:57,353 - Episodio: 622/800 | Reward:  250.78 | Temp: 0.010 | MA (100 ep):  223.70
2026-04-15 20:50:58,143 - Episodio: 623/800 | Reward:  276.95 | Temp: 0.010 | MA (100 ep):  223.54
2026-04-15 20:50:58,789 - Episodio: 624/800 | Reward:  246.41 | Temp: 0.010 | MA (100 ep):  227.65
2026-04-15 20:50:59,453 - Episodio: 625/800 | Reward:  260.74 | Temp: 0.010 | MA (100 ep):  227.87
2026-04-15 20:51:00,105 - Episodio: 626/800 | Reward:  270.57 | Temp: 0.010 | MA (100 ep):  228.00
2026-04-15 20:51:00,716 - Episodio: 627/800 | Reward:  254.72 | Temp: 0.010 | MA (100 ep):  227.82
2026-04-15 20:51:01,441 - Episodio: 628/800 | Reward:  280.01 | Temp: 0.010 | MA (100 ep):  228.47
2026-04-15 20:51:02,291 - Episodio: 629/800 | Reward:  242.65 | Temp: 0.010 | MA (100 ep):  228.44
2026-04-15 20:51:02,999 - Episodio: 630/800 | Reward:  250.94 | Temp: 0.010 | MA (100 ep):  228.24
2026-04-15 20:51:03,738 - Episodio: 631/800 | Reward:  251.80 | Temp: 0.010 | MA (100 ep):  228.21
2026-04-15 20:51:04,407 - Episodio: 632/800 | Reward:  267.71 | Temp: 0.010 | MA (100 ep):  228.37
2026-04-15 20:51:05,200 - Episodio: 633/800 | Reward:  299.91 | Temp: 0.010 | MA (100 ep):  228.87
2026-04-15 20:51:06,225 - Episodio: 634/800 | Reward:  222.46 | Temp: 0.010 | MA (100 ep):  228.24
2026-04-15 20:51:07,503 - Episodio: 635/800 | Reward:  294.78 | Temp: 0.010 | MA (100 ep):  228.60
2026-04-15 20:51:08,303 - Episodio: 636/800 | Reward:  279.80 | Temp: 0.010 | MA (100 ep):  228.57
2026-04-15 20:51:09,173 - Episodio: 637/800 | Reward:  273.30 | Temp: 0.010 | MA (100 ep):  228.93
2026-04-15 20:51:09,851 - Episodio: 638/800 | Reward:  236.54 | Temp: 0.010 | MA (100 ep):  231.33
2026-04-15 20:51:10,544 - Episodio: 639/800 | Reward:  243.96 | Temp: 0.010 | MA (100 ep):  231.13
2026-04-15 20:51:11,332 - Episodio: 640/800 | Reward:  295.33 | Temp: 0.010 | MA (100 ep):  231.10
2026-04-15 20:51:12,183 - Episodio: 641/800 | Reward:  285.43 | Temp: 0.010 | MA (100 ep):  231.39
2026-04-15 20:51:12,951 - Episodio: 642/800 | Reward:  267.73 | Temp: 0.010 | MA (100 ep):  231.43
2026-04-15 20:51:13,820 - Episodio: 643/800 | Reward:  260.00 | Temp: 0.010 | MA (100 ep):  235.64
2026-04-15 20:51:14,342 - Episodio: 644/800 | Reward:   64.02 | Temp: 0.010 | MA (100 ep):  233.40
2026-04-15 20:51:15,160 - Episodio: 645/800 | Reward:  268.49 | Temp: 0.010 | MA (100 ep):  233.45
2026-04-15 20:51:15,870 - Episodio: 646/800 | Reward:  290.06 | Temp: 0.010 | MA (100 ep):  233.87
2026-04-15 20:51:16,816 - Episodio: 647/800 | Reward:  227.66 | Temp: 0.010 | MA (100 ep):  233.30
2026-04-15 20:51:20,352 - Episodio: 648/800 | Reward:  137.44 | Temp: 0.010 | MA (100 ep):  232.25
2026-04-15 20:51:21,314 - Episodio: 649/800 | Reward:  291.07 | Temp: 0.010 | MA (100 ep):  232.38
2026-04-15 20:51:22,031 - Episodio: 650/800 | Reward:  255.33 | Temp: 0.010 | MA (100 ep):  232.68
2026-04-15 20:51:22,031 - --- Inizio Evaluation run all'Episodio 650 ---
2026-04-15 20:51:25,310 - *** EVALUATION | Epi: 650 | Mean Reward (50 Run):  253.36 ± 73.21 ***
2026-04-15 20:51:25,310 - --- Fine Evaluation ---
2026-04-15 20:51:25,975 - Episodio: 651/800 | Reward:  241.00 | Temp: 0.010 | MA (100 ep):  232.43
2026-04-15 20:51:26,559 - Episodio: 652/800 | Reward:   48.72 | Temp: 0.010 | MA (100 ep):  232.47
2026-04-15 20:51:27,934 - Episodio: 653/800 | Reward:  232.60 | Temp: 0.010 | MA (100 ep):  232.43
2026-04-15 20:51:28,705 - Episodio: 654/800 | Reward:  304.34 | Temp: 0.010 | MA (100 ep):  232.55
2026-04-15 20:51:29,418 - Episodio: 655/800 | Reward:  268.44 | Temp: 0.010 | MA (100 ep):  235.23
2026-04-15 20:51:30,041 - Episodio: 656/800 | Reward:  238.87 | Temp: 0.010 | MA (100 ep):  235.53
2026-04-15 20:51:30,838 - Episodio: 657/800 | Reward:  285.55 | Temp: 0.010 | MA (100 ep):  235.52
2026-04-15 20:51:32,341 - Episodio: 658/800 | Reward:  247.19 | Temp: 0.010 | MA (100 ep):  235.09
2026-04-15 20:51:33,081 - Episodio: 659/800 | Reward:  300.35 | Temp: 0.010 | MA (100 ep):  235.42
2026-04-15 20:51:33,758 - Episodio: 660/800 | Reward:  253.13 | Temp: 0.010 | MA (100 ep):  235.16
2026-04-15 20:51:34,506 - Episodio: 661/800 | Reward:  238.25 | Temp: 0.010 | MA (100 ep):  234.98
2026-04-15 20:51:35,151 - Episodio: 662/800 | Reward:  269.87 | Temp: 0.010 | MA (100 ep):  241.65
2026-04-15 20:51:35,947 - Episodio: 663/800 | Reward:  249.15 | Temp: 0.010 | MA (100 ep):  245.69
2026-04-15 20:51:36,423 - Episodio: 664/800 | Reward:   24.31 | Temp: 0.010 | MA (100 ep):  243.39
2026-04-15 20:51:37,286 - Episodio: 665/800 | Reward:  290.00 | Temp: 0.010 | MA (100 ep):  243.63
2026-04-15 20:51:38,234 - Episodio: 666/800 | Reward: -169.43 | Temp: 0.010 | MA (100 ep):  241.27
2026-04-15 20:51:38,798 - Episodio: 667/800 | Reward:   13.05 | Temp: 0.010 | MA (100 ep):  238.80
2026-04-15 20:51:39,466 - Episodio: 668/800 | Reward:  260.89 | Temp: 0.010 | MA (100 ep):  238.87
2026-04-15 20:51:40,259 - Episodio: 669/800 | Reward:  282.22 | Temp: 0.010 | MA (100 ep):  238.79
2026-04-15 20:51:40,991 - Episodio: 670/800 | Reward:  264.07 | Temp: 0.010 | MA (100 ep):  238.56
2026-04-15 20:51:41,856 - Episodio: 671/800 | Reward:  244.71 | Temp: 0.010 | MA (100 ep):  238.39
2026-04-15 20:51:42,502 - Episodio: 672/800 | Reward:  247.41 | Temp: 0.010 | MA (100 ep):  241.10
2026-04-15 20:51:43,120 - Episodio: 673/800 | Reward:  264.08 | Temp: 0.010 | MA (100 ep):  241.16
2026-04-15 20:51:43,954 - Episodio: 674/800 | Reward:  256.45 | Temp: 0.010 | MA (100 ep):  240.82
2026-04-15 20:51:45,040 - Episodio: 675/800 | Reward:  231.08 | Temp: 0.010 | MA (100 ep):  240.65
2026-04-15 20:51:45,563 - Episodio: 676/800 | Reward:   19.76 | Temp: 0.010 | MA (100 ep):  237.99
2026-04-15 20:51:46,094 - Episodio: 677/800 | Reward:   56.39 | Temp: 0.010 | MA (100 ep):  236.01
2026-04-15 20:51:46,887 - Episodio: 678/800 | Reward:  290.27 | Temp: 0.010 | MA (100 ep):  235.95
2026-04-15 20:51:47,677 - Episodio: 679/800 | Reward:  263.54 | Temp: 0.010 | MA (100 ep):  238.39
2026-04-15 20:51:48,488 - Episodio: 680/800 | Reward:  291.55 | Temp: 0.010 | MA (100 ep):  238.33
2026-04-15 20:51:50,621 - Episodio: 681/800 | Reward:  253.72 | Temp: 0.010 | MA (100 ep):  238.29
2026-04-15 20:51:51,368 - Episodio: 682/800 | Reward:  278.97 | Temp: 0.010 | MA (100 ep):  238.46
2026-04-15 20:51:52,147 - Episodio: 683/800 | Reward:  311.85 | Temp: 0.010 | MA (100 ep):  238.86
2026-04-15 20:51:52,747 - Episodio: 684/800 | Reward:  229.51 | Temp: 0.010 | MA (100 ep):  238.27
2026-04-15 20:51:53,441 - Episodio: 685/800 | Reward:  274.89 | Temp: 0.010 | MA (100 ep):  238.04
2026-04-15 20:51:54,765 - Episodio: 686/800 | Reward:  239.23 | Temp: 0.010 | MA (100 ep):  238.12
2026-04-15 20:51:55,493 - Episodio: 687/800 | Reward:  311.33 | Temp: 0.010 | MA (100 ep):  238.95
2026-04-15 20:51:56,381 - Episodio: 688/800 | Reward:  272.32 | Temp: 0.010 | MA (100 ep):  239.02
2026-04-15 20:51:56,850 - Episodio: 689/800 | Reward:  -34.89 | Temp: 0.010 | MA (100 ep):  235.57
2026-04-15 20:51:57,622 - Episodio: 690/800 | Reward:  250.56 | Temp: 0.010 | MA (100 ep):  235.18
2026-04-15 20:51:58,412 - Episodio: 691/800 | Reward:  257.90 | Temp: 0.010 | MA (100 ep):  235.10
2026-04-15 20:51:59,177 - Episodio: 692/800 | Reward:  270.31 | Temp: 0.010 | MA (100 ep):  238.17
2026-04-15 20:51:59,881 - Episodio: 693/800 | Reward:  283.12 | Temp: 0.010 | MA (100 ep):  238.18
2026-04-15 20:52:00,543 - Episodio: 694/800 | Reward:  246.24 | Temp: 0.010 | MA (100 ep):  238.07
2026-04-15 20:52:01,084 - Episodio: 695/800 | Reward:   48.74 | Temp: 0.010 | MA (100 ep):  235.99
2026-04-15 20:52:01,851 - Episodio: 696/800 | Reward:  263.01 | Temp: 0.010 | MA (100 ep):  235.69
2026-04-15 20:52:02,493 - Episodio: 697/800 | Reward:  261.48 | Temp: 0.010 | MA (100 ep):  235.86
2026-04-15 20:52:03,126 - Episodio: 698/800 | Reward:  257.15 | Temp: 0.010 | MA (100 ep):  235.40
2026-04-15 20:52:03,803 - Episodio: 699/800 | Reward:  287.14 | Temp: 0.010 | MA (100 ep):  235.49
2026-04-15 20:52:04,504 - Episodio: 700/800 | Reward:  250.34 | Temp: 0.010 | MA (100 ep):  235.67
2026-04-15 20:52:04,504 - --- Inizio Evaluation run all'Episodio 700 ---
2026-04-15 20:52:07,742 - *** EVALUATION | Epi: 700 | Mean Reward (50 Run):  242.59 ± 93.35 ***
2026-04-15 20:52:07,742 - --- Fine Evaluation ---
2026-04-15 20:52:08,235 - Episodio: 701/800 | Reward:   48.75 | Temp: 0.010 | MA (100 ep):  233.60
2026-04-15 20:52:09,036 - Episodio: 702/800 | Reward:  301.34 | Temp: 0.010 | MA (100 ep):  233.77
2026-04-15 20:52:09,448 - Episodio: 703/800 | Reward:  -66.52 | Temp: 0.010 | MA (100 ep):  230.27
2026-04-15 20:52:09,921 - Episodio: 704/800 | Reward:   57.10 | Temp: 0.010 | MA (100 ep):  227.93
2026-04-15 20:52:10,505 - Episodio: 705/800 | Reward:  283.66 | Temp: 0.010 | MA (100 ep):  227.70
2026-04-15 20:52:12,005 - Episodio: 706/800 | Reward:  253.08 | Temp: 0.010 | MA (100 ep):  227.48
2026-04-15 20:52:12,843 - Episodio: 707/800 | Reward:  306.60 | Temp: 0.010 | MA (100 ep):  228.05
2026-04-15 20:52:13,457 - Episodio: 708/800 | Reward:  264.55 | Temp: 0.010 | MA (100 ep):  228.02
2026-04-15 20:52:14,049 - Episodio: 709/800 | Reward:  256.57 | Temp: 0.010 | MA (100 ep):  228.26
2026-04-15 20:52:14,600 - Episodio: 710/800 | Reward:   48.51 | Temp: 0.010 | MA (100 ep):  228.61
2026-04-15 20:52:15,017 - Episodio: 711/800 | Reward:  -32.11 | Temp: 0.010 | MA (100 ep):  226.61
2026-04-15 20:52:15,818 - Episodio: 712/800 | Reward:  283.87 | Temp: 0.010 | MA (100 ep):  226.75
2026-04-15 20:52:16,532 - Episodio: 713/800 | Reward:  248.74 | Temp: 0.010 | MA (100 ep):  226.82
2026-04-15 20:52:17,174 - Episodio: 714/800 | Reward:  283.50 | Temp: 0.010 | MA (100 ep):  226.76
2026-04-15 20:52:18,024 - Episodio: 715/800 | Reward:  302.27 | Temp: 0.010 | MA (100 ep):  227.32
2026-04-15 20:52:18,718 - Episodio: 716/800 | Reward:  296.37 | Temp: 0.010 | MA (100 ep):  227.53
2026-04-15 20:52:19,460 - Episodio: 717/800 | Reward:  257.43 | Temp: 0.010 | MA (100 ep):  227.29
2026-04-15 20:52:20,150 - Episodio: 718/800 | Reward:  243.25 | Temp: 0.010 | MA (100 ep):  226.79
2026-04-15 20:52:20,859 - Episodio: 719/800 | Reward:  298.59 | Temp: 0.010 | MA (100 ep):  227.04
2026-04-15 20:52:21,567 - Episodio: 720/800 | Reward:  283.05 | Temp: 0.010 | MA (100 ep):  229.52
2026-04-15 20:52:22,628 - Episodio: 721/800 | Reward:  259.60 | Temp: 0.010 | MA (100 ep):  229.46
2026-04-15 20:52:23,131 - Episodio: 722/800 | Reward:  -47.17 | Temp: 0.010 | MA (100 ep):  226.48
2026-04-15 20:52:23,789 - Episodio: 723/800 | Reward:  297.93 | Temp: 0.010 | MA (100 ep):  226.69
2026-04-15 20:52:24,719 - Episodio: 724/800 | Reward:  290.03 | Temp: 0.010 | MA (100 ep):  227.12
2026-04-15 20:52:25,465 - Episodio: 725/800 | Reward:  274.06 | Temp: 0.010 | MA (100 ep):  227.25
2026-04-15 20:52:26,146 - Episodio: 726/800 | Reward:  266.94 | Temp: 0.010 | MA (100 ep):  227.22
2026-04-15 20:52:26,812 - Episodio: 727/800 | Reward:  292.12 | Temp: 0.010 | MA (100 ep):  227.59
2026-04-15 20:52:27,432 - Episodio: 728/800 | Reward:  244.62 | Temp: 0.010 | MA (100 ep):  227.24
2026-04-15 20:52:28,092 - Episodio: 729/800 | Reward:  252.23 | Temp: 0.010 | MA (100 ep):  227.33
2026-04-15 20:52:28,794 - Episodio: 730/800 | Reward:  242.76 | Temp: 0.010 | MA (100 ep):  227.25
2026-04-15 20:52:29,497 - Episodio: 731/800 | Reward:  290.59 | Temp: 0.010 | MA (100 ep):  227.64
2026-04-15 20:52:30,198 - Episodio: 732/800 | Reward:  264.10 | Temp: 0.010 | MA (100 ep):  227.60
2026-04-15 20:52:30,913 - Episodio: 733/800 | Reward:  266.09 | Temp: 0.010 | MA (100 ep):  227.27
2026-04-15 20:52:31,579 - Episodio: 734/800 | Reward:  315.92 | Temp: 0.010 | MA (100 ep):  228.20
2026-04-15 20:52:32,358 - Episodio: 735/800 | Reward:  273.88 | Temp: 0.010 | MA (100 ep):  227.99
2026-04-15 20:52:33,150 - Episodio: 736/800 | Reward:  289.71 | Temp: 0.010 | MA (100 ep):  228.09
2026-04-15 20:52:33,800 - Episodio: 737/800 | Reward:  243.33 | Temp: 0.010 | MA (100 ep):  227.79
2026-04-15 20:52:36,032 - Episodio: 738/800 | Reward:  153.57 | Temp: 0.010 | MA (100 ep):  226.96
2026-04-15 20:52:36,784 - Episodio: 739/800 | Reward:  274.09 | Temp: 0.010 | MA (100 ep):  227.26
2026-04-15 20:52:37,444 - Episodio: 740/800 | Reward:  298.97 | Temp: 0.010 | MA (100 ep):  227.30
2026-04-15 20:52:38,126 - Episodio: 741/800 | Reward:  247.92 | Temp: 0.010 | MA (100 ep):  226.92
2026-04-15 20:52:38,719 - Episodio: 742/800 | Reward:  243.35 | Temp: 0.010 | MA (100 ep):  226.68
2026-04-15 20:52:40,004 - Episodio: 743/800 | Reward:  244.24 | Temp: 0.010 | MA (100 ep):  226.52
2026-04-15 20:52:40,598 - Episodio: 744/800 | Reward:  258.94 | Temp: 0.010 | MA (100 ep):  228.47
2026-04-15 20:52:41,054 - Episodio: 745/800 | Reward:  -33.49 | Temp: 0.010 | MA (100 ep):  225.45
2026-04-15 20:52:41,687 - Episodio: 746/800 | Reward:  244.80 | Temp: 0.010 | MA (100 ep):  225.00
2026-04-15 20:52:44,561 - Episodio: 747/800 | Reward:  213.21 | Temp: 0.010 | MA (100 ep):  224.85
2026-04-15 20:52:45,365 - Episodio: 748/800 | Reward:  283.84 | Temp: 0.010 | MA (100 ep):  226.32
2026-04-15 20:52:46,107 - Episodio: 749/800 | Reward:  273.32 | Temp: 0.010 | MA (100 ep):  226.14
2026-04-15 20:52:46,893 - Episodio: 750/800 | Reward:  274.05 | Temp: 0.010 | MA (100 ep):  226.33
2026-04-15 20:52:46,893 - --- Inizio Evaluation run all'Episodio 750 ---
2026-04-15 20:52:50,228 - *** EVALUATION | Epi: 750 | Mean Reward (50 Run):  209.58 ± 113.25 ***
2026-04-15 20:52:50,228 - --- Fine Evaluation ---
2026-04-15 20:52:50,976 - Episodio: 751/800 | Reward:  265.17 | Temp: 0.010 | MA (100 ep):  226.57
2026-04-15 20:52:51,604 - Episodio: 752/800 | Reward:  267.51 | Temp: 0.010 | MA (100 ep):  228.76
2026-04-15 20:52:52,078 - Episodio: 753/800 | Reward:  -13.56 | Temp: 0.010 | MA (100 ep):  226.30
2026-04-15 20:52:52,705 - Episodio: 754/800 | Reward:  262.35 | Temp: 0.010 | MA (100 ep):  225.88
2026-04-15 20:52:53,552 - Episodio: 755/800 | Reward:  267.39 | Temp: 0.010 | MA (100 ep):  225.87
2026-04-15 20:52:53,968 - Episodio: 756/800 | Reward:  -60.76 | Temp: 0.010 | MA (100 ep):  222.87
2026-04-15 20:52:54,533 - Episodio: 757/800 | Reward:  289.50 | Temp: 0.010 | MA (100 ep):  222.91
2026-04-15 20:52:54,880 - Episodio: 758/800 | Reward:  -63.34 | Temp: 0.010 | MA (100 ep):  219.80
2026-04-15 20:52:55,666 - Episodio: 759/800 | Reward:  280.78 | Temp: 0.010 | MA (100 ep):  219.61
2026-04-15 20:52:56,453 - Episodio: 760/800 | Reward:  284.61 | Temp: 0.010 | MA (100 ep):  219.92
2026-04-15 20:52:57,098 - Episodio: 761/800 | Reward:  276.65 | Temp: 0.010 | MA (100 ep):  220.31
2026-04-15 20:52:57,509 - Episodio: 762/800 | Reward:  -81.88 | Temp: 0.010 | MA (100 ep):  216.79
2026-04-15 20:53:00,974 - Episodio: 763/800 | Reward:  122.50 | Temp: 0.010 | MA (100 ep):  215.52
2026-04-15 20:53:01,785 - Episodio: 764/800 | Reward:  264.35 | Temp: 0.010 | MA (100 ep):  217.92
2026-04-15 20:53:02,424 - Episodio: 765/800 | Reward:  280.44 | Temp: 0.010 | MA (100 ep):  217.83
2026-04-15 20:53:03,167 - Episodio: 766/800 | Reward:  284.50 | Temp: 0.010 | MA (100 ep):  222.37
2026-04-15 20:53:03,843 - Episodio: 767/800 | Reward:  277.07 | Temp: 0.010 | MA (100 ep):  225.01
2026-04-15 20:53:04,689 - Episodio: 768/800 | Reward:  280.62 | Temp: 0.010 | MA (100 ep):  225.21
2026-04-15 20:53:05,170 - Episodio: 769/800 | Reward:  -47.24 | Temp: 0.010 | MA (100 ep):  221.91
2026-04-15 20:53:05,786 - Episodio: 770/800 | Reward: -260.51 | Temp: 0.010 | MA (100 ep):  216.66
2026-04-15 20:53:06,545 - Episodio: 771/800 | Reward:  282.49 | Temp: 0.010 | MA (100 ep):  217.04
2026-04-15 20:53:07,161 - Episodio: 772/800 | Reward:  277.12 | Temp: 0.010 | MA (100 ep):  217.34
2026-04-15 20:53:07,889 - Episodio: 773/800 | Reward:  268.38 | Temp: 0.010 | MA (100 ep):  217.38
2026-04-15 20:53:09,171 - Episodio: 774/800 | Reward:  218.49 | Temp: 0.010 | MA (100 ep):  217.00
2026-04-15 20:53:09,886 - Episodio: 775/800 | Reward:  258.50 | Temp: 0.010 | MA (100 ep):  217.28
2026-04-15 20:53:10,644 - Episodio: 776/800 | Reward:  275.61 | Temp: 0.010 | MA (100 ep):  219.84
2026-04-15 20:53:11,279 - Episodio: 777/800 | Reward:  272.24 | Temp: 0.010 | MA (100 ep):  221.99
2026-04-15 20:53:12,005 - Episodio: 778/800 | Reward:  258.74 | Temp: 0.010 | MA (100 ep):  221.68
2026-04-15 20:53:12,623 - Episodio: 779/800 | Reward:  248.15 | Temp: 0.010 | MA (100 ep):  221.52
2026-04-15 20:53:13,317 - Episodio: 780/800 | Reward:  268.02 | Temp: 0.010 | MA (100 ep):  221.29
2026-04-15 20:53:13,840 - Episodio: 781/800 | Reward:  -56.54 | Temp: 0.010 | MA (100 ep):  218.19
2026-04-15 20:53:14,541 - Episodio: 782/800 | Reward:  261.75 | Temp: 0.010 | MA (100 ep):  218.01
2026-04-15 20:53:15,205 - Episodio: 783/800 | Reward:  232.63 | Temp: 0.010 | MA (100 ep):  217.22
2026-04-15 20:53:15,962 - Episodio: 784/800 | Reward:  259.78 | Temp: 0.010 | MA (100 ep):  217.53
2026-04-15 20:53:16,792 - Episodio: 785/800 | Reward:  292.14 | Temp: 0.010 | MA (100 ep):  217.70
2026-04-15 20:53:17,583 - Episodio: 786/800 | Reward:  257.02 | Temp: 0.010 | MA (100 ep):  217.88
2026-04-15 20:53:18,325 - Episodio: 787/800 | Reward:  269.49 | Temp: 0.010 | MA (100 ep):  217.46
2026-04-15 20:53:18,943 - Episodio: 788/800 | Reward:  275.82 | Temp: 0.010 | MA (100 ep):  217.49
2026-04-15 20:53:19,376 - Episodio: 789/800 | Reward:  -83.24 | Temp: 0.010 | MA (100 ep):  217.01
2026-04-15 20:53:19,832 - Episodio: 790/800 | Reward:   -6.46 | Temp: 0.010 | MA (100 ep):  214.44
2026-04-15 20:53:20,625 - Episodio: 791/800 | Reward:  283.49 | Temp: 0.010 | MA (100 ep):  214.69
2026-04-15 20:53:21,458 - Episodio: 792/800 | Reward:  291.82 | Temp: 0.010 | MA (100 ep):  214.91
2026-04-15 20:53:22,038 - Episodio: 793/800 | Reward:  291.72 | Temp: 0.010 | MA (100 ep):  215.00
2026-04-15 20:53:22,722 - Episodio: 794/800 | Reward:  271.90 | Temp: 0.010 | MA (100 ep):  215.25
2026-04-15 20:53:23,450 - Episodio: 795/800 | Reward:  295.42 | Temp: 0.010 | MA (100 ep):  217.72
2026-04-15 20:53:24,189 - Episodio: 796/800 | Reward:  241.38 | Temp: 0.010 | MA (100 ep):  217.50
2026-04-15 20:53:25,807 - Episodio: 797/800 | Reward:  263.66 | Temp: 0.010 | MA (100 ep):  217.52
2026-04-15 20:53:26,608 - Episodio: 798/800 | Reward:  285.46 | Temp: 0.010 | MA (100 ep):  217.81
2026-04-15 20:53:26,987 - Episodio: 799/800 | Reward:  -53.53 | Temp: 0.010 | MA (100 ep):  214.40
2026-04-15 20:53:28,443 - Episodio: 800/800 | Reward:  248.04 | Temp: 0.010 | MA (100 ep):  214.38
2026-04-15 20:53:28,443 - --- Inizio Evaluation run all'Episodio 800 ---
2026-04-15 20:53:31,580 - *** EVALUATION | Epi: 800 | Mean Reward (50 Run):  241.40 ± 128.47 ***
2026-04-15 20:53:31,580 - --- Fine Evaluation ---
2026-04-15 20:53:31,580 - Model run 4 saved in temp/model_q_learning_run4_20260415_193906.pth.
2026-04-15 20:53:31,580 - ========== INIZIO RUN 5/5 ==========
2026-04-15 20:53:31,629 - Episodio: 001/800 | Reward: -338.18 | Temp: 0.990 | MA (100 ep): -338.18
2026-04-15 20:53:31,876 - Episodio: 002/800 | Reward: -331.01 | Temp: 0.980 | MA (100 ep): -334.59
2026-04-15 20:53:32,116 - Episodio: 003/800 | Reward: -358.15 | Temp: 0.970 | MA (100 ep): -342.45
2026-04-15 20:53:32,461 - Episodio: 004/800 | Reward: -131.63 | Temp: 0.961 | MA (100 ep): -289.74
2026-04-15 20:53:32,658 - Episodio: 005/800 | Reward:  -89.29 | Temp: 0.951 | MA (100 ep): -249.65
2026-04-15 20:53:32,975 - Episodio: 006/800 | Reward: -225.51 | Temp: 0.941 | MA (100 ep): -245.63
2026-04-15 20:53:33,273 - Episodio: 007/800 | Reward: -343.83 | Temp: 0.932 | MA (100 ep): -259.66
2026-04-15 20:53:33,589 - Episodio: 008/800 | Reward: -330.88 | Temp: 0.923 | MA (100 ep): -268.56
2026-04-15 20:53:33,772 - Episodio: 009/800 | Reward: -145.73 | Temp: 0.914 | MA (100 ep): -254.91
2026-04-15 20:53:34,008 - Episodio: 010/800 | Reward:  -29.29 | Temp: 0.904 | MA (100 ep): -232.35
2026-04-15 20:53:34,271 - Episodio: 011/800 | Reward:    3.09 | Temp: 0.895 | MA (100 ep): -210.94
2026-04-15 20:53:34,487 - Episodio: 012/800 | Reward: -104.33 | Temp: 0.886 | MA (100 ep): -202.06
2026-04-15 20:53:34,759 - Episodio: 013/800 | Reward: -290.57 | Temp: 0.878 | MA (100 ep): -208.87
2026-04-15 20:53:34,944 - Episodio: 014/800 | Reward: -133.90 | Temp: 0.869 | MA (100 ep): -203.51
2026-04-15 20:53:35,190 - Episodio: 015/800 | Reward: -118.04 | Temp: 0.860 | MA (100 ep): -197.82
2026-04-15 20:53:35,960 - Episodio: 016/800 | Reward: -461.74 | Temp: 0.851 | MA (100 ep): -214.31
2026-04-15 20:53:36,803 - Episodio: 017/800 | Reward: -108.91 | Temp: 0.843 | MA (100 ep): -208.11
2026-04-15 20:53:37,715 - Episodio: 018/800 | Reward: -244.80 | Temp: 0.835 | MA (100 ep): -210.15
2026-04-15 20:53:38,139 - Episodio: 019/800 | Reward:  -29.49 | Temp: 0.826 | MA (100 ep): -200.64
2026-04-15 20:53:39,153 - Episodio: 020/800 | Reward:  -45.05 | Temp: 0.818 | MA (100 ep): -192.86
2026-04-15 20:53:40,066 - Episodio: 021/800 | Reward: -262.07 | Temp: 0.810 | MA (100 ep): -196.16
2026-04-15 20:53:40,881 - Episodio: 022/800 | Reward:  -92.35 | Temp: 0.802 | MA (100 ep): -191.44
2026-04-15 20:53:42,393 - Episodio: 023/800 | Reward: -262.86 | Temp: 0.794 | MA (100 ep): -194.54
2026-04-15 20:53:43,160 - Episodio: 024/800 | Reward:   -8.04 | Temp: 0.786 | MA (100 ep): -186.77
2026-04-15 20:53:43,771 - Episodio: 025/800 | Reward: -290.32 | Temp: 0.778 | MA (100 ep): -190.92
2026-04-15 20:53:44,655 - Episodio: 026/800 | Reward: -202.68 | Temp: 0.770 | MA (100 ep): -191.37
2026-04-15 20:53:45,055 - Episodio: 027/800 | Reward: -236.15 | Temp: 0.762 | MA (100 ep): -193.03
2026-04-15 20:53:45,841 - Episodio: 028/800 | Reward: -199.99 | Temp: 0.755 | MA (100 ep): -193.27
2026-04-15 20:53:46,457 - Episodio: 029/800 | Reward: -113.90 | Temp: 0.747 | MA (100 ep): -190.54
2026-04-15 20:53:47,307 - Episodio: 030/800 | Reward:  -27.45 | Temp: 0.740 | MA (100 ep): -185.10
2026-04-15 20:53:48,003 - Episodio: 031/800 | Reward: -199.18 | Temp: 0.732 | MA (100 ep): -185.56
2026-04-15 20:53:48,663 - Episodio: 032/800 | Reward: -278.45 | Temp: 0.725 | MA (100 ep): -188.46
2026-04-15 20:53:49,332 - Episodio: 033/800 | Reward:  -53.45 | Temp: 0.718 | MA (100 ep): -184.37
2026-04-15 20:53:49,932 - Episodio: 034/800 | Reward: -235.41 | Temp: 0.711 | MA (100 ep): -185.87
2026-04-15 20:53:50,309 - Episodio: 035/800 | Reward: -147.89 | Temp: 0.703 | MA (100 ep): -184.78
2026-04-15 20:53:51,191 - Episodio: 036/800 | Reward:  -56.42 | Temp: 0.696 | MA (100 ep): -181.22
2026-04-15 20:53:51,877 - Episodio: 037/800 | Reward:  -72.79 | Temp: 0.689 | MA (100 ep): -178.29
2026-04-15 20:53:52,773 - Episodio: 038/800 | Reward: -211.23 | Temp: 0.683 | MA (100 ep): -179.15
2026-04-15 20:53:53,756 - Episodio: 039/800 | Reward:  -75.05 | Temp: 0.676 | MA (100 ep): -176.49
2026-04-15 20:53:54,505 - Episodio: 040/800 | Reward: -182.79 | Temp: 0.669 | MA (100 ep): -176.64
2026-04-15 20:53:55,046 - Episodio: 041/800 | Reward: -220.11 | Temp: 0.662 | MA (100 ep): -177.70
2026-04-15 20:53:55,643 - Episodio: 042/800 | Reward:   18.19 | Temp: 0.656 | MA (100 ep): -173.04
2026-04-15 20:53:56,607 - Episodio: 043/800 | Reward: -224.19 | Temp: 0.649 | MA (100 ep): -174.23
2026-04-15 20:53:59,995 - Episodio: 044/800 | Reward:   -0.95 | Temp: 0.643 | MA (100 ep): -170.29
2026-04-15 20:54:03,434 - Episodio: 045/800 | Reward:   21.63 | Temp: 0.636 | MA (100 ep): -166.03
2026-04-15 20:54:04,185 - Episodio: 046/800 | Reward:   10.42 | Temp: 0.630 | MA (100 ep): -162.19
2026-04-15 20:54:05,867 - Episodio: 047/800 | Reward: -263.68 | Temp: 0.624 | MA (100 ep): -164.35
2026-04-15 20:54:07,569 - Episodio: 048/800 | Reward: -260.19 | Temp: 0.617 | MA (100 ep): -166.35
2026-04-15 20:54:10,964 - Episodio: 049/800 | Reward:  -23.31 | Temp: 0.611 | MA (100 ep): -163.43
2026-04-15 20:54:14,152 - Episodio: 050/800 | Reward:    0.20 | Temp: 0.605 | MA (100 ep): -160.15
2026-04-15 20:54:14,152 - --- Inizio Evaluation run all'Episodio 50 ---
2026-04-15 20:54:27,301 - *** EVALUATION | Epi: 050 | Mean Reward (50 Run):  -81.36 ± 86.42 ***
2026-04-15 20:54:27,301 - --- Fine Evaluation ---
2026-04-15 20:54:28,100 - Episodio: 051/800 | Reward:  -32.40 | Temp: 0.599 | MA (100 ep): -157.65
2026-04-15 20:54:31,385 - Episodio: 052/800 | Reward:  -14.00 | Temp: 0.593 | MA (100 ep): -154.89
2026-04-15 20:54:32,077 - Episodio: 053/800 | Reward:    0.79 | Temp: 0.587 | MA (100 ep): -151.95
2026-04-15 20:54:33,062 - Episodio: 054/800 | Reward: -149.07 | Temp: 0.581 | MA (100 ep): -151.90
2026-04-15 20:54:36,339 - Episodio: 055/800 | Reward: -133.23 | Temp: 0.575 | MA (100 ep): -151.56
2026-04-15 20:54:39,861 - Episodio: 056/800 | Reward:   -8.97 | Temp: 0.570 | MA (100 ep): -149.01
2026-04-15 20:54:43,267 - Episodio: 057/800 | Reward:   -9.94 | Temp: 0.564 | MA (100 ep): -146.57
2026-04-15 20:54:46,729 - Episodio: 058/800 | Reward:  -69.57 | Temp: 0.558 | MA (100 ep): -145.24
2026-04-15 20:54:50,121 - Episodio: 059/800 | Reward:   -0.43 | Temp: 0.553 | MA (100 ep): -142.79
2026-04-15 20:54:53,579 - Episodio: 060/800 | Reward:  -78.38 | Temp: 0.547 | MA (100 ep): -141.72
2026-04-15 20:54:57,138 - Episodio: 061/800 | Reward:  -76.75 | Temp: 0.542 | MA (100 ep): -140.65
2026-04-15 20:55:00,455 - Episodio: 062/800 | Reward:  -78.02 | Temp: 0.536 | MA (100 ep): -139.64
2026-04-15 20:55:03,806 - Episodio: 063/800 | Reward:   18.31 | Temp: 0.531 | MA (100 ep): -137.13
2026-04-15 20:55:07,218 - Episodio: 064/800 | Reward:  -43.16 | Temp: 0.526 | MA (100 ep): -135.66
2026-04-15 20:55:10,696 - Episodio: 065/800 | Reward: -135.77 | Temp: 0.520 | MA (100 ep): -135.67
2026-04-15 20:55:13,909 - Episodio: 066/800 | Reward: -117.49 | Temp: 0.515 | MA (100 ep): -135.39
2026-04-15 20:55:17,313 - Episodio: 067/800 | Reward:  -79.08 | Temp: 0.510 | MA (100 ep): -134.55
2026-04-15 20:55:20,677 - Episodio: 068/800 | Reward:    4.23 | Temp: 0.505 | MA (100 ep): -132.51
2026-04-15 20:55:21,376 - Episodio: 069/800 | Reward: -168.00 | Temp: 0.500 | MA (100 ep): -133.02
2026-04-15 20:55:24,787 - Episodio: 070/800 | Reward:  -89.35 | Temp: 0.495 | MA (100 ep): -132.40
2026-04-15 20:55:28,097 - Episodio: 071/800 | Reward:  -99.23 | Temp: 0.490 | MA (100 ep): -131.93
2026-04-15 20:55:31,683 - Episodio: 072/800 | Reward:  -35.62 | Temp: 0.485 | MA (100 ep): -130.60
2026-04-15 20:55:32,063 - Episodio: 073/800 | Reward: -213.60 | Temp: 0.480 | MA (100 ep): -131.73
2026-04-15 20:55:32,401 - Episodio: 074/800 | Reward:  -64.95 | Temp: 0.475 | MA (100 ep): -130.83
2026-04-15 20:55:33,909 - Episodio: 075/800 | Reward:  -81.29 | Temp: 0.471 | MA (100 ep): -130.17
2026-04-15 20:55:37,620 - Episodio: 076/800 | Reward:  -88.41 | Temp: 0.466 | MA (100 ep): -129.62
2026-04-15 20:55:38,272 - Episodio: 077/800 | Reward:  -25.57 | Temp: 0.461 | MA (100 ep): -128.27
2026-04-15 20:55:41,717 - Episodio: 078/800 | Reward:  -19.15 | Temp: 0.457 | MA (100 ep): -126.87
2026-04-15 20:55:45,168 - Episodio: 079/800 | Reward: -112.44 | Temp: 0.452 | MA (100 ep): -126.69
2026-04-15 20:55:48,563 - Episodio: 080/800 | Reward:  -53.19 | Temp: 0.448 | MA (100 ep): -125.77
2026-04-15 20:55:51,958 - Episodio: 081/800 | Reward:  -75.71 | Temp: 0.443 | MA (100 ep): -125.15
2026-04-15 20:55:52,232 - Episodio: 082/800 | Reward:  -42.78 | Temp: 0.439 | MA (100 ep): -124.15
2026-04-15 20:55:55,488 - Episodio: 083/800 | Reward:  -25.21 | Temp: 0.434 | MA (100 ep): -122.95
2026-04-15 20:55:59,021 - Episodio: 084/800 | Reward:   15.24 | Temp: 0.430 | MA (100 ep): -121.31
2026-04-15 20:56:02,466 - Episodio: 085/800 | Reward:  -72.61 | Temp: 0.426 | MA (100 ep): -120.74
2026-04-15 20:56:05,930 - Episodio: 086/800 | Reward: -109.00 | Temp: 0.421 | MA (100 ep): -120.60
2026-04-15 20:56:09,452 - Episodio: 087/800 | Reward: -110.13 | Temp: 0.417 | MA (100 ep): -120.48
2026-04-15 20:56:12,868 - Episodio: 088/800 | Reward: -102.49 | Temp: 0.413 | MA (100 ep): -120.27
2026-04-15 20:56:16,290 - Episodio: 089/800 | Reward:  -46.43 | Temp: 0.409 | MA (100 ep): -119.44
2026-04-15 20:56:19,704 - Episodio: 090/800 | Reward:  -50.06 | Temp: 0.405 | MA (100 ep): -118.67
2026-04-15 20:56:23,141 - Episodio: 091/800 | Reward:  -78.61 | Temp: 0.401 | MA (100 ep): -118.23
2026-04-15 20:56:26,504 - Episodio: 092/800 | Reward:  -74.87 | Temp: 0.397 | MA (100 ep): -117.76
2026-04-15 20:56:29,993 - Episodio: 093/800 | Reward:  -80.92 | Temp: 0.393 | MA (100 ep): -117.37
2026-04-15 20:56:33,419 - Episodio: 094/800 | Reward: -113.29 | Temp: 0.389 | MA (100 ep): -117.32
2026-04-15 20:56:36,979 - Episodio: 095/800 | Reward:  -52.76 | Temp: 0.385 | MA (100 ep): -116.64
2026-04-15 20:56:40,406 - Episodio: 096/800 | Reward:  -76.42 | Temp: 0.381 | MA (100 ep): -116.22
2026-04-15 20:56:43,980 - Episodio: 097/800 | Reward:  -92.53 | Temp: 0.377 | MA (100 ep): -115.98
2026-04-15 20:56:47,571 - Episodio: 098/800 | Reward:  -97.70 | Temp: 0.373 | MA (100 ep): -115.79
2026-04-15 20:56:50,891 - Episodio: 099/800 | Reward:  -47.92 | Temp: 0.370 | MA (100 ep): -115.11
2026-04-15 20:56:54,359 - Episodio: 100/800 | Reward:  -18.26 | Temp: 0.366 | MA (100 ep): -114.14
2026-04-15 20:56:54,359 - --- Inizio Evaluation run all'Episodio 100 ---
2026-04-15 20:57:06,975 - *** EVALUATION | Epi: 100 | Mean Reward (50 Run):  -67.96 ± 31.98 ***
2026-04-15 20:57:06,975 - --- Fine Evaluation ---
2026-04-15 20:57:07,834 - Episodio: 101/800 | Reward:  217.46 | Temp: 0.362 | MA (100 ep): -108.58
2026-04-15 20:57:11,270 - Episodio: 102/800 | Reward:  -45.45 | Temp: 0.359 | MA (100 ep): -105.73
2026-04-15 20:57:14,619 - Episodio: 103/800 | Reward:  -24.71 | Temp: 0.355 | MA (100 ep): -102.39
2026-04-15 20:57:18,109 - Episodio: 104/800 | Reward:  -52.98 | Temp: 0.352 | MA (100 ep): -101.61
2026-04-15 20:57:21,621 - Episodio: 105/800 | Reward:  -12.71 | Temp: 0.348 | MA (100 ep): -100.84
2026-04-15 20:57:21,797 - Episodio: 106/800 | Reward:  -94.41 | Temp: 0.345 | MA (100 ep):  -99.53
2026-04-15 20:57:25,305 - Episodio: 107/800 | Reward:  -32.23 | Temp: 0.341 | MA (100 ep):  -96.41
2026-04-15 20:57:28,696 - Episodio: 108/800 | Reward:   52.77 | Temp: 0.338 | MA (100 ep):  -92.58
2026-04-15 20:57:32,108 - Episodio: 109/800 | Reward:  -72.15 | Temp: 0.334 | MA (100 ep):  -91.84
2026-04-15 20:57:35,636 - Episodio: 110/800 | Reward:  -47.29 | Temp: 0.331 | MA (100 ep):  -92.02
2026-04-15 20:57:39,020 - Episodio: 111/800 | Reward:  -40.65 | Temp: 0.328 | MA (100 ep):  -92.46
2026-04-15 20:57:42,529 - Episodio: 112/800 | Reward:   -2.86 | Temp: 0.324 | MA (100 ep):  -91.44
2026-04-15 20:57:45,009 - Episodio: 113/800 | Reward:  201.68 | Temp: 0.321 | MA (100 ep):  -86.52
2026-04-15 20:57:45,319 - Episodio: 114/800 | Reward:  -58.31 | Temp: 0.318 | MA (100 ep):  -85.77
2026-04-15 20:57:48,748 - Episodio: 115/800 | Reward:  -59.37 | Temp: 0.315 | MA (100 ep):  -85.18
2026-04-15 20:57:50,782 - Episodio: 116/800 | Reward:  242.15 | Temp: 0.312 | MA (100 ep):  -78.14
2026-04-15 20:57:54,169 - Episodio: 117/800 | Reward:   -4.16 | Temp: 0.309 | MA (100 ep):  -77.09
2026-04-15 20:57:57,765 - Episodio: 118/800 | Reward:  -45.25 | Temp: 0.305 | MA (100 ep):  -75.10
2026-04-15 20:58:01,230 - Episodio: 119/800 | Reward:  -97.05 | Temp: 0.302 | MA (100 ep):  -75.77
2026-04-15 20:58:04,702 - Episodio: 120/800 | Reward:  -84.88 | Temp: 0.299 | MA (100 ep):  -76.17
2026-04-15 20:58:08,284 - Episodio: 121/800 | Reward:  -44.07 | Temp: 0.296 | MA (100 ep):  -73.99
2026-04-15 20:58:11,745 - Episodio: 122/800 | Reward:  -71.42 | Temp: 0.293 | MA (100 ep):  -73.78
2026-04-15 20:58:15,252 - Episodio: 123/800 | Reward:  -73.53 | Temp: 0.290 | MA (100 ep):  -71.89
2026-04-15 20:58:18,663 - Episodio: 124/800 | Reward:   18.22 | Temp: 0.288 | MA (100 ep):  -71.63
2026-04-15 20:58:22,231 - Episodio: 125/800 | Reward:  -34.81 | Temp: 0.285 | MA (100 ep):  -69.07
2026-04-15 20:58:25,723 - Episodio: 126/800 | Reward:   -2.89 | Temp: 0.282 | MA (100 ep):  -67.07
2026-04-15 20:58:29,298 - Episodio: 127/800 | Reward:  -62.64 | Temp: 0.279 | MA (100 ep):  -65.34
2026-04-15 20:58:32,623 - Episodio: 128/800 | Reward:  -33.37 | Temp: 0.276 | MA (100 ep):  -63.67
2026-04-15 20:58:34,018 - Episodio: 129/800 | Reward:  247.74 | Temp: 0.273 | MA (100 ep):  -60.06
2026-04-15 20:58:37,536 - Episodio: 130/800 | Reward:  -66.03 | Temp: 0.271 | MA (100 ep):  -60.44
2026-04-15 20:58:41,074 - Episodio: 131/800 | Reward:  -47.89 | Temp: 0.268 | MA (100 ep):  -58.93
2026-04-15 20:58:44,601 - Episodio: 132/800 | Reward:  -72.02 | Temp: 0.265 | MA (100 ep):  -56.86
2026-04-15 20:58:48,146 - Episodio: 133/800 | Reward:  -41.78 | Temp: 0.263 | MA (100 ep):  -56.75
2026-04-15 20:58:51,618 - Episodio: 134/800 | Reward:  -16.18 | Temp: 0.260 | MA (100 ep):  -54.55
2026-04-15 20:58:52,564 - Episodio: 135/800 | Reward:  284.92 | Temp: 0.257 | MA (100 ep):  -50.23
2026-04-15 20:58:56,019 - Episodio: 136/800 | Reward:  -31.55 | Temp: 0.255 | MA (100 ep):  -49.98
2026-04-15 20:58:59,302 - Episodio: 137/800 | Reward:  -10.32 | Temp: 0.252 | MA (100 ep):  -49.35
2026-04-15 20:59:02,852 - Episodio: 138/800 | Reward:  -80.62 | Temp: 0.250 | MA (100 ep):  -48.05
2026-04-15 20:59:06,326 - Episodio: 139/800 | Reward:   10.08 | Temp: 0.247 | MA (100 ep):  -47.20
2026-04-15 20:59:09,816 - Episodio: 140/800 | Reward:    8.70 | Temp: 0.245 | MA (100 ep):  -45.28
2026-04-15 20:59:13,292 - Episodio: 141/800 | Reward:   -8.67 | Temp: 0.242 | MA (100 ep):  -43.17
2026-04-15 20:59:16,805 - Episodio: 142/800 | Reward:  -38.44 | Temp: 0.240 | MA (100 ep):  -43.73
2026-04-15 20:59:20,607 - Episodio: 143/800 | Reward:  -50.18 | Temp: 0.238 | MA (100 ep):  -41.99
2026-04-15 20:59:24,102 - Episodio: 144/800 | Reward:  -61.69 | Temp: 0.235 | MA (100 ep):  -42.60
2026-04-15 20:59:25,137 - Episodio: 145/800 | Reward:  259.09 | Temp: 0.233 | MA (100 ep):  -40.23
2026-04-15 20:59:28,603 - Episodio: 146/800 | Reward:  -32.67 | Temp: 0.231 | MA (100 ep):  -40.66
2026-04-15 20:59:32,223 - Episodio: 147/800 | Reward:  -56.20 | Temp: 0.228 | MA (100 ep):  -38.58
2026-04-15 20:59:35,775 - Episodio: 148/800 | Reward:  -39.30 | Temp: 0.226 | MA (100 ep):  -36.37
2026-04-15 20:59:39,320 - Episodio: 149/800 | Reward:  -11.36 | Temp: 0.224 | MA (100 ep):  -36.25
2026-04-15 20:59:42,980 - Episodio: 150/800 | Reward:  -30.85 | Temp: 0.221 | MA (100 ep):  -36.56
2026-04-15 20:59:42,980 - --- Inizio Evaluation run all'Episodio 150 ---
2026-04-15 20:59:56,227 - *** EVALUATION | Epi: 150 | Mean Reward (50 Run):  -37.62 ± 48.02 ***
2026-04-15 20:59:56,227 - --- Fine Evaluation ---
2026-04-15 20:59:59,610 - Episodio: 151/800 | Reward:  -33.13 | Temp: 0.219 | MA (100 ep):  -36.57
2026-04-15 21:00:03,988 - Episodio: 152/800 | Reward:  -74.44 | Temp: 0.217 | MA (100 ep):  -37.18
2026-04-15 21:00:08,150 - Episodio: 153/800 | Reward:  -42.68 | Temp: 0.215 | MA (100 ep):  -37.61
2026-04-15 21:00:11,969 - Episodio: 154/800 | Reward:  -14.08 | Temp: 0.213 | MA (100 ep):  -36.26
2026-04-15 21:00:16,652 - Episodio: 155/800 | Reward:  -24.74 | Temp: 0.211 | MA (100 ep):  -35.18
2026-04-15 21:00:20,165 - Episodio: 156/800 | Reward:  -66.57 | Temp: 0.208 | MA (100 ep):  -35.75
2026-04-15 21:00:23,818 - Episodio: 157/800 | Reward:  -39.48 | Temp: 0.206 | MA (100 ep):  -36.05
2026-04-15 21:00:27,348 - Episodio: 158/800 | Reward:  -69.73 | Temp: 0.204 | MA (100 ep):  -36.05
2026-04-15 21:00:30,914 - Episodio: 159/800 | Reward:  -69.15 | Temp: 0.202 | MA (100 ep):  -36.74
2026-04-15 21:00:34,416 - Episodio: 160/800 | Reward:   17.32 | Temp: 0.200 | MA (100 ep):  -35.78
2026-04-15 21:00:35,941 - Episodio: 161/800 | Reward:  246.61 | Temp: 0.198 | MA (100 ep):  -32.54
2026-04-15 21:00:39,182 - Episodio: 162/800 | Reward:  181.43 | Temp: 0.196 | MA (100 ep):  -29.95
2026-04-15 21:00:42,656 - Episodio: 163/800 | Reward:  -19.11 | Temp: 0.194 | MA (100 ep):  -30.32
2026-04-15 21:00:45,136 - Episodio: 164/800 | Reward:  214.00 | Temp: 0.192 | MA (100 ep):  -27.75
2026-04-15 21:00:46,878 - Episodio: 165/800 | Reward:  213.36 | Temp: 0.190 | MA (100 ep):  -24.26
2026-04-15 21:00:49,054 - Episodio: 166/800 | Reward:  212.38 | Temp: 0.189 | MA (100 ep):  -20.96
2026-04-15 21:00:52,567 - Episodio: 167/800 | Reward:  159.61 | Temp: 0.187 | MA (100 ep):  -18.58
2026-04-15 21:00:54,820 - Episodio: 168/800 | Reward:  176.73 | Temp: 0.185 | MA (100 ep):  -16.85
2026-04-15 21:00:58,054 - Episodio: 169/800 | Reward:  130.15 | Temp: 0.183 | MA (100 ep):  -13.87
2026-04-15 21:01:00,451 - Episodio: 170/800 | Reward:  191.00 | Temp: 0.181 | MA (100 ep):  -11.07
2026-04-15 21:01:01,976 - Episodio: 171/800 | Reward:  255.95 | Temp: 0.179 | MA (100 ep):   -7.51
2026-04-15 21:01:03,324 - Episodio: 172/800 | Reward:  258.84 | Temp: 0.178 | MA (100 ep):   -4.57
2026-04-15 21:01:06,468 - Episodio: 173/800 | Reward:  221.90 | Temp: 0.176 | MA (100 ep):   -0.21
2026-04-15 21:01:07,355 - Episodio: 174/800 | Reward:  294.51 | Temp: 0.174 | MA (100 ep):    3.38
2026-04-15 21:01:09,427 - Episodio: 175/800 | Reward:  242.60 | Temp: 0.172 | MA (100 ep):    6.62
2026-04-15 21:01:12,537 - Episodio: 176/800 | Reward: -577.89 | Temp: 0.171 | MA (100 ep):    1.72
2026-04-15 21:01:13,701 - Episodio: 177/800 | Reward:  222.04 | Temp: 0.169 | MA (100 ep):    4.20
2026-04-15 21:01:14,569 - Episodio: 178/800 | Reward:  267.67 | Temp: 0.167 | MA (100 ep):    7.07
2026-04-15 21:01:16,228 - Episodio: 179/800 | Reward:  219.24 | Temp: 0.165 | MA (100 ep):   10.39
2026-04-15 21:01:17,395 - Episodio: 180/800 | Reward: -119.29 | Temp: 0.164 | MA (100 ep):    9.72
2026-04-15 21:01:18,533 - Episodio: 181/800 | Reward:  251.34 | Temp: 0.162 | MA (100 ep):   13.00
2026-04-15 21:01:19,892 - Episodio: 182/800 | Reward: -259.84 | Temp: 0.161 | MA (100 ep):   10.82
2026-04-15 21:01:20,877 - Episodio: 183/800 | Reward:  300.36 | Temp: 0.159 | MA (100 ep):   14.08
2026-04-15 21:01:22,084 - Episodio: 184/800 | Reward:  262.61 | Temp: 0.157 | MA (100 ep):   16.55
2026-04-15 21:01:23,297 - Episodio: 185/800 | Reward:   28.02 | Temp: 0.156 | MA (100 ep):   17.56
2026-04-15 21:01:25,343 - Episodio: 186/800 | Reward:  228.41 | Temp: 0.154 | MA (100 ep):   20.93
2026-04-15 21:01:26,094 - Episodio: 187/800 | Reward:  258.69 | Temp: 0.153 | MA (100 ep):   24.62
2026-04-15 21:01:27,261 - Episodio: 188/800 | Reward:  216.14 | Temp: 0.151 | MA (100 ep):   27.81
2026-04-15 21:01:29,658 - Episodio: 189/800 | Reward:  215.11 | Temp: 0.150 | MA (100 ep):   30.42
2026-04-15 21:01:30,093 - Episodio: 190/800 | Reward:   19.97 | Temp: 0.148 | MA (100 ep):   31.12
2026-04-15 21:01:32,029 - Episodio: 191/800 | Reward:  212.22 | Temp: 0.147 | MA (100 ep):   34.03
2026-04-15 21:01:33,941 - Episodio: 192/800 | Reward:  249.59 | Temp: 0.145 | MA (100 ep):   37.28
2026-04-15 21:01:34,767 - Episodio: 193/800 | Reward:  262.00 | Temp: 0.144 | MA (100 ep):   40.71
2026-04-15 21:01:35,790 - Episodio: 194/800 | Reward:  249.80 | Temp: 0.142 | MA (100 ep):   44.34
2026-04-15 21:01:36,281 - Episodio: 195/800 | Reward:    9.97 | Temp: 0.141 | MA (100 ep):   44.96
2026-04-15 21:01:36,991 - Episodio: 196/800 | Reward:  292.01 | Temp: 0.139 | MA (100 ep):   48.65
2026-04-15 21:01:38,411 - Episodio: 197/800 | Reward: -114.87 | Temp: 0.138 | MA (100 ep):   48.43
2026-04-15 21:01:39,220 - Episodio: 198/800 | Reward:  232.93 | Temp: 0.137 | MA (100 ep):   51.73
2026-04-15 21:01:40,680 - Episodio: 199/800 | Reward:  228.67 | Temp: 0.135 | MA (100 ep):   54.50
2026-04-15 21:01:42,415 - Episodio: 200/800 | Reward:  169.16 | Temp: 0.134 | MA (100 ep):   56.37
2026-04-15 21:01:42,415 - --- Inizio Evaluation run all'Episodio 200 ---
2026-04-15 21:01:48,018 - *** EVALUATION | Epi: 200 | Mean Reward (50 Run):  204.12 ± 102.26 ***
2026-04-15 21:01:48,018 - --- Fine Evaluation ---
2026-04-15 21:01:48,950 - Episodio: 201/800 | Reward:  252.68 | Temp: 0.133 | MA (100 ep):   56.72
2026-04-15 21:01:49,536 - Episodio: 202/800 | Reward:   50.37 | Temp: 0.131 | MA (100 ep):   57.68
2026-04-15 21:01:50,584 - Episodio: 203/800 | Reward:  305.50 | Temp: 0.130 | MA (100 ep):   60.98
2026-04-15 21:01:53,299 - Episodio: 204/800 | Reward:  131.85 | Temp: 0.129 | MA (100 ep):   62.83
2026-04-15 21:01:55,349 - Episodio: 205/800 | Reward:  149.58 | Temp: 0.127 | MA (100 ep):   64.46
2026-04-15 21:01:56,649 - Episodio: 206/800 | Reward:  160.53 | Temp: 0.126 | MA (100 ep):   67.01
2026-04-15 21:01:57,375 - Episodio: 207/800 | Reward:  307.44 | Temp: 0.125 | MA (100 ep):   70.40
2026-04-15 21:02:00,941 - Episodio: 208/800 | Reward:  -42.90 | Temp: 0.124 | MA (100 ep):   69.45
2026-04-15 21:02:02,658 - Episodio: 209/800 | Reward:  265.60 | Temp: 0.122 | MA (100 ep):   72.82
2026-04-15 21:02:04,069 - Episodio: 210/800 | Reward:  266.80 | Temp: 0.121 | MA (100 ep):   75.96
2026-04-15 21:02:04,937 - Episodio: 211/800 | Reward:  252.30 | Temp: 0.120 | MA (100 ep):   78.89
2026-04-15 21:02:05,632 - Episodio: 212/800 | Reward:  242.31 | Temp: 0.119 | MA (100 ep):   81.34
2026-04-15 21:02:06,122 - Episodio: 213/800 | Reward:    4.93 | Temp: 0.118 | MA (100 ep):   79.38
2026-04-15 21:02:07,324 - Episodio: 214/800 | Reward:  270.92 | Temp: 0.116 | MA (100 ep):   82.67
2026-04-15 21:02:08,222 - Episodio: 215/800 | Reward:  281.87 | Temp: 0.115 | MA (100 ep):   86.08
2026-04-15 21:02:11,788 - Episodio: 216/800 | Reward:  165.20 | Temp: 0.114 | MA (100 ep):   85.31
2026-04-15 21:02:12,434 - Episodio: 217/800 | Reward:  235.19 | Temp: 0.113 | MA (100 ep):   87.71
2026-04-15 21:02:14,090 - Episodio: 218/800 | Reward:  223.14 | Temp: 0.112 | MA (100 ep):   90.39
2026-04-15 21:02:15,273 - Episodio: 219/800 | Reward:  223.44 | Temp: 0.111 | MA (100 ep):   93.59
2026-04-15 21:02:16,645 - Episodio: 220/800 | Reward:  200.01 | Temp: 0.110 | MA (100 ep):   96.44
2026-04-15 21:02:18,892 - Episodio: 221/800 | Reward: -257.52 | Temp: 0.108 | MA (100 ep):   94.31
2026-04-15 21:02:19,268 - Episodio: 222/800 | Reward: -195.03 | Temp: 0.107 | MA (100 ep):   93.07
2026-04-15 21:02:20,049 - Episodio: 223/800 | Reward:  287.94 | Temp: 0.106 | MA (100 ep):   96.69
2026-04-15 21:02:22,156 - Episodio: 224/800 | Reward:  205.74 | Temp: 0.105 | MA (100 ep):   98.56
2026-04-15 21:02:24,157 - Episodio: 225/800 | Reward:  255.82 | Temp: 0.104 | MA (100 ep):  101.47
2026-04-15 21:02:25,243 - Episodio: 226/800 | Reward:  229.97 | Temp: 0.103 | MA (100 ep):  103.80
2026-04-15 21:02:25,880 - Episodio: 227/800 | Reward:  285.83 | Temp: 0.102 | MA (100 ep):  107.28
2026-04-15 21:02:26,748 - Episodio: 228/800 | Reward: -163.73 | Temp: 0.101 | MA (100 ep):  105.98
2026-04-15 21:02:27,934 - Episodio: 229/800 | Reward:  165.96 | Temp: 0.100 | MA (100 ep):  105.16
2026-04-15 21:02:28,672 - Episodio: 230/800 | Reward:  226.95 | Temp: 0.099 | MA (100 ep):  108.09
2026-04-15 21:02:32,209 - Episodio: 231/800 | Reward:  -40.27 | Temp: 0.098 | MA (100 ep):  108.17
2026-04-15 21:02:32,918 - Episodio: 232/800 | Reward:  249.93 | Temp: 0.097 | MA (100 ep):  111.39
2026-04-15 21:02:34,112 - Episodio: 233/800 | Reward:  255.14 | Temp: 0.096 | MA (100 ep):  114.36
2026-04-15 21:02:35,140 - Episodio: 234/800 | Reward:  272.34 | Temp: 0.095 | MA (100 ep):  117.24
2026-04-15 21:02:36,454 - Episodio: 235/800 | Reward:  304.51 | Temp: 0.094 | MA (100 ep):  117.44
2026-04-15 21:02:37,439 - Episodio: 236/800 | Reward:  233.13 | Temp: 0.093 | MA (100 ep):  120.08
2026-04-15 21:02:38,262 - Episodio: 237/800 | Reward:  252.15 | Temp: 0.092 | MA (100 ep):  122.71
2026-04-15 21:02:39,366 - Episodio: 238/800 | Reward:  266.95 | Temp: 0.091 | MA (100 ep):  126.18
2026-04-15 21:02:40,169 - Episodio: 239/800 | Reward:  264.97 | Temp: 0.091 | MA (100 ep):  128.73
2026-04-15 21:02:40,807 - Episodio: 240/800 | Reward:  266.44 | Temp: 0.090 | MA (100 ep):  131.31
2026-04-15 21:02:41,451 - Episodio: 241/800 | Reward:   21.77 | Temp: 0.089 | MA (100 ep):  131.62
2026-04-15 21:02:42,615 - Episodio: 242/800 | Reward:  283.87 | Temp: 0.088 | MA (100 ep):  134.84
2026-04-15 21:02:46,204 - Episodio: 243/800 | Reward:  -38.29 | Temp: 0.087 | MA (100 ep):  134.96
2026-04-15 21:02:46,949 - Episodio: 244/800 | Reward:  257.75 | Temp: 0.086 | MA (100 ep):  138.15
2026-04-15 21:02:47,623 - Episodio: 245/800 | Reward:  275.72 | Temp: 0.085 | MA (100 ep):  138.32
2026-04-15 21:02:48,903 - Episodio: 246/800 | Reward:  287.13 | Temp: 0.084 | MA (100 ep):  141.52
2026-04-15 21:02:49,503 - Episodio: 247/800 | Reward:  275.70 | Temp: 0.084 | MA (100 ep):  144.83
2026-04-15 21:02:50,123 - Episodio: 248/800 | Reward:  267.99 | Temp: 0.083 | MA (100 ep):  147.91
2026-04-15 21:02:53,777 - Episodio: 249/800 | Reward:  149.51 | Temp: 0.082 | MA (100 ep):  149.52
2026-04-15 21:02:54,401 - Episodio: 250/800 | Reward:  252.53 | Temp: 0.081 | MA (100 ep):  152.35
2026-04-15 21:02:54,401 - --- Inizio Evaluation run all'Episodio 250 ---
2026-04-15 21:02:59,259 - *** EVALUATION | Epi: 250 | Mean Reward (50 Run):  198.64 ± 128.62 ***
2026-04-15 21:02:59,259 - --- Fine Evaluation ---
2026-04-15 21:03:00,241 - Episodio: 251/800 | Reward:  294.88 | Temp: 0.080 | MA (100 ep):  155.63
2026-04-15 21:03:01,021 - Episodio: 252/800 | Reward:  253.03 | Temp: 0.079 | MA (100 ep):  158.90
2026-04-15 21:03:01,907 - Episodio: 253/800 | Reward:  302.21 | Temp: 0.079 | MA (100 ep):  162.35
2026-04-15 21:03:03,365 - Episodio: 254/800 | Reward:  225.14 | Temp: 0.078 | MA (100 ep):  164.75
2026-04-15 21:03:04,066 - Episodio: 255/800 | Reward:  302.43 | Temp: 0.077 | MA (100 ep):  168.02
2026-04-15 21:03:06,083 - Episodio: 256/800 | Reward: -196.75 | Temp: 0.076 | MA (100 ep):  166.72
2026-04-15 21:03:06,780 - Episodio: 257/800 | Reward:  261.24 | Temp: 0.076 | MA (100 ep):  169.72
2026-04-15 21:03:07,857 - Episodio: 258/800 | Reward:  248.86 | Temp: 0.075 | MA (100 ep):  172.91
2026-04-15 21:03:09,071 - Episodio: 259/800 | Reward:  232.24 | Temp: 0.074 | MA (100 ep):  175.92
2026-04-15 21:03:09,733 - Episodio: 260/800 | Reward:  296.65 | Temp: 0.073 | MA (100 ep):  178.72
2026-04-15 21:03:10,545 - Episodio: 261/800 | Reward:  280.34 | Temp: 0.073 | MA (100 ep):  179.05
2026-04-15 21:03:14,058 - Episodio: 262/800 | Reward:  114.99 | Temp: 0.072 | MA (100 ep):  178.39
2026-04-15 21:03:15,134 - Episodio: 263/800 | Reward:  267.97 | Temp: 0.071 | MA (100 ep):  181.26
2026-04-15 21:03:18,575 - Episodio: 264/800 | Reward:  -21.56 | Temp: 0.070 | MA (100 ep):  178.90
2026-04-15 21:03:19,422 - Episodio: 265/800 | Reward:  252.81 | Temp: 0.070 | MA (100 ep):  179.30
2026-04-15 21:03:20,220 - Episodio: 266/800 | Reward:  247.81 | Temp: 0.069 | MA (100 ep):  179.65
2026-04-15 21:03:21,024 - Episodio: 267/800 | Reward:  285.81 | Temp: 0.068 | MA (100 ep):  180.91
2026-04-15 21:03:21,999 - Episodio: 268/800 | Reward:  290.95 | Temp: 0.068 | MA (100 ep):  182.06
2026-04-15 21:03:22,933 - Episodio: 269/800 | Reward:  282.99 | Temp: 0.067 | MA (100 ep):  183.59
2026-04-15 21:03:26,499 - Episodio: 270/800 | Reward:  -15.25 | Temp: 0.066 | MA (100 ep):  181.52
2026-04-15 21:03:27,236 - Episodio: 271/800 | Reward:  273.08 | Temp: 0.066 | MA (100 ep):  181.69
2026-04-15 21:03:28,221 - Episodio: 272/800 | Reward:  243.52 | Temp: 0.065 | MA (100 ep):  181.54
2026-04-15 21:03:29,042 - Episodio: 273/800 | Reward:  261.06 | Temp: 0.064 | MA (100 ep):  181.93
2026-04-15 21:03:29,864 - Episodio: 274/800 | Reward:  285.15 | Temp: 0.064 | MA (100 ep):  181.84
2026-04-15 21:03:30,492 - Episodio: 275/800 | Reward:  261.07 | Temp: 0.063 | MA (100 ep):  182.02
2026-04-15 21:03:31,020 - Episodio: 276/800 | Reward:  250.79 | Temp: 0.062 | MA (100 ep):  190.31
2026-04-15 21:03:31,689 - Episodio: 277/800 | Reward:  237.37 | Temp: 0.062 | MA (100 ep):  190.46
2026-04-15 21:03:32,409 - Episodio: 278/800 | Reward:  265.38 | Temp: 0.061 | MA (100 ep):  190.44
2026-04-15 21:03:33,088 - Episodio: 279/800 | Reward:  257.37 | Temp: 0.061 | MA (100 ep):  190.82
2026-04-15 21:03:33,990 - Episodio: 280/800 | Reward:  300.70 | Temp: 0.060 | MA (100 ep):  195.02
2026-04-15 21:03:35,156 - Episodio: 281/800 | Reward: -115.19 | Temp: 0.059 | MA (100 ep):  191.36
2026-04-15 21:03:35,866 - Episodio: 282/800 | Reward:  276.61 | Temp: 0.059 | MA (100 ep):  196.72
2026-04-15 21:03:36,564 - Episodio: 283/800 | Reward:  298.05 | Temp: 0.058 | MA (100 ep):  196.70
2026-04-15 21:03:37,958 - Episodio: 284/800 | Reward:  246.53 | Temp: 0.058 | MA (100 ep):  196.54
2026-04-15 21:03:38,965 - Episodio: 285/800 | Reward:  275.43 | Temp: 0.057 | MA (100 ep):  199.01
2026-04-15 21:03:39,973 - Episodio: 286/800 | Reward:  265.68 | Temp: 0.056 | MA (100 ep):  199.38
2026-04-15 21:03:40,800 - Episodio: 287/800 | Reward:  242.07 | Temp: 0.056 | MA (100 ep):  199.22
2026-04-15 21:03:41,480 - Episodio: 288/800 | Reward:  241.62 | Temp: 0.055 | MA (100 ep):  199.47
2026-04-15 21:03:43,343 - Episodio: 289/800 | Reward:  200.02 | Temp: 0.055 | MA (100 ep):  199.32
2026-04-15 21:03:44,025 - Episodio: 290/800 | Reward:  300.40 | Temp: 0.054 | MA (100 ep):  202.13
2026-04-15 21:03:45,919 - Episodio: 291/800 | Reward:  249.86 | Temp: 0.054 | MA (100 ep):  202.50
2026-04-15 21:03:46,583 - Episodio: 292/800 | Reward:  256.41 | Temp: 0.053 | MA (100 ep):  202.57
2026-04-15 21:03:48,185 - Episodio: 293/800 | Reward:  204.81 | Temp: 0.053 | MA (100 ep):  202.00
2026-04-15 21:03:48,997 - Episodio: 294/800 | Reward:  252.90 | Temp: 0.052 | MA (100 ep):  202.03
2026-04-15 21:03:50,036 - Episodio: 295/800 | Reward:  264.31 | Temp: 0.052 | MA (100 ep):  204.57
2026-04-15 21:03:52,054 - Episodio: 296/800 | Reward:  210.59 | Temp: 0.051 | MA (100 ep):  203.76
2026-04-15 21:03:52,969 - Episodio: 297/800 | Reward:  308.75 | Temp: 0.051 | MA (100 ep):  208.00
2026-04-15 21:03:53,586 - Episodio: 298/800 | Reward:  257.53 | Temp: 0.050 | MA (100 ep):  208.24
2026-04-15 21:03:54,240 - Episodio: 299/800 | Reward:  255.92 | Temp: 0.050 | MA (100 ep):  208.51
2026-04-15 21:03:54,799 - Episodio: 300/800 | Reward:  274.80 | Temp: 0.049 | MA (100 ep):  209.57
2026-04-15 21:03:54,799 - --- Inizio Evaluation run all'Episodio 300 ---
2026-04-15 21:03:59,440 - *** EVALUATION | Epi: 300 | Mean Reward (50 Run):  232.43 ± 84.36 ***
2026-04-15 21:03:59,440 - --- Fine Evaluation ---
2026-04-15 21:04:00,056 - Episodio: 301/800 | Reward:  273.00 | Temp: 0.049 | MA (100 ep):  209.77
2026-04-15 21:04:00,686 - Episodio: 302/800 | Reward:  247.62 | Temp: 0.048 | MA (100 ep):  211.75
2026-04-15 21:04:01,237 - Episodio: 303/800 | Reward:  248.50 | Temp: 0.048 | MA (100 ep):  211.18
2026-04-15 21:04:02,372 - Episodio: 304/800 | Reward:  285.96 | Temp: 0.047 | MA (100 ep):  212.72
2026-04-15 21:04:03,000 - Episodio: 305/800 | Reward:  278.62 | Temp: 0.047 | MA (100 ep):  214.01
2026-04-15 21:04:03,824 - Episodio: 306/800 | Reward:  253.69 | Temp: 0.046 | MA (100 ep):  214.94
2026-04-15 21:04:04,484 - Episodio: 307/800 | Reward:  296.89 | Temp: 0.046 | MA (100 ep):  214.83
2026-04-15 21:04:05,356 - Episodio: 308/800 | Reward:  287.87 | Temp: 0.045 | MA (100 ep):  218.14
2026-04-15 21:04:06,939 - Episodio: 309/800 | Reward:  199.60 | Temp: 0.045 | MA (100 ep):  217.48
2026-04-15 21:04:07,652 - Episodio: 310/800 | Reward:  267.94 | Temp: 0.044 | MA (100 ep):  217.49
2026-04-15 21:04:08,516 - Episodio: 311/800 | Reward:  265.23 | Temp: 0.044 | MA (100 ep):  217.62
2026-04-15 21:04:09,199 - Episodio: 312/800 | Reward:  282.21 | Temp: 0.043 | MA (100 ep):  218.02
2026-04-15 21:04:10,504 - Episodio: 313/800 | Reward:  199.27 | Temp: 0.043 | MA (100 ep):  219.96
2026-04-15 21:04:11,340 - Episodio: 314/800 | Reward:  292.09 | Temp: 0.043 | MA (100 ep):  220.18
2026-04-15 21:04:12,241 - Episodio: 315/800 | Reward:  287.58 | Temp: 0.042 | MA (100 ep):  220.23
2026-04-15 21:04:13,486 - Episodio: 316/800 | Reward:  276.44 | Temp: 0.042 | MA (100 ep):  221.35
2026-04-15 21:04:14,052 - Episodio: 317/800 | Reward:  283.54 | Temp: 0.041 | MA (100 ep):  221.83
2026-04-15 21:04:15,448 - Episodio: 318/800 | Reward:  261.20 | Temp: 0.041 | MA (100 ep):  222.21
2026-04-15 21:04:16,128 - Episodio: 319/800 | Reward:  280.89 | Temp: 0.041 | MA (100 ep):  222.78
2026-04-15 21:04:17,078 - Episodio: 320/800 | Reward:  258.45 | Temp: 0.040 | MA (100 ep):  223.37
2026-04-15 21:04:19,175 - Episodio: 321/800 | Reward:  270.09 | Temp: 0.040 | MA (100 ep):  228.64
2026-04-15 21:04:19,811 - Episodio: 322/800 | Reward:  270.40 | Temp: 0.039 | MA (100 ep):  233.30
2026-04-15 21:04:20,706 - Episodio: 323/800 | Reward:  266.49 | Temp: 0.039 | MA (100 ep):  233.08
2026-04-15 21:04:21,350 - Episodio: 324/800 | Reward:  264.36 | Temp: 0.039 | MA (100 ep):  233.67
2026-04-15 21:04:24,595 - Episodio: 325/800 | Reward:  113.58 | Temp: 0.038 | MA (100 ep):  232.25
2026-04-15 21:04:25,508 - Episodio: 326/800 | Reward:  294.12 | Temp: 0.038 | MA (100 ep):  232.89
2026-04-15 21:04:26,870 - Episodio: 327/800 | Reward:  286.45 | Temp: 0.037 | MA (100 ep):  232.90
2026-04-15 21:04:27,574 - Episodio: 328/800 | Reward:  288.45 | Temp: 0.037 | MA (100 ep):  237.42
2026-04-15 21:04:28,241 - Episodio: 329/800 | Reward:  266.75 | Temp: 0.037 | MA (100 ep):  238.43
2026-04-15 21:04:28,838 - Episodio: 330/800 | Reward:  253.59 | Temp: 0.036 | MA (100 ep):  238.69
2026-04-15 21:04:29,424 - Episodio: 331/800 | Reward:  279.43 | Temp: 0.036 | MA (100 ep):  241.89
2026-04-15 21:04:30,205 - Episodio: 332/800 | Reward:  259.51 | Temp: 0.036 | MA (100 ep):  241.98
2026-04-15 21:04:30,995 - Episodio: 333/800 | Reward:  213.28 | Temp: 0.035 | MA (100 ep):  241.57
2026-04-15 21:04:31,592 - Episodio: 334/800 | Reward:  264.11 | Temp: 0.035 | MA (100 ep):  241.48
2026-04-15 21:04:32,307 - Episodio: 335/800 | Reward:  233.56 | Temp: 0.034 | MA (100 ep):  240.77
2026-04-15 21:04:32,819 - Episodio: 336/800 | Reward:  272.21 | Temp: 0.034 | MA (100 ep):  241.17
2026-04-15 21:04:33,809 - Episodio: 337/800 | Reward:  278.00 | Temp: 0.034 | MA (100 ep):  241.42
2026-04-15 21:04:34,578 - Episodio: 338/800 | Reward:  272.90 | Temp: 0.033 | MA (100 ep):  241.48
2026-04-15 21:04:35,232 - Episodio: 339/800 | Reward:  287.24 | Temp: 0.033 | MA (100 ep):  241.71
2026-04-15 21:04:36,544 - Episodio: 340/800 | Reward:  289.55 | Temp: 0.033 | MA (100 ep):  241.94
2026-04-15 21:04:37,441 - Episodio: 341/800 | Reward:  284.02 | Temp: 0.032 | MA (100 ep):  244.56
2026-04-15 21:04:38,075 - Episodio: 342/800 | Reward:  250.91 | Temp: 0.032 | MA (100 ep):  244.23
2026-04-15 21:04:39,034 - Episodio: 343/800 | Reward:  293.84 | Temp: 0.032 | MA (100 ep):  247.55
2026-04-15 21:04:39,667 - Episodio: 344/800 | Reward:  275.90 | Temp: 0.032 | MA (100 ep):  247.73
2026-04-15 21:04:40,322 - Episodio: 345/800 | Reward:  263.13 | Temp: 0.031 | MA (100 ep):  247.61
2026-04-15 21:04:41,185 - Episodio: 346/800 | Reward:  265.44 | Temp: 0.031 | MA (100 ep):  247.39
2026-04-15 21:04:41,918 - Episodio: 347/800 | Reward:  234.10 | Temp: 0.031 | MA (100 ep):  246.97
2026-04-15 21:04:42,529 - Episodio: 348/800 | Reward:  267.21 | Temp: 0.030 | MA (100 ep):  246.97
2026-04-15 21:04:43,267 - Episodio: 349/800 | Reward:  232.67 | Temp: 0.030 | MA (100 ep):  247.80
2026-04-15 21:04:43,851 - Episodio: 350/800 | Reward:  276.40 | Temp: 0.030 | MA (100 ep):  248.04
2026-04-15 21:04:43,851 - --- Inizio Evaluation run all'Episodio 350 ---
2026-04-15 21:04:46,492 - *** EVALUATION | Epi: 350 | Mean Reward (50 Run):  238.62 ± 85.82 ***
2026-04-15 21:04:46,492 - --- Fine Evaluation ---
2026-04-15 21:04:46,986 - Episodio: 351/800 | Reward:  282.39 | Temp: 0.029 | MA (100 ep):  247.91
2026-04-15 21:04:47,615 - Episodio: 352/800 | Reward:   52.48 | Temp: 0.029 | MA (100 ep):  245.91
2026-04-15 21:04:49,137 - Episodio: 353/800 | Reward:  212.54 | Temp: 0.029 | MA (100 ep):  245.01
2026-04-15 21:04:49,567 - Episodio: 354/800 | Reward:   81.89 | Temp: 0.029 | MA (100 ep):  243.58
2026-04-15 21:04:50,014 - Episodio: 355/800 | Reward:   63.51 | Temp: 0.028 | MA (100 ep):  241.19
2026-04-15 21:04:50,564 - Episodio: 356/800 | Reward:   16.38 | Temp: 0.028 | MA (100 ep):  243.32
2026-04-15 21:04:51,348 - Episodio: 357/800 | Reward:  303.29 | Temp: 0.028 | MA (100 ep):  243.74
2026-04-15 21:04:51,918 - Episodio: 358/800 | Reward:  253.18 | Temp: 0.027 | MA (100 ep):  243.78
2026-04-15 21:04:52,495 - Episodio: 359/800 | Reward:  270.74 | Temp: 0.027 | MA (100 ep):  244.17
2026-04-15 21:04:53,127 - Episodio: 360/800 | Reward:  284.19 | Temp: 0.027 | MA (100 ep):  244.04
2026-04-15 21:04:53,870 - Episodio: 361/800 | Reward:  231.52 | Temp: 0.027 | MA (100 ep):  243.56
2026-04-15 21:04:54,955 - Episodio: 362/800 | Reward:  276.99 | Temp: 0.026 | MA (100 ep):  245.18
2026-04-15 21:04:55,605 - Episodio: 363/800 | Reward:  267.42 | Temp: 0.026 | MA (100 ep):  245.17
2026-04-15 21:04:57,210 - Episodio: 364/800 | Reward:  234.66 | Temp: 0.026 | MA (100 ep):  247.73
2026-04-15 21:04:58,025 - Episodio: 365/800 | Reward:  287.01 | Temp: 0.026 | MA (100 ep):  248.07
2026-04-15 21:04:58,618 - Episodio: 366/800 | Reward:  244.25 | Temp: 0.025 | MA (100 ep):  248.04
2026-04-15 21:04:59,219 - Episodio: 367/800 | Reward:  280.93 | Temp: 0.025 | MA (100 ep):  247.99
2026-04-15 21:05:00,396 - Episodio: 368/800 | Reward:  259.88 | Temp: 0.025 | MA (100 ep):  247.68
2026-04-15 21:05:01,042 - Episodio: 369/800 | Reward:  281.30 | Temp: 0.025 | MA (100 ep):  247.66
2026-04-15 21:05:01,816 - Episodio: 370/800 | Reward:  285.44 | Temp: 0.024 | MA (100 ep):  250.67
2026-04-15 21:05:02,572 - Episodio: 371/800 | Reward:  260.54 | Temp: 0.024 | MA (100 ep):  250.54
2026-04-15 21:05:03,132 - Episodio: 372/800 | Reward:  269.40 | Temp: 0.024 | MA (100 ep):  250.80
2026-04-15 21:05:03,875 - Episodio: 373/800 | Reward:  290.40 | Temp: 0.024 | MA (100 ep):  251.10
2026-04-15 21:05:04,472 - Episodio: 374/800 | Reward:  267.64 | Temp: 0.023 | MA (100 ep):  250.92
2026-04-15 21:05:05,695 - Episodio: 375/800 | Reward:  236.69 | Temp: 0.023 | MA (100 ep):  250.68
2026-04-15 21:05:06,333 - Episodio: 376/800 | Reward:  273.95 | Temp: 0.023 | MA (100 ep):  250.91
2026-04-15 21:05:07,041 - Episodio: 377/800 | Reward:  267.31 | Temp: 0.023 | MA (100 ep):  251.21
2026-04-15 21:05:07,617 - Episodio: 378/800 | Reward:   61.38 | Temp: 0.022 | MA (100 ep):  249.17
2026-04-15 21:05:08,590 - Episodio: 379/800 | Reward:  297.63 | Temp: 0.022 | MA (100 ep):  249.57
2026-04-15 21:05:09,579 - Episodio: 380/800 | Reward:  293.15 | Temp: 0.022 | MA (100 ep):  249.49
2026-04-15 21:05:10,298 - Episodio: 381/800 | Reward:  260.72 | Temp: 0.022 | MA (100 ep):  253.25
2026-04-15 21:05:11,449 - Episodio: 382/800 | Reward:  277.55 | Temp: 0.022 | MA (100 ep):  253.26
2026-04-15 21:05:12,051 - Episodio: 383/800 | Reward:  257.26 | Temp: 0.021 | MA (100 ep):  252.86
2026-04-15 21:05:12,744 - Episodio: 384/800 | Reward:  257.98 | Temp: 0.021 | MA (100 ep):  252.97
2026-04-15 21:05:15,241 - Episodio: 385/800 | Reward:  271.36 | Temp: 0.021 | MA (100 ep):  252.93
2026-04-15 21:05:16,111 - Episodio: 386/800 | Reward:  267.94 | Temp: 0.021 | MA (100 ep):  252.95
2026-04-15 21:05:16,695 - Episodio: 387/800 | Reward:  266.10 | Temp: 0.020 | MA (100 ep):  253.19
2026-04-15 21:05:17,342 - Episodio: 388/800 | Reward:  250.48 | Temp: 0.020 | MA (100 ep):  253.28
2026-04-15 21:05:18,145 - Episodio: 389/800 | Reward:  288.77 | Temp: 0.020 | MA (100 ep):  254.17
2026-04-15 21:05:18,855 - Episodio: 390/800 | Reward:  311.37 | Temp: 0.020 | MA (100 ep):  254.28
2026-04-15 21:05:19,594 - Episodio: 391/800 | Reward:  281.21 | Temp: 0.020 | MA (100 ep):  254.59
2026-04-15 21:05:20,890 - Episodio: 392/800 | Reward:  269.63 | Temp: 0.019 | MA (100 ep):  254.72
2026-04-15 21:05:21,584 - Episodio: 393/800 | Reward:  269.76 | Temp: 0.019 | MA (100 ep):  255.37
2026-04-15 21:05:23,994 - Episodio: 394/800 | Reward:  216.29 | Temp: 0.019 | MA (100 ep):  255.01
2026-04-15 21:05:24,634 - Episodio: 395/800 | Reward:  275.54 | Temp: 0.019 | MA (100 ep):  255.12
2026-04-15 21:05:25,595 - Episodio: 396/800 | Reward:  293.42 | Temp: 0.019 | MA (100 ep):  255.95
2026-04-15 21:05:26,586 - Episodio: 397/800 | Reward:  263.68 | Temp: 0.019 | MA (100 ep):  255.50
2026-04-15 21:05:27,265 - Episodio: 398/800 | Reward:  271.23 | Temp: 0.018 | MA (100 ep):  255.63
2026-04-15 21:05:27,739 - Episodio: 399/800 | Reward:  -19.45 | Temp: 0.018 | MA (100 ep):  252.88
2026-04-15 21:05:28,355 - Episodio: 400/800 | Reward:  265.79 | Temp: 0.018 | MA (100 ep):  252.79
2026-04-15 21:05:28,355 - --- Inizio Evaluation run all'Episodio 400 ---
2026-04-15 21:05:31,305 - *** EVALUATION | Epi: 400 | Mean Reward (50 Run):  205.12 ± 121.50 ***
2026-04-15 21:05:31,307 - --- Fine Evaluation ---
2026-04-15 21:05:32,007 - Episodio: 401/800 | Reward:  273.17 | Temp: 0.018 | MA (100 ep):  252.79
2026-04-15 21:05:32,780 - Episodio: 402/800 | Reward:  286.57 | Temp: 0.018 | MA (100 ep):  253.18
2026-04-15 21:05:33,270 - Episodio: 403/800 | Reward:    1.02 | Temp: 0.017 | MA (100 ep):  250.71
2026-04-15 21:05:33,829 - Episodio: 404/800 | Reward:  264.12 | Temp: 0.017 | MA (100 ep):  250.49
2026-04-15 21:05:34,482 - Episodio: 405/800 | Reward:  248.44 | Temp: 0.017 | MA (100 ep):  250.19
2026-04-15 21:05:35,323 - Episodio: 406/800 | Reward:  276.21 | Temp: 0.017 | MA (100 ep):  250.41
2026-04-15 21:05:35,974 - Episodio: 407/800 | Reward:  266.67 | Temp: 0.017 | MA (100 ep):  250.11
2026-04-15 21:05:36,696 - Episodio: 408/800 | Reward:  284.30 | Temp: 0.017 | MA (100 ep):  250.07
2026-04-15 21:05:37,340 - Episodio: 409/800 | Reward:  224.37 | Temp: 0.016 | MA (100 ep):  250.32
2026-04-15 21:05:38,313 - Episodio: 410/800 | Reward:  284.30 | Temp: 0.016 | MA (100 ep):  250.48
2026-04-15 21:05:39,032 - Episodio: 411/800 | Reward:  302.76 | Temp: 0.016 | MA (100 ep):  250.86
2026-04-15 21:05:39,686 - Episodio: 412/800 | Reward:  269.24 | Temp: 0.016 | MA (100 ep):  250.73
2026-04-15 21:05:40,303 - Episodio: 413/800 | Reward:  285.94 | Temp: 0.016 | MA (100 ep):  251.60
2026-04-15 21:05:40,999 - Episodio: 414/800 | Reward:  269.62 | Temp: 0.016 | MA (100 ep):  251.37
2026-04-15 21:05:41,556 - Episodio: 415/800 | Reward:  264.74 | Temp: 0.015 | MA (100 ep):  251.14
2026-04-15 21:05:42,197 - Episodio: 416/800 | Reward:  277.81 | Temp: 0.015 | MA (100 ep):  251.16
2026-04-15 21:05:42,787 - Episodio: 417/800 | Reward:  291.23 | Temp: 0.015 | MA (100 ep):  251.23
2026-04-15 21:05:43,551 - Episodio: 418/800 | Reward:  275.80 | Temp: 0.015 | MA (100 ep):  251.38
2026-04-15 21:05:43,984 - Episodio: 419/800 | Reward:   46.35 | Temp: 0.015 | MA (100 ep):  249.03
2026-04-15 21:05:44,530 - Episodio: 420/800 | Reward:  267.77 | Temp: 0.015 | MA (100 ep):  249.13
2026-04-15 21:05:45,285 - Episodio: 421/800 | Reward:  279.29 | Temp: 0.015 | MA (100 ep):  249.22
2026-04-15 21:05:46,609 - Episodio: 422/800 | Reward:  193.78 | Temp: 0.014 | MA (100 ep):  248.45
2026-04-15 21:05:47,306 - Episodio: 423/800 | Reward:  257.33 | Temp: 0.014 | MA (100 ep):  248.36
2026-04-15 21:05:48,238 - Episodio: 424/800 | Reward:  298.52 | Temp: 0.014 | MA (100 ep):  248.70
2026-04-15 21:05:48,884 - Episodio: 425/800 | Reward:  274.47 | Temp: 0.014 | MA (100 ep):  250.31
2026-04-15 21:05:49,675 - Episodio: 426/800 | Reward:  227.29 | Temp: 0.014 | MA (100 ep):  249.64
2026-04-15 21:05:50,410 - Episodio: 427/800 | Reward:  302.64 | Temp: 0.014 | MA (100 ep):  249.81
2026-04-15 21:05:51,072 - Episodio: 428/800 | Reward:  284.22 | Temp: 0.014 | MA (100 ep):  249.76
2026-04-15 21:05:51,582 - Episodio: 429/800 | Reward:  274.60 | Temp: 0.013 | MA (100 ep):  249.84
2026-04-15 21:05:52,285 - Episodio: 430/800 | Reward:  292.38 | Temp: 0.013 | MA (100 ep):  250.23
2026-04-15 21:05:52,995 - Episodio: 431/800 | Reward:  273.48 | Temp: 0.013 | MA (100 ep):  250.17
2026-04-15 21:05:53,737 - Episodio: 432/800 | Reward:  288.99 | Temp: 0.013 | MA (100 ep):  250.47
2026-04-15 21:05:54,444 - Episodio: 433/800 | Reward:  244.63 | Temp: 0.013 | MA (100 ep):  250.78
2026-04-15 21:05:55,141 - Episodio: 434/800 | Reward:  278.58 | Temp: 0.013 | MA (100 ep):  250.92
2026-04-15 21:05:55,777 - Episodio: 435/800 | Reward:  251.98 | Temp: 0.013 | MA (100 ep):  251.11
2026-04-15 21:05:56,324 - Episodio: 436/800 | Reward:   89.72 | Temp: 0.013 | MA (100 ep):  249.28
2026-04-15 21:05:56,910 - Episodio: 437/800 | Reward:  263.90 | Temp: 0.012 | MA (100 ep):  249.14
2026-04-15 21:05:58,541 - Episodio: 438/800 | Reward:  180.83 | Temp: 0.012 | MA (100 ep):  248.22
2026-04-15 21:05:59,131 - Episodio: 439/800 | Reward:  257.98 | Temp: 0.012 | MA (100 ep):  247.93
2026-04-15 21:05:59,421 - Episodio: 440/800 | Reward:  -39.02 | Temp: 0.012 | MA (100 ep):  244.64
2026-04-15 21:06:00,001 - Episodio: 441/800 | Reward:  259.51 | Temp: 0.012 | MA (100 ep):  244.40
2026-04-15 21:06:00,633 - Episodio: 442/800 | Reward:  281.08 | Temp: 0.012 | MA (100 ep):  244.70
2026-04-15 21:06:01,460 - Episodio: 443/800 | Reward:  263.40 | Temp: 0.012 | MA (100 ep):  244.40
2026-04-15 21:06:02,197 - Episodio: 444/800 | Reward:  282.30 | Temp: 0.012 | MA (100 ep):  244.46
2026-04-15 21:06:02,924 - Episodio: 445/800 | Reward:  273.46 | Temp: 0.011 | MA (100 ep):  244.56
2026-04-15 21:06:03,569 - Episodio: 446/800 | Reward:  257.97 | Temp: 0.011 | MA (100 ep):  244.49
2026-04-15 21:06:04,590 - Episodio: 447/800 | Reward:  306.12 | Temp: 0.011 | MA (100 ep):  245.21
2026-04-15 21:06:05,243 - Episodio: 448/800 | Reward:  264.92 | Temp: 0.011 | MA (100 ep):  245.19
2026-04-15 21:06:05,889 - Episodio: 449/800 | Reward:  291.68 | Temp: 0.011 | MA (100 ep):  245.78
2026-04-15 21:06:06,737 - Episodio: 450/800 | Reward:  243.93 | Temp: 0.011 | MA (100 ep):  245.45
2026-04-15 21:06:06,737 - --- Inizio Evaluation run all'Episodio 450 ---
2026-04-15 21:06:09,612 - *** EVALUATION | Epi: 450 | Mean Reward (50 Run):  255.22 ± 77.97 ***
2026-04-15 21:06:09,612 - --- Fine Evaluation ---
2026-04-15 21:06:10,785 - Episodio: 451/800 | Reward:  225.53 | Temp: 0.011 | MA (100 ep):  244.88
2026-04-15 21:06:11,470 - Episodio: 452/800 | Reward:  288.11 | Temp: 0.011 | MA (100 ep):  247.24
2026-04-15 21:06:12,070 - Episodio: 453/800 | Reward:  270.65 | Temp: 0.011 | MA (100 ep):  247.82
2026-04-15 21:06:12,386 - Episodio: 454/800 | Reward:  -34.06 | Temp: 0.010 | MA (100 ep):  246.66
2026-04-15 21:06:13,190 - Episodio: 455/800 | Reward:  292.11 | Temp: 0.010 | MA (100 ep):  248.95
2026-04-15 21:06:14,041 - Episodio: 456/800 | Reward:  282.06 | Temp: 0.010 | MA (100 ep):  251.60
2026-04-15 21:06:14,504 - Episodio: 457/800 | Reward:   44.09 | Temp: 0.010 | MA (100 ep):  249.01
2026-04-15 21:06:15,282 - Episodio: 458/800 | Reward:  287.91 | Temp: 0.010 | MA (100 ep):  249.36
2026-04-15 21:06:15,999 - Episodio: 459/800 | Reward:  313.37 | Temp: 0.010 | MA (100 ep):  249.78
2026-04-15 21:06:16,757 - Episodio: 460/800 | Reward:  267.50 | Temp: 0.010 | MA (100 ep):  249.62
2026-04-15 21:06:17,576 - Episodio: 461/800 | Reward:  309.09 | Temp: 0.010 | MA (100 ep):  250.39
2026-04-15 21:06:18,359 - Episodio: 462/800 | Reward:  298.82 | Temp: 0.010 | MA (100 ep):  250.61
2026-04-15 21:06:19,200 - Episodio: 463/800 | Reward:  309.94 | Temp: 0.010 | MA (100 ep):  251.04
2026-04-15 21:06:19,767 - Episodio: 464/800 | Reward:  293.16 | Temp: 0.010 | MA (100 ep):  251.62
2026-04-15 21:06:22,738 - Episodio: 465/800 | Reward:  151.11 | Temp: 0.010 | MA (100 ep):  250.26
2026-04-15 21:06:23,021 - Episodio: 466/800 | Reward:   55.17 | Temp: 0.010 | MA (100 ep):  248.37
2026-04-15 21:06:23,655 - Episodio: 467/800 | Reward:  271.49 | Temp: 0.010 | MA (100 ep):  248.28
2026-04-15 21:06:24,427 - Episodio: 468/800 | Reward:  304.82 | Temp: 0.010 | MA (100 ep):  248.73
2026-04-15 21:06:25,434 - Episodio: 469/800 | Reward:  320.75 | Temp: 0.010 | MA (100 ep):  249.12
2026-04-15 21:06:26,162 - Episodio: 470/800 | Reward:  287.09 | Temp: 0.010 | MA (100 ep):  249.14
2026-04-15 21:06:27,070 - Episodio: 471/800 | Reward:  291.59 | Temp: 0.010 | MA (100 ep):  249.45
2026-04-15 21:06:27,790 - Episodio: 472/800 | Reward:  283.65 | Temp: 0.010 | MA (100 ep):  249.59
2026-04-15 21:06:28,864 - Episodio: 473/800 | Reward:  262.03 | Temp: 0.010 | MA (100 ep):  249.31
2026-04-15 21:06:29,495 - Episodio: 474/800 | Reward:  245.56 | Temp: 0.010 | MA (100 ep):  249.09
2026-04-15 21:06:30,363 - Episodio: 475/800 | Reward:  277.69 | Temp: 0.010 | MA (100 ep):  249.50
2026-04-15 21:06:31,043 - Episodio: 476/800 | Reward:  296.61 | Temp: 0.010 | MA (100 ep):  249.72
2026-04-15 21:06:31,956 - Episodio: 477/800 | Reward:  292.85 | Temp: 0.010 | MA (100 ep):  249.98
2026-04-15 21:06:32,592 - Episodio: 478/800 | Reward:  285.82 | Temp: 0.010 | MA (100 ep):  252.22
2026-04-15 21:06:33,222 - Episodio: 479/800 | Reward:  292.71 | Temp: 0.010 | MA (100 ep):  252.17
2026-04-15 21:06:33,853 - Episodio: 480/800 | Reward:  269.53 | Temp: 0.010 | MA (100 ep):  251.94
2026-04-15 21:06:34,478 - Episodio: 481/800 | Reward:  278.74 | Temp: 0.010 | MA (100 ep):  252.12
2026-04-15 21:06:35,935 - Episodio: 482/800 | Reward:  150.13 | Temp: 0.010 | MA (100 ep):  250.84
2026-04-15 21:06:36,537 - Episodio: 483/800 | Reward:  246.94 | Temp: 0.010 | MA (100 ep):  250.74
2026-04-15 21:06:37,294 - Episodio: 484/800 | Reward:  272.82 | Temp: 0.010 | MA (100 ep):  250.89
2026-04-15 21:06:37,860 - Episodio: 485/800 | Reward:  272.95 | Temp: 0.010 | MA (100 ep):  250.90
2026-04-15 21:06:38,525 - Episodio: 486/800 | Reward:  249.50 | Temp: 0.010 | MA (100 ep):  250.72
2026-04-15 21:06:39,366 - Episodio: 487/800 | Reward:  280.06 | Temp: 0.010 | MA (100 ep):  250.86
2026-04-15 21:06:40,027 - Episodio: 488/800 | Reward:  265.86 | Temp: 0.010 | MA (100 ep):  251.01
2026-04-15 21:06:40,569 - Episodio: 489/800 | Reward:  252.30 | Temp: 0.010 | MA (100 ep):  250.65
2026-04-15 21:06:40,889 - Episodio: 490/800 | Reward:   28.85 | Temp: 0.010 | MA (100 ep):  247.82
2026-04-15 21:06:41,718 - Episodio: 491/800 | Reward:  263.87 | Temp: 0.010 | MA (100 ep):  247.65
2026-04-15 21:06:42,409 - Episodio: 492/800 | Reward:  278.96 | Temp: 0.010 | MA (100 ep):  247.74
2026-04-15 21:06:43,196 - Episodio: 493/800 | Reward:  316.37 | Temp: 0.010 | MA (100 ep):  248.21
2026-04-15 21:06:44,384 - Episodio: 494/800 | Reward:  255.33 | Temp: 0.010 | MA (100 ep):  248.60
2026-04-15 21:06:45,064 - Episodio: 495/800 | Reward:   51.27 | Temp: 0.010 | MA (100 ep):  246.36
2026-04-15 21:06:46,593 - Episodio: 496/800 | Reward:  210.47 | Temp: 0.010 | MA (100 ep):  245.53
2026-04-15 21:06:48,015 - Episodio: 497/800 | Reward: -223.13 | Temp: 0.010 | MA (100 ep):  240.66
2026-04-15 21:06:48,893 - Episodio: 498/800 | Reward:  234.39 | Temp: 0.010 | MA (100 ep):  240.29
2026-04-15 21:06:50,873 - Episodio: 499/800 | Reward:  243.54 | Temp: 0.010 | MA (100 ep):  242.92
2026-04-15 21:06:51,622 - Episodio: 500/800 | Reward:  259.27 | Temp: 0.010 | MA (100 ep):  242.86
2026-04-15 21:06:51,622 - --- Inizio Evaluation run all'Episodio 500 ---
2026-04-15 21:06:55,204 - *** EVALUATION | Epi: 500 | Mean Reward (50 Run):  230.48 ± 99.95 ***
2026-04-15 21:06:55,204 - --- Fine Evaluation ---
2026-04-15 21:06:55,771 - Episodio: 501/800 | Reward:  288.52 | Temp: 0.010 | MA (100 ep):  243.01
2026-04-15 21:06:56,399 - Episodio: 502/800 | Reward:  282.54 | Temp: 0.010 | MA (100 ep):  242.97
2026-04-15 21:06:57,173 - Episodio: 503/800 | Reward:  302.94 | Temp: 0.010 | MA (100 ep):  245.99
2026-04-15 21:06:58,257 - Episodio: 504/800 | Reward:  256.38 | Temp: 0.010 | MA (100 ep):  245.91
2026-04-15 21:06:58,812 - Episodio: 505/800 | Reward:  282.90 | Temp: 0.010 | MA (100 ep):  246.26
2026-04-15 21:06:59,495 - Episodio: 506/800 | Reward:  282.95 | Temp: 0.010 | MA (100 ep):  246.32
2026-04-15 21:07:02,701 - Episodio: 507/800 | Reward:  188.70 | Temp: 0.010 | MA (100 ep):  245.54
2026-04-15 21:07:03,834 - Episodio: 508/800 | Reward:  165.59 | Temp: 0.010 | MA (100 ep):  244.36
2026-04-15 21:07:05,333 - Episodio: 509/800 | Reward:  188.06 | Temp: 0.010 | MA (100 ep):  243.99
2026-04-15 21:07:05,792 - Episodio: 510/800 | Reward: -153.68 | Temp: 0.010 | MA (100 ep):  239.61
2026-04-15 21:07:06,800 - Episodio: 511/800 | Reward:  242.36 | Temp: 0.010 | MA (100 ep):  239.01
2026-04-15 21:07:07,780 - Episodio: 512/800 | Reward:  258.98 | Temp: 0.010 | MA (100 ep):  238.91
2026-04-15 21:07:08,773 - Episodio: 513/800 | Reward:  298.76 | Temp: 0.010 | MA (100 ep):  239.04
2026-04-15 21:07:10,032 - Episodio: 514/800 | Reward:  250.35 | Temp: 0.010 | MA (100 ep):  238.84
2026-04-15 21:07:10,756 - Episodio: 515/800 | Reward:  257.49 | Temp: 0.010 | MA (100 ep):  238.77
2026-04-15 21:07:11,444 - Episodio: 516/800 | Reward:  291.75 | Temp: 0.010 | MA (100 ep):  238.91
2026-04-15 21:07:12,244 - Episodio: 517/800 | Reward:  300.62 | Temp: 0.010 | MA (100 ep):  239.00
2026-04-15 21:07:12,832 - Episodio: 518/800 | Reward:  248.77 | Temp: 0.010 | MA (100 ep):  238.73
2026-04-15 21:07:13,402 - Episodio: 519/800 | Reward:  277.18 | Temp: 0.010 | MA (100 ep):  241.04
2026-04-15 21:07:13,843 - Episodio: 520/800 | Reward:   51.59 | Temp: 0.010 | MA (100 ep):  238.88
2026-04-15 21:07:14,458 - Episodio: 521/800 | Reward:  283.32 | Temp: 0.010 | MA (100 ep):  238.92
2026-04-15 21:07:16,492 - Episodio: 522/800 | Reward:  277.84 | Temp: 0.010 | MA (100 ep):  239.76
2026-04-15 21:07:17,229 - Episodio: 523/800 | Reward:  277.81 | Temp: 0.010 | MA (100 ep):  239.97
2026-04-15 21:07:17,833 - Episodio: 524/800 | Reward:  286.47 | Temp: 0.010 | MA (100 ep):  239.84
2026-04-15 21:07:19,146 - Episodio: 525/800 | Reward:  228.66 | Temp: 0.010 | MA (100 ep):  239.39
2026-04-15 21:07:19,765 - Episodio: 526/800 | Reward:  273.33 | Temp: 0.010 | MA (100 ep):  239.85
2026-04-15 21:07:21,209 - Episodio: 527/800 | Reward:  164.21 | Temp: 0.010 | MA (100 ep):  238.46
2026-04-15 21:07:21,821 - Episodio: 528/800 | Reward:  289.97 | Temp: 0.010 | MA (100 ep):  238.52
2026-04-15 21:07:22,451 - Episodio: 529/800 | Reward:  270.54 | Temp: 0.010 | MA (100 ep):  238.48
2026-04-15 21:07:23,038 - Episodio: 530/800 | Reward:  274.32 | Temp: 0.010 | MA (100 ep):  238.30
2026-04-15 21:07:24,042 - Episodio: 531/800 | Reward:  287.53 | Temp: 0.010 | MA (100 ep):  238.44
2026-04-15 21:07:24,743 - Episodio: 532/800 | Reward:  278.75 | Temp: 0.010 | MA (100 ep):  238.34
2026-04-15 21:07:25,493 - Episodio: 533/800 | Reward:  305.60 | Temp: 0.010 | MA (100 ep):  238.95
2026-04-15 21:07:26,105 - Episodio: 534/800 | Reward:  269.47 | Temp: 0.010 | MA (100 ep):  238.86
2026-04-15 21:07:26,719 - Episodio: 535/800 | Reward:  252.46 | Temp: 0.010 | MA (100 ep):  238.86
2026-04-15 21:07:27,550 - Episodio: 536/800 | Reward:  309.55 | Temp: 0.010 | MA (100 ep):  241.06
2026-04-15 21:07:28,319 - Episodio: 537/800 | Reward:  287.53 | Temp: 0.010 | MA (100 ep):  241.30
2026-04-15 21:07:28,858 - Episodio: 538/800 | Reward:  284.23 | Temp: 0.010 | MA (100 ep):  242.33
2026-04-15 21:07:29,371 - Episodio: 539/800 | Reward:  258.84 | Temp: 0.010 | MA (100 ep):  242.34
2026-04-15 21:07:30,775 - Episodio: 540/800 | Reward:  252.45 | Temp: 0.010 | MA (100 ep):  245.25
2026-04-15 21:07:31,579 - Episodio: 541/800 | Reward:  267.58 | Temp: 0.010 | MA (100 ep):  245.33
2026-04-15 21:07:32,568 - Episodio: 542/800 | Reward:  256.50 | Temp: 0.010 | MA (100 ep):  245.09
2026-04-15 21:07:33,189 - Episodio: 543/800 | Reward:  281.75 | Temp: 0.010 | MA (100 ep):  245.27
2026-04-15 21:07:34,032 - Episodio: 544/800 | Reward:  293.70 | Temp: 0.010 | MA (100 ep):  245.39
2026-04-15 21:07:34,708 - Episodio: 545/800 | Reward:  288.85 | Temp: 0.010 | MA (100 ep):  245.54
2026-04-15 21:07:35,684 - Episodio: 546/800 | Reward:  318.63 | Temp: 0.010 | MA (100 ep):  246.15
2026-04-15 21:07:36,803 - Episodio: 547/800 | Reward:  274.00 | Temp: 0.010 | MA (100 ep):  245.82
2026-04-15 21:07:37,801 - Episodio: 548/800 | Reward:  313.91 | Temp: 0.010 | MA (100 ep):  246.31
2026-04-15 21:07:39,268 - Episodio: 549/800 | Reward:  228.53 | Temp: 0.010 | MA (100 ep):  245.68
2026-04-15 21:07:39,837 - Episodio: 550/800 | Reward:  252.51 | Temp: 0.010 | MA (100 ep):  245.77
2026-04-15 21:07:39,853 - --- Inizio Evaluation run all'Episodio 550 ---
2026-04-15 21:07:43,445 - *** EVALUATION | Epi: 550 | Mean Reward (50 Run):  260.32 ± 80.65 ***
2026-04-15 21:07:43,445 - --- Fine Evaluation ---
2026-04-15 21:07:44,489 - Episodio: 551/800 | Reward:  257.22 | Temp: 0.010 | MA (100 ep):  246.09
2026-04-15 21:07:45,867 - Episodio: 552/800 | Reward:  137.18 | Temp: 0.010 | MA (100 ep):  244.58
2026-04-15 21:07:46,499 - Episodio: 553/800 | Reward:  286.63 | Temp: 0.010 | MA (100 ep):  244.74
2026-04-15 21:07:47,299 - Episodio: 554/800 | Reward:  269.10 | Temp: 0.010 | MA (100 ep):  247.77
2026-04-15 21:07:48,001 - Episodio: 555/800 | Reward:  297.07 | Temp: 0.010 | MA (100 ep):  247.82
2026-04-15 21:07:49,054 - Episodio: 556/800 | Reward:  265.22 | Temp: 0.010 | MA (100 ep):  247.65
2026-04-15 21:07:50,288 - Episodio: 557/800 | Reward:  299.96 | Temp: 0.010 | MA (100 ep):  250.21
2026-04-15 21:07:51,060 - Episodio: 558/800 | Reward:  292.67 | Temp: 0.010 | MA (100 ep):  250.26
2026-04-15 21:07:51,482 - Episodio: 559/800 | Reward:   48.15 | Temp: 0.010 | MA (100 ep):  247.60
2026-04-15 21:07:52,127 - Episodio: 560/800 | Reward:  274.79 | Temp: 0.010 | MA (100 ep):  247.68
2026-04-15 21:07:53,582 - Episodio: 561/800 | Reward:  199.29 | Temp: 0.010 | MA (100 ep):  246.58
2026-04-15 21:07:54,168 - Episodio: 562/800 | Reward:  290.88 | Temp: 0.010 | MA (100 ep):  246.50
2026-04-15 21:07:54,859 - Episodio: 563/800 | Reward:  286.08 | Temp: 0.010 | MA (100 ep):  246.26
2026-04-15 21:07:56,905 - Episodio: 564/800 | Reward:  175.31 | Temp: 0.010 | MA (100 ep):  245.08
2026-04-15 21:07:57,576 - Episodio: 565/800 | Reward:  248.10 | Temp: 0.010 | MA (100 ep):  246.05
2026-04-15 21:07:58,361 - Episodio: 566/800 | Reward:  251.37 | Temp: 0.010 | MA (100 ep):  248.01
2026-04-15 21:07:58,995 - Episodio: 567/800 | Reward:  297.91 | Temp: 0.010 | MA (100 ep):  248.28
2026-04-15 21:07:59,921 - Episodio: 568/800 | Reward:  269.07 | Temp: 0.010 | MA (100 ep):  247.92
2026-04-15 21:08:00,341 - Episodio: 569/800 | Reward:   62.06 | Temp: 0.010 | MA (100 ep):  245.33
2026-04-15 21:08:01,241 - Episodio: 570/800 | Reward:  282.47 | Temp: 0.010 | MA (100 ep):  245.29
2026-04-15 21:08:02,070 - Episodio: 571/800 | Reward:  265.46 | Temp: 0.010 | MA (100 ep):  245.03
2026-04-15 21:08:03,047 - Episodio: 572/800 | Reward:  272.04 | Temp: 0.010 | MA (100 ep):  244.91
2026-04-15 21:08:03,684 - Episodio: 573/800 | Reward:  286.44 | Temp: 0.010 | MA (100 ep):  245.15
2026-04-15 21:08:04,323 - Episodio: 574/800 | Reward:  285.88 | Temp: 0.010 | MA (100 ep):  245.56
2026-04-15 21:08:05,088 - Episodio: 575/800 | Reward:  265.11 | Temp: 0.010 | MA (100 ep):  245.43
2026-04-15 21:08:05,981 - Episodio: 576/800 | Reward:  265.76 | Temp: 0.010 | MA (100 ep):  245.12
2026-04-15 21:08:06,802 - Episodio: 577/800 | Reward:  291.81 | Temp: 0.010 | MA (100 ep):  245.11
2026-04-15 21:08:07,465 - Episodio: 578/800 | Reward:  279.04 | Temp: 0.010 | MA (100 ep):  245.04
2026-04-15 21:08:08,214 - Episodio: 579/800 | Reward:  256.74 | Temp: 0.010 | MA (100 ep):  244.68
2026-04-15 21:08:08,859 - Episodio: 580/800 | Reward:  266.79 | Temp: 0.010 | MA (100 ep):  244.66
2026-04-15 21:08:09,617 - Episodio: 581/800 | Reward:  287.82 | Temp: 0.010 | MA (100 ep):  244.75
2026-04-15 21:08:10,582 - Episodio: 582/800 | Reward:  259.68 | Temp: 0.010 | MA (100 ep):  245.84
2026-04-15 21:08:11,056 - Episodio: 583/800 | Reward:    1.69 | Temp: 0.010 | MA (100 ep):  243.39
2026-04-15 21:08:12,885 - Episodio: 584/800 | Reward: -185.86 | Temp: 0.010 | MA (100 ep):  238.80
2026-04-15 21:08:13,774 - Episodio: 585/800 | Reward:  278.86 | Temp: 0.010 | MA (100 ep):  238.86
2026-04-15 21:08:14,149 - Episodio: 586/800 | Reward:   26.40 | Temp: 0.010 | MA (100 ep):  236.63
2026-04-15 21:08:16,623 - Episodio: 587/800 | Reward:  162.72 | Temp: 0.010 | MA (100 ep):  235.46
2026-04-15 21:08:18,325 - Episodio: 588/800 | Reward:  215.23 | Temp: 0.010 | MA (100 ep):  234.95
2026-04-15 21:08:19,080 - Episodio: 589/800 | Reward:  276.78 | Temp: 0.010 | MA (100 ep):  235.20
2026-04-15 21:08:19,563 - Episodio: 590/800 | Reward:   61.71 | Temp: 0.010 | MA (100 ep):  235.53
2026-04-15 21:08:20,469 - Episodio: 591/800 | Reward:  297.18 | Temp: 0.010 | MA (100 ep):  235.86
2026-04-15 21:08:21,621 - Episodio: 592/800 | Reward:  243.71 | Temp: 0.010 | MA (100 ep):  235.51
2026-04-15 21:08:22,440 - Episodio: 593/800 | Reward:  271.24 | Temp: 0.010 | MA (100 ep):  235.06
2026-04-15 21:08:22,835 - Episodio: 594/800 | Reward:   19.20 | Temp: 0.010 | MA (100 ep):  232.69
2026-04-15 21:08:23,578 - Episodio: 595/800 | Reward:  251.35 | Temp: 0.010 | MA (100 ep):  234.69
2026-04-15 21:08:24,165 - Episodio: 596/800 | Reward:   59.02 | Temp: 0.010 | MA (100 ep):  233.18
2026-04-15 21:08:25,004 - Episodio: 597/800 | Reward:  252.79 | Temp: 0.010 | MA (100 ep):  237.94
2026-04-15 21:08:25,995 - Episodio: 598/800 | Reward:  273.44 | Temp: 0.010 | MA (100 ep):  238.33
2026-04-15 21:08:26,714 - Episodio: 599/800 | Reward:  291.29 | Temp: 0.010 | MA (100 ep):  238.81
2026-04-15 21:08:27,573 - Episodio: 600/800 | Reward:  273.85 | Temp: 0.010 | MA (100 ep):  238.95
2026-04-15 21:08:27,573 - --- Inizio Evaluation run all'Episodio 600 ---
2026-04-15 21:08:30,495 - *** EVALUATION | Epi: 600 | Mean Reward (50 Run):  162.00 ± 115.28 ***
2026-04-15 21:08:30,495 - --- Fine Evaluation ---
2026-04-15 21:08:31,158 - Episodio: 601/800 | Reward:  255.83 | Temp: 0.010 | MA (100 ep):  238.63
2026-04-15 21:08:31,877 - Episodio: 602/800 | Reward:  233.61 | Temp: 0.010 | MA (100 ep):  238.14
2026-04-15 21:08:32,292 - Episodio: 603/800 | Reward:   39.24 | Temp: 0.010 | MA (100 ep):  235.50
2026-04-15 21:08:32,812 - Episodio: 604/800 | Reward:  269.42 | Temp: 0.010 | MA (100 ep):  235.63
2026-04-15 21:08:33,655 - Episodio: 605/800 | Reward:  243.97 | Temp: 0.010 | MA (100 ep):  235.24
2026-04-15 21:08:34,437 - Episodio: 606/800 | Reward:  300.92 | Temp: 0.010 | MA (100 ep):  235.42
2026-04-15 21:08:38,019 - Episodio: 607/800 | Reward:  149.86 | Temp: 0.010 | MA (100 ep):  235.03
2026-04-15 21:08:38,828 - Episodio: 608/800 | Reward:  320.35 | Temp: 0.010 | MA (100 ep):  236.58
2026-04-15 21:08:39,679 - Episodio: 609/800 | Reward:  280.94 | Temp: 0.010 | MA (100 ep):  237.51
2026-04-15 21:08:40,309 - Episodio: 610/800 | Reward:  245.78 | Temp: 0.010 | MA (100 ep):  241.50
2026-04-15 21:08:41,101 - Episodio: 611/800 | Reward:  258.41 | Temp: 0.010 | MA (100 ep):  241.66
2026-04-15 21:08:41,521 - Episodio: 612/800 | Reward:   36.88 | Temp: 0.010 | MA (100 ep):  239.44
2026-04-15 21:08:42,682 - Episodio: 613/800 | Reward:  199.16 | Temp: 0.010 | MA (100 ep):  238.45
2026-04-15 21:08:43,250 - Episodio: 614/800 | Reward:  294.97 | Temp: 0.010 | MA (100 ep):  238.89
2026-04-15 21:08:43,892 - Episodio: 615/800 | Reward:  271.83 | Temp: 0.010 | MA (100 ep):  239.04
2026-04-15 21:08:44,682 - Episodio: 616/800 | Reward:  226.67 | Temp: 0.010 | MA (100 ep):  238.39
2026-04-15 21:08:45,361 - Episodio: 617/800 | Reward:  290.10 | Temp: 0.010 | MA (100 ep):  238.28
2026-04-15 21:08:46,192 - Episodio: 618/800 | Reward:  277.79 | Temp: 0.010 | MA (100 ep):  238.57
2026-04-15 21:08:46,892 - Episodio: 619/800 | Reward:  263.01 | Temp: 0.010 | MA (100 ep):  238.43
2026-04-15 21:08:47,439 - Episodio: 620/800 | Reward:  236.37 | Temp: 0.010 | MA (100 ep):  240.28
2026-04-15 21:08:48,660 - Episodio: 621/800 | Reward:  156.30 | Temp: 0.010 | MA (100 ep):  239.01
2026-04-15 21:08:49,461 - Episodio: 622/800 | Reward:  267.37 | Temp: 0.010 | MA (100 ep):  238.90
2026-04-15 21:08:50,170 - Episodio: 623/800 | Reward:  305.83 | Temp: 0.010 | MA (100 ep):  239.18
2026-04-15 21:08:51,152 - Episodio: 624/800 | Reward:  236.78 | Temp: 0.010 | MA (100 ep):  238.69
2026-04-15 21:08:52,975 - Episodio: 625/800 | Reward:  232.88 | Temp: 0.010 | MA (100 ep):  238.73
2026-04-15 21:08:53,456 - Episodio: 626/800 | Reward:   46.45 | Temp: 0.010 | MA (100 ep):  236.46
2026-04-15 21:08:54,002 - Episodio: 627/800 | Reward:   50.31 | Temp: 0.010 | MA (100 ep):  235.32
2026-04-15 21:08:54,791 - Episodio: 628/800 | Reward:  274.02 | Temp: 0.010 | MA (100 ep):  235.16
2026-04-15 21:08:55,027 - Episodio: 629/800 | Reward:  -27.28 | Temp: 0.010 | MA (100 ep):  232.18
2026-04-15 21:08:55,468 - Episodio: 630/800 | Reward:    7.54 | Temp: 0.010 | MA (100 ep):  229.51
2026-04-15 21:08:56,067 - Episodio: 631/800 | Reward:  255.25 | Temp: 0.010 | MA (100 ep):  229.19
2026-04-15 21:08:56,874 - Episodio: 632/800 | Reward:  271.83 | Temp: 0.010 | MA (100 ep):  229.12
2026-04-15 21:08:57,466 - Episodio: 633/800 | Reward:  289.70 | Temp: 0.010 | MA (100 ep):  228.96
2026-04-15 21:08:58,182 - Episodio: 634/800 | Reward:  304.78 | Temp: 0.010 | MA (100 ep):  229.32
2026-04-15 21:08:59,033 - Episodio: 635/800 | Reward:  319.25 | Temp: 0.010 | MA (100 ep):  229.98
2026-04-15 21:08:59,680 - Episodio: 636/800 | Reward:  251.24 | Temp: 0.010 | MA (100 ep):  229.40
2026-04-15 21:09:00,113 - Episodio: 637/800 | Reward:   16.35 | Temp: 0.010 | MA (100 ep):  226.69
2026-04-15 21:09:00,764 - Episodio: 638/800 | Reward:  228.73 | Temp: 0.010 | MA (100 ep):  226.13
2026-04-15 21:09:01,412 - Episodio: 639/800 | Reward:  270.01 | Temp: 0.010 | MA (100 ep):  226.25
2026-04-15 21:09:02,256 - Episodio: 640/800 | Reward:  292.18 | Temp: 0.010 | MA (100 ep):  226.64
2026-04-15 21:09:03,985 - Episodio: 641/800 | Reward:  166.93 | Temp: 0.010 | MA (100 ep):  225.64
2026-04-15 21:09:04,222 - Episodio: 642/800 | Reward:  -45.58 | Temp: 0.010 | MA (100 ep):  222.62
2026-04-15 21:09:04,728 - Episodio: 643/800 | Reward:   45.40 | Temp: 0.010 | MA (100 ep):  220.25
2026-04-15 21:09:05,036 - Episodio: 644/800 | Reward:    3.54 | Temp: 0.010 | MA (100 ep):  217.35
2026-04-15 21:09:05,500 - Episodio: 645/800 | Reward:   51.37 | Temp: 0.010 | MA (100 ep):  214.98
2026-04-15 21:09:06,210 - Episodio: 646/800 | Reward:  293.99 | Temp: 0.010 | MA (100 ep):  214.73
2026-04-15 21:09:07,485 - Episodio: 647/800 | Reward:  156.24 | Temp: 0.010 | MA (100 ep):  213.55
2026-04-15 21:09:08,044 - Episodio: 648/800 | Reward:   22.27 | Temp: 0.010 | MA (100 ep):  210.64
2026-04-15 21:09:09,544 - Episodio: 649/800 | Reward:  155.44 | Temp: 0.010 | MA (100 ep):  209.90
2026-04-15 21:09:09,925 - Episodio: 650/800 | Reward:   39.99 | Temp: 0.010 | MA (100 ep):  207.78
2026-04-15 21:09:09,925 - --- Inizio Evaluation run all'Episodio 650 ---
2026-04-15 21:09:13,337 - *** EVALUATION | Epi: 650 | Mean Reward (50 Run):  170.70 ± 130.08 ***
2026-04-15 21:09:13,339 - --- Fine Evaluation ---
2026-04-15 21:09:13,803 - Episodio: 651/800 | Reward:   26.11 | Temp: 0.010 | MA (100 ep):  205.47
2026-04-15 21:09:14,156 - Episodio: 652/800 | Reward:   18.71 | Temp: 0.010 | MA (100 ep):  204.28
2026-04-15 21:09:14,613 - Episodio: 653/800 | Reward:   64.02 | Temp: 0.010 | MA (100 ep):  202.06
2026-04-15 21:09:15,308 - Episodio: 654/800 | Reward:  280.52 | Temp: 0.010 | MA (100 ep):  202.17
2026-04-15 21:09:15,873 - Episodio: 655/800 | Reward:   66.02 | Temp: 0.010 | MA (100 ep):  199.86
2026-04-15 21:09:16,120 - Episodio: 656/800 | Reward:  -29.24 | Temp: 0.010 | MA (100 ep):  196.92
2026-04-15 21:09:16,420 - Episodio: 657/800 | Reward:  -67.07 | Temp: 0.010 | MA (100 ep):  193.25
2026-04-15 21:09:17,148 - Episodio: 658/800 | Reward:  295.64 | Temp: 0.010 | MA (100 ep):  193.28
2026-04-15 21:09:17,650 - Episodio: 659/800 | Reward:   38.31 | Temp: 0.010 | MA (100 ep):  193.18
2026-04-15 21:09:18,611 - Episodio: 660/800 | Reward:  199.99 | Temp: 0.010 | MA (100 ep):  192.43
2026-04-15 21:09:19,205 - Episodio: 661/800 | Reward:  241.42 | Temp: 0.010 | MA (100 ep):  192.85
2026-04-15 21:09:19,974 - Episodio: 662/800 | Reward:  273.74 | Temp: 0.010 | MA (100 ep):  192.68
2026-04-15 21:09:20,554 - Episodio: 663/800 | Reward:   28.10 | Temp: 0.010 | MA (100 ep):  190.10
2026-04-15 21:09:20,950 - Episodio: 664/800 | Reward:   38.20 | Temp: 0.010 | MA (100 ep):  188.73
2026-04-15 21:09:21,365 - Episodio: 665/800 | Reward:   33.11 | Temp: 0.010 | MA (100 ep):  186.58
2026-04-15 21:09:21,661 - Episodio: 666/800 | Reward:   22.74 | Temp: 0.010 | MA (100 ep):  184.29
2026-04-15 21:09:22,135 - Episodio: 667/800 | Reward:   44.96 | Temp: 0.010 | MA (100 ep):  181.76
2026-04-15 21:09:22,482 - Episodio: 668/800 | Reward:    9.62 | Temp: 0.010 | MA (100 ep):  179.17
2026-04-15 21:09:26,083 - Episodio: 669/800 | Reward:  160.07 | Temp: 0.010 | MA (100 ep):  180.15
2026-04-15 21:09:27,568 - Episodio: 670/800 | Reward:  252.28 | Temp: 0.010 | MA (100 ep):  179.85
2026-04-15 21:09:28,322 - Episodio: 671/800 | Reward:  272.18 | Temp: 0.010 | MA (100 ep):  179.91
2026-04-15 21:09:28,748 - Episodio: 672/800 | Reward:   10.09 | Temp: 0.010 | MA (100 ep):  177.29
2026-04-15 21:09:29,189 - Episodio: 673/800 | Reward:   33.47 | Temp: 0.010 | MA (100 ep):  174.76
2026-04-15 21:09:29,583 - Episodio: 674/800 | Reward:   23.04 | Temp: 0.010 | MA (100 ep):  172.14
2026-04-15 21:09:30,095 - Episodio: 675/800 | Reward:  281.73 | Temp: 0.010 | MA (100 ep):  172.30
2026-04-15 21:09:31,079 - Episodio: 676/800 | Reward:  233.12 | Temp: 0.010 | MA (100 ep):  171.98
2026-04-15 21:09:31,504 - Episodio: 677/800 | Reward:   50.55 | Temp: 0.010 | MA (100 ep):  169.56
2026-04-15 21:09:32,342 - Episodio: 678/800 | Reward:  251.14 | Temp: 0.010 | MA (100 ep):  169.28
2026-04-15 21:09:33,229 - Episodio: 679/800 | Reward:  289.40 | Temp: 0.010 | MA (100 ep):  169.61
2026-04-15 21:09:33,907 - Episodio: 680/800 | Reward:  255.19 | Temp: 0.010 | MA (100 ep):  169.49
2026-04-15 21:09:34,526 - Episodio: 681/800 | Reward:  296.78 | Temp: 0.010 | MA (100 ep):  169.58
2026-04-15 21:09:35,216 - Episodio: 682/800 | Reward:  252.04 | Temp: 0.010 | MA (100 ep):  169.51
2026-04-15 21:09:36,026 - Episodio: 683/800 | Reward:  277.77 | Temp: 0.010 | MA (100 ep):  172.27
2026-04-15 21:09:36,709 - Episodio: 684/800 | Reward:  275.10 | Temp: 0.010 | MA (100 ep):  176.88
2026-04-15 21:09:37,367 - Episodio: 685/800 | Reward:  243.74 | Temp: 0.010 | MA (100 ep):  176.53
2026-04-15 21:09:38,080 - Episodio: 686/800 | Reward:  248.85 | Temp: 0.010 | MA (100 ep):  178.75
2026-04-15 21:09:38,732 - Episodio: 687/800 | Reward:  264.73 | Temp: 0.010 | MA (100 ep):  179.77
2026-04-15 21:09:39,155 - Episodio: 688/800 | Reward:   27.74 | Temp: 0.010 | MA (100 ep):  177.90
2026-04-15 21:09:39,749 - Episodio: 689/800 | Reward:  239.33 | Temp: 0.010 | MA (100 ep):  177.52
2026-04-15 21:09:40,412 - Episodio: 690/800 | Reward:  277.87 | Temp: 0.010 | MA (100 ep):  179.68
2026-04-15 21:09:41,096 - Episodio: 691/800 | Reward:  263.43 | Temp: 0.010 | MA (100 ep):  179.35
2026-04-15 21:09:41,881 - Episodio: 692/800 | Reward:  272.29 | Temp: 0.010 | MA (100 ep):  179.63
2026-04-15 21:09:42,638 - Episodio: 693/800 | Reward:  259.98 | Temp: 0.010 | MA (100 ep):  179.52
2026-04-15 21:09:43,379 - Episodio: 694/800 | Reward:  270.49 | Temp: 0.010 | MA (100 ep):  182.03
2026-04-15 21:09:43,836 - Episodio: 695/800 | Reward:  270.27 | Temp: 0.010 | MA (100 ep):  182.22
2026-04-15 21:09:44,340 - Episodio: 696/800 | Reward:   68.66 | Temp: 0.010 | MA (100 ep):  182.32
2026-04-15 21:09:45,521 - Episodio: 697/800 | Reward:  250.37 | Temp: 0.010 | MA (100 ep):  182.29
2026-04-15 21:09:46,104 - Episodio: 698/800 | Reward:  298.33 | Temp: 0.010 | MA (100 ep):  182.54
2026-04-15 21:09:46,624 - Episodio: 699/800 | Reward:   12.90 | Temp: 0.010 | MA (100 ep):  179.76
2026-04-15 21:09:47,374 - Episodio: 700/800 | Reward:  275.37 | Temp: 0.010 | MA (100 ep):  179.77
2026-04-15 21:09:47,374 - --- Inizio Evaluation run all'Episodio 700 ---
2026-04-15 21:09:50,225 - *** EVALUATION | Epi: 700 | Mean Reward (50 Run):  116.82 ± 134.54 ***
2026-04-15 21:09:50,225 - --- Fine Evaluation ---
2026-04-15 21:09:50,559 - Episodio: 701/800 | Reward:  -54.20 | Temp: 0.010 | MA (100 ep):  176.67
2026-04-15 21:09:51,355 - Episodio: 702/800 | Reward:  285.78 | Temp: 0.010 | MA (100 ep):  177.20
2026-04-15 21:09:51,940 - Episodio: 703/800 | Reward:  270.53 | Temp: 0.010 | MA (100 ep):  179.51
2026-04-15 21:09:52,287 - Episodio: 704/800 | Reward:   -8.75 | Temp: 0.010 | MA (100 ep):  176.73
2026-04-15 21:09:53,077 - Episodio: 705/800 | Reward:  271.82 | Temp: 0.010 | MA (100 ep):  177.01
2026-04-15 21:09:56,638 - Episodio: 706/800 | Reward:  150.29 | Temp: 0.010 | MA (100 ep):  175.50
2026-04-15 21:09:57,931 - Episodio: 707/800 | Reward:  136.70 | Temp: 0.010 | MA (100 ep):  175.37
2026-04-15 21:09:58,637 - Episodio: 708/800 | Reward:  237.15 | Temp: 0.010 | MA (100 ep):  174.54
2026-04-15 21:09:59,933 - Episodio: 709/800 | Reward:  149.87 | Temp: 0.010 | MA (100 ep):  173.22
2026-04-15 21:10:00,316 - Episodio: 710/800 | Reward:  -77.16 | Temp: 0.010 | MA (100 ep):  170.00
2026-04-15 21:10:01,142 - Episodio: 711/800 | Reward:  289.64 | Temp: 0.010 | MA (100 ep):  170.31
2026-04-15 21:10:01,745 - Episodio: 712/800 | Reward:  265.88 | Temp: 0.010 | MA (100 ep):  172.60
2026-04-15 21:10:02,177 - Episodio: 713/800 | Reward:   38.88 | Temp: 0.010 | MA (100 ep):  170.99
2026-04-15 21:10:02,930 - Episodio: 714/800 | Reward:  257.53 | Temp: 0.010 | MA (100 ep):  170.62
2026-04-15 21:10:03,649 - Episodio: 715/800 | Reward:  256.87 | Temp: 0.010 | MA (100 ep):  170.47
2026-04-15 21:10:04,255 - Episodio: 716/800 | Reward:  290.85 | Temp: 0.010 | MA (100 ep):  171.11
2026-04-15 21:10:04,729 - Episodio: 717/800 | Reward:   25.03 | Temp: 0.010 | MA (100 ep):  168.46
2026-04-15 21:10:07,055 - Episodio: 718/800 | Reward:  174.94 | Temp: 0.010 | MA (100 ep):  167.43
2026-04-15 21:10:07,719 - Episodio: 719/800 | Reward:  257.71 | Temp: 0.010 | MA (100 ep):  167.38
2026-04-15 21:10:08,057 - Episodio: 720/800 | Reward:   67.75 | Temp: 0.010 | MA (100 ep):  165.69
2026-04-15 21:10:08,740 - Episodio: 721/800 | Reward:  279.45 | Temp: 0.010 | MA (100 ep):  166.93
2026-04-15 21:10:09,287 - Episodio: 722/800 | Reward:  242.19 | Temp: 0.010 | MA (100 ep):  166.67
2026-04-15 21:10:09,586 - Episodio: 723/800 | Reward:  -34.79 | Temp: 0.010 | MA (100 ep):  163.27
2026-04-15 21:10:10,206 - Episodio: 724/800 | Reward:  258.82 | Temp: 0.010 | MA (100 ep):  163.49
2026-04-15 21:10:10,985 - Episodio: 725/800 | Reward:  291.85 | Temp: 0.010 | MA (100 ep):  164.08
2026-04-15 21:10:11,556 - Episodio: 726/800 | Reward:  256.15 | Temp: 0.010 | MA (100 ep):  166.17
2026-04-15 21:10:13,093 - Episodio: 727/800 | Reward:  278.86 | Temp: 0.010 | MA (100 ep):  168.46
2026-04-15 21:10:13,448 - Episodio: 728/800 | Reward:  -87.28 | Temp: 0.010 | MA (100 ep):  164.85
2026-04-15 21:10:13,747 - Episodio: 729/800 | Reward:   21.14 | Temp: 0.010 | MA (100 ep):  165.33
2026-04-15 21:10:14,281 - Episodio: 730/800 | Reward:   22.35 | Temp: 0.010 | MA (100 ep):  165.48
2026-04-15 21:10:14,944 - Episodio: 731/800 | Reward:  285.08 | Temp: 0.010 | MA (100 ep):  165.78
2026-04-15 21:10:15,483 - Episodio: 732/800 | Reward:  293.74 | Temp: 0.010 | MA (100 ep):  166.00
2026-04-15 21:10:16,215 - Episodio: 733/800 | Reward:  275.54 | Temp: 0.010 | MA (100 ep):  165.86
2026-04-15 21:10:16,987 - Episodio: 734/800 | Reward:  281.01 | Temp: 0.010 | MA (100 ep):  165.62
2026-04-15 21:10:17,868 - Episodio: 735/800 | Reward:  274.08 | Temp: 0.010 | MA (100 ep):  165.17
2026-04-15 21:10:18,354 - Episodio: 736/800 | Reward:   21.13 | Temp: 0.010 | MA (100 ep):  162.86
2026-04-15 21:10:19,970 - Episodio: 737/800 | Reward:  131.36 | Temp: 0.010 | MA (100 ep):  164.01
2026-04-15 21:10:20,599 - Episodio: 738/800 | Reward:  267.21 | Temp: 0.010 | MA (100 ep):  164.40
2026-04-15 21:10:21,352 - Episodio: 739/800 | Reward:  272.22 | Temp: 0.010 | MA (100 ep):  164.42
2026-04-15 21:10:21,704 - Episodio: 740/800 | Reward:  -76.09 | Temp: 0.010 | MA (100 ep):  160.74
2026-04-15 21:10:22,291 - Episodio: 741/800 | Reward:  224.72 | Temp: 0.010 | MA (100 ep):  161.32
2026-04-15 21:10:22,949 - Episodio: 742/800 | Reward:  251.09 | Temp: 0.010 | MA (100 ep):  164.28
2026-04-15 21:10:23,721 - Episodio: 743/800 | Reward:  273.82 | Temp: 0.010 | MA (100 ep):  166.57
2026-04-15 21:10:24,296 - Episodio: 744/800 | Reward:  241.05 | Temp: 0.010 | MA (100 ep):  168.94
2026-04-15 21:10:26,764 - Episodio: 745/800 | Reward:  136.94 | Temp: 0.010 | MA (100 ep):  169.80
2026-04-15 21:10:27,422 - Episodio: 746/800 | Reward:  276.56 | Temp: 0.010 | MA (100 ep):  169.62
2026-04-15 21:10:27,911 - Episodio: 747/800 | Reward:  247.87 | Temp: 0.010 | MA (100 ep):  170.54
2026-04-15 21:10:28,269 - Episodio: 748/800 | Reward:  -14.09 | Temp: 0.010 | MA (100 ep):  170.18
2026-04-15 21:10:28,929 - Episodio: 749/800 | Reward:  262.43 | Temp: 0.010 | MA (100 ep):  171.25
2026-04-15 21:10:29,539 - Episodio: 750/800 | Reward:  304.21 | Temp: 0.010 | MA (100 ep):  173.89
2026-04-15 21:10:29,539 - --- Inizio Evaluation run all'Episodio 750 ---
2026-04-15 21:10:32,994 - *** EVALUATION | Epi: 750 | Mean Reward (50 Run):  256.68 ± 60.72 ***
2026-04-15 21:10:32,994 - --- Fine Evaluation ---
2026-04-15 21:10:33,709 - Episodio: 751/800 | Reward:  277.85 | Temp: 0.010 | MA (100 ep):  176.41
2026-04-15 21:10:34,449 - Episodio: 752/800 | Reward:  299.33 | Temp: 0.010 | MA (100 ep):  179.21
2026-04-15 21:10:35,155 - Episodio: 753/800 | Reward:  284.00 | Temp: 0.010 | MA (100 ep):  181.41
2026-04-15 21:10:35,459 - Episodio: 754/800 | Reward:   48.59 | Temp: 0.010 | MA (100 ep):  179.09
2026-04-15 21:10:36,097 - Episodio: 755/800 | Reward:  254.97 | Temp: 0.010 | MA (100 ep):  180.98
2026-04-15 21:10:36,521 - Episodio: 756/800 | Reward:   48.43 | Temp: 0.010 | MA (100 ep):  181.76
2026-04-15 21:10:37,034 - Episodio: 757/800 | Reward:   52.95 | Temp: 0.010 | MA (100 ep):  182.96
2026-04-15 21:10:37,727 - Episodio: 758/800 | Reward:  258.27 | Temp: 0.010 | MA (100 ep):  182.59
2026-04-15 21:10:38,373 - Episodio: 759/800 | Reward:  267.69 | Temp: 0.010 | MA (100 ep):  184.88
2026-04-15 21:10:38,975 - Episodio: 760/800 | Reward:   67.87 | Temp: 0.010 | MA (100 ep):  183.56
2026-04-15 21:10:39,808 - Episodio: 761/800 | Reward:  300.40 | Temp: 0.010 | MA (100 ep):  184.15
2026-04-15 21:10:42,352 - Episodio: 762/800 | Reward:  217.75 | Temp: 0.010 | MA (100 ep):  183.59
2026-04-15 21:10:42,739 - Episodio: 763/800 | Reward:   10.03 | Temp: 0.010 | MA (100 ep):  183.41
2026-04-15 21:10:43,249 - Episodio: 764/800 | Reward:   43.10 | Temp: 0.010 | MA (100 ep):  183.46
2026-04-15 21:10:43,628 - Episodio: 765/800 | Reward:   44.03 | Temp: 0.010 | MA (100 ep):  183.57
2026-04-15 21:10:44,411 - Episodio: 766/800 | Reward:  269.70 | Temp: 0.010 | MA (100 ep):  186.04
2026-04-15 21:10:44,993 - Episodio: 767/800 | Reward:  270.89 | Temp: 0.010 | MA (100 ep):  188.29
2026-04-15 21:10:45,713 - Episodio: 768/800 | Reward:  238.32 | Temp: 0.010 | MA (100 ep):  190.58
2026-04-15 21:10:46,231 - Episodio: 769/800 | Reward:  285.70 | Temp: 0.010 | MA (100 ep):  191.84
2026-04-15 21:10:47,064 - Episodio: 770/800 | Reward:  260.04 | Temp: 0.010 | MA (100 ep):  191.92
2026-04-15 21:10:47,655 - Episodio: 771/800 | Reward:  287.66 | Temp: 0.010 | MA (100 ep):  192.07
2026-04-15 21:10:48,264 - Episodio: 772/800 | Reward:  283.02 | Temp: 0.010 | MA (100 ep):  194.80
2026-04-15 21:10:48,818 - Episodio: 773/800 | Reward:   42.79 | Temp: 0.010 | MA (100 ep):  194.89
2026-04-15 21:10:49,448 - Episodio: 774/800 | Reward:  261.48 | Temp: 0.010 | MA (100 ep):  197.28
2026-04-15 21:10:49,950 - Episodio: 775/800 | Reward:   19.65 | Temp: 0.010 | MA (100 ep):  194.66
2026-04-15 21:10:50,380 - Episodio: 776/800 | Reward:   41.36 | Temp: 0.010 | MA (100 ep):  192.74
2026-04-15 21:10:50,778 - Episodio: 777/800 | Reward: -378.61 | Temp: 0.010 | MA (100 ep):  188.45
2026-04-15 21:10:51,468 - Episodio: 778/800 | Reward:  254.56 | Temp: 0.010 | MA (100 ep):  188.48
2026-04-15 21:10:52,212 - Episodio: 779/800 | Reward:  262.18 | Temp: 0.010 | MA (100 ep):  188.21
2026-04-15 21:10:52,796 - Episodio: 780/800 | Reward:  296.85 | Temp: 0.010 | MA (100 ep):  188.63
2026-04-15 21:10:53,413 - Episodio: 781/800 | Reward:  281.14 | Temp: 0.010 | MA (100 ep):  188.47
2026-04-15 21:10:54,013 - Episodio: 782/800 | Reward:  266.25 | Temp: 0.010 | MA (100 ep):  188.61
2026-04-15 21:10:55,019 - Episodio: 783/800 | Reward:  306.91 | Temp: 0.010 | MA (100 ep):  188.90
2026-04-15 21:10:55,754 - Episodio: 784/800 | Reward:  258.73 | Temp: 0.010 | MA (100 ep):  188.74
2026-04-15 21:10:56,429 - Episodio: 785/800 | Reward:  274.04 | Temp: 0.010 | MA (100 ep):  189.04
2026-04-15 21:10:57,101 - Episodio: 786/800 | Reward:  276.96 | Temp: 0.010 | MA (100 ep):  189.32
2026-04-15 21:10:57,542 - Episodio: 787/800 | Reward:   28.27 | Temp: 0.010 | MA (100 ep):  186.96
2026-04-15 21:10:58,205 - Episodio: 788/800 | Reward:  268.57 | Temp: 0.010 | MA (100 ep):  189.37
2026-04-15 21:10:58,743 - Episodio: 789/800 | Reward:  285.98 | Temp: 0.010 | MA (100 ep):  189.83
2026-04-15 21:10:59,426 - Episodio: 790/800 | Reward:  273.72 | Temp: 0.010 | MA (100 ep):  189.79
2026-04-15 21:10:59,819 - Episodio: 791/800 | Reward:  -16.54 | Temp: 0.010 | MA (100 ep):  186.99
2026-04-15 21:11:00,782 - Episodio: 792/800 | Reward:  288.40 | Temp: 0.010 | MA (100 ep):  187.15
2026-04-15 21:11:01,209 - Episodio: 793/800 | Reward:   31.58 | Temp: 0.010 | MA (100 ep):  184.87
2026-04-15 21:11:02,103 - Episodio: 794/800 | Reward:  257.12 | Temp: 0.010 | MA (100 ep):  184.74
2026-04-15 21:11:03,022 - Episodio: 795/800 | Reward:  303.45 | Temp: 0.010 | MA (100 ep):  185.07
2026-04-15 21:11:03,672 - Episodio: 796/800 | Reward:  302.04 | Temp: 0.010 | MA (100 ep):  187.40
2026-04-15 21:11:04,345 - Episodio: 797/800 | Reward:  287.65 | Temp: 0.010 | MA (100 ep):  187.77
2026-04-15 21:11:04,882 - Episodio: 798/800 | Reward:  278.01 | Temp: 0.010 | MA (100 ep):  187.57
2026-04-15 21:11:05,708 - Episodio: 799/800 | Reward:  274.72 | Temp: 0.010 | MA (100 ep):  190.19
2026-04-15 21:11:06,443 - Episodio: 800/800 | Reward:  308.30 | Temp: 0.010 | MA (100 ep):  190.52
2026-04-15 21:11:06,443 - --- Inizio Evaluation run all'Episodio 800 ---
2026-04-15 21:11:09,990 - *** EVALUATION | Epi: 800 | Mean Reward (50 Run):  241.81 ± 87.52 ***
2026-04-15 21:11:09,990 - --- Fine Evaluation ---
2026-04-15 21:11:09,992 - Model run 5 saved in temp/model_q_learning_run5_20260415_193906.pth.
2026-04-15 21:11:10,429 - Plot saved in: temp/reward_plot_q_learning_20260415_193906.png
2026-04-15 21:11:10,445 - Training completed for q_learning with 5 runs. Final plot saved in temp/reward_plot_q_learning_20260415_193906.png.
