2026-04-15 12:40:55,948 - Starting training con Algoritmo: expected_sarsa
2026-04-15 12:40:56,868 - ========== INIZIO RUN 1/5 ==========
2026-04-15 12:40:58,610 - Episodio: 001/800 | Reward:  -95.14 | Temp: 0.992 | MA (100 ep):  -95.14
2026-04-15 12:40:58,921 - Episodio: 002/800 | Reward: -151.38 | Temp: 0.984 | MA (100 ep): -123.26
2026-04-15 12:40:59,522 - Episodio: 003/800 | Reward: -361.96 | Temp: 0.976 | MA (100 ep): -202.82
2026-04-15 12:41:00,075 - Episodio: 004/800 | Reward:  -19.18 | Temp: 0.968 | MA (100 ep): -156.91
2026-04-15 12:41:00,865 - Episodio: 005/800 | Reward: -262.00 | Temp: 0.961 | MA (100 ep): -177.93
2026-04-15 12:41:01,205 - Episodio: 006/800 | Reward: -370.11 | Temp: 0.953 | MA (100 ep): -209.96
2026-04-15 12:41:01,700 - Episodio: 007/800 | Reward: -233.30 | Temp: 0.945 | MA (100 ep): -213.29
2026-04-15 12:41:02,380 - Episodio: 008/800 | Reward: -183.05 | Temp: 0.938 | MA (100 ep): -209.51
2026-04-15 12:41:03,393 - Episodio: 009/800 | Reward: -234.71 | Temp: 0.930 | MA (100 ep): -212.31
2026-04-15 12:41:04,315 - Episodio: 010/800 | Reward: -299.85 | Temp: 0.923 | MA (100 ep): -221.07
2026-04-15 12:41:05,632 - Episodio: 011/800 | Reward: -324.47 | Temp: 0.915 | MA (100 ep): -230.47
2026-04-15 12:41:06,131 - Episodio: 012/800 | Reward: -270.04 | Temp: 0.908 | MA (100 ep): -233.76
2026-04-15 12:41:06,713 - Episodio: 013/800 | Reward:  -83.11 | Temp: 0.901 | MA (100 ep): -222.18
2026-04-15 12:41:07,746 - Episodio: 014/800 | Reward: -207.35 | Temp: 0.894 | MA (100 ep): -221.12
2026-04-15 12:41:08,583 - Episodio: 015/800 | Reward: -102.99 | Temp: 0.886 | MA (100 ep): -213.24
2026-04-15 12:41:09,518 - Episodio: 016/800 | Reward: -227.32 | Temp: 0.879 | MA (100 ep): -214.12
2026-04-15 12:41:10,257 - Episodio: 017/800 | Reward: -212.62 | Temp: 0.872 | MA (100 ep): -214.03
2026-04-15 12:41:11,277 - Episodio: 018/800 | Reward:  -95.15 | Temp: 0.865 | MA (100 ep): -207.43
2026-04-15 12:41:13,870 - Episodio: 019/800 | Reward: -285.14 | Temp: 0.858 | MA (100 ep): -211.52
2026-04-15 12:41:14,938 - Episodio: 020/800 | Reward: -234.18 | Temp: 0.852 | MA (100 ep): -212.65
2026-04-15 12:41:15,811 - Episodio: 021/800 | Reward:   23.14 | Temp: 0.845 | MA (100 ep): -201.42
2026-04-15 12:41:16,646 - Episodio: 022/800 | Reward: -102.83 | Temp: 0.838 | MA (100 ep): -196.94
2026-04-15 12:41:17,234 - Episodio: 023/800 | Reward: -126.25 | Temp: 0.831 | MA (100 ep): -193.87
2026-04-15 12:41:17,926 - Episodio: 024/800 | Reward:  -71.59 | Temp: 0.825 | MA (100 ep): -188.77
2026-04-15 12:41:18,325 - Episodio: 025/800 | Reward: -107.37 | Temp: 0.818 | MA (100 ep): -185.52
2026-04-15 12:41:19,026 - Episodio: 026/800 | Reward: -139.09 | Temp: 0.812 | MA (100 ep): -183.73
2026-04-15 12:41:19,657 - Episodio: 027/800 | Reward:  -94.85 | Temp: 0.805 | MA (100 ep): -180.44
2026-04-15 12:41:23,039 - Episodio: 028/800 | Reward:  -20.55 | Temp: 0.799 | MA (100 ep): -174.73
2026-04-15 12:41:24,003 - Episodio: 029/800 | Reward: -209.96 | Temp: 0.792 | MA (100 ep): -175.94
2026-04-15 12:41:24,739 - Episodio: 030/800 | Reward:  -96.60 | Temp: 0.786 | MA (100 ep): -173.30
2026-04-15 12:41:25,486 - Episodio: 031/800 | Reward:  -88.56 | Temp: 0.780 | MA (100 ep): -170.57
2026-04-15 12:41:26,499 - Episodio: 032/800 | Reward:  -45.05 | Temp: 0.773 | MA (100 ep): -166.64
2026-04-15 12:41:27,951 - Episodio: 033/800 | Reward:  -14.06 | Temp: 0.767 | MA (100 ep): -162.02
2026-04-15 12:41:28,670 - Episodio: 034/800 | Reward: -114.24 | Temp: 0.761 | MA (100 ep): -160.61
2026-04-15 12:41:30,817 - Episodio: 035/800 | Reward:  203.31 | Temp: 0.755 | MA (100 ep): -150.22
2026-04-15 12:41:31,609 - Episodio: 036/800 | Reward:  -74.05 | Temp: 0.749 | MA (100 ep): -148.10
2026-04-15 12:41:33,995 - Episodio: 037/800 | Reward:  -54.98 | Temp: 0.743 | MA (100 ep): -145.58
2026-04-15 12:41:35,312 - Episodio: 038/800 | Reward:  -63.85 | Temp: 0.737 | MA (100 ep): -143.43
2026-04-15 12:41:35,868 - Episodio: 039/800 | Reward: -110.58 | Temp: 0.731 | MA (100 ep): -142.59
2026-04-15 12:41:37,127 - Episodio: 040/800 | Reward: -156.07 | Temp: 0.725 | MA (100 ep): -142.93
2026-04-15 12:41:38,523 - Episodio: 041/800 | Reward:  -20.32 | Temp: 0.719 | MA (100 ep): -139.94
2026-04-15 12:41:39,771 - Episodio: 042/800 | Reward: -224.46 | Temp: 0.714 | MA (100 ep): -141.95
2026-04-15 12:41:40,343 - Episodio: 043/800 | Reward:    3.92 | Temp: 0.708 | MA (100 ep): -138.56
2026-04-15 12:41:42,500 - Episodio: 044/800 | Reward:  187.92 | Temp: 0.702 | MA (100 ep): -131.14
2026-04-15 12:41:43,313 - Episodio: 045/800 | Reward: -194.51 | Temp: 0.697 | MA (100 ep): -132.55
2026-04-15 12:41:44,081 - Episodio: 046/800 | Reward: -173.04 | Temp: 0.691 | MA (100 ep): -133.43
2026-04-15 12:41:47,479 - Episodio: 047/800 | Reward:   60.56 | Temp: 0.686 | MA (100 ep): -129.30
2026-04-15 12:41:48,343 - Episodio: 048/800 | Reward: -234.73 | Temp: 0.680 | MA (100 ep): -131.50
2026-04-15 12:41:49,038 - Episodio: 049/800 | Reward:  -69.46 | Temp: 0.675 | MA (100 ep): -130.23
2026-04-15 12:41:49,846 - Episodio: 050/800 | Reward:   53.94 | Temp: 0.669 | MA (100 ep): -126.55
2026-04-15 12:41:49,846 - --- Inizio Evaluation run all'Episodio 50 ---
2026-04-15 12:42:00,091 - *** EVALUATION | Epi: 050 | Mean Reward (50 Run):  -76.17 ± 140.33 ***
2026-04-15 12:42:00,091 - --- Fine Evaluation ---
2026-04-15 12:42:01,354 - Episodio: 051/800 | Reward:  219.80 | Temp: 0.664 | MA (100 ep): -119.75
2026-04-15 12:42:01,687 - Episodio: 052/800 | Reward: -116.94 | Temp: 0.659 | MA (100 ep): -119.70
2026-04-15 12:42:04,819 - Episodio: 053/800 | Reward:  112.27 | Temp: 0.653 | MA (100 ep): -115.32
2026-04-15 12:42:07,365 - Episodio: 054/800 | Reward:  290.84 | Temp: 0.648 | MA (100 ep): -107.80
2026-04-15 12:42:10,802 - Episodio: 055/800 | Reward:  104.53 | Temp: 0.643 | MA (100 ep): -103.94
2026-04-15 12:42:11,831 - Episodio: 056/800 | Reward:  283.78 | Temp: 0.638 | MA (100 ep):  -97.02
2026-04-15 12:42:14,889 - Episodio: 057/800 | Reward: -296.15 | Temp: 0.633 | MA (100 ep): -100.51
2026-04-15 12:42:17,465 - Episodio: 058/800 | Reward:  153.56 | Temp: 0.628 | MA (100 ep):  -96.13
2026-04-15 12:42:17,680 - Episodio: 059/800 | Reward:  -92.21 | Temp: 0.623 | MA (100 ep):  -96.06
2026-04-15 12:42:18,482 - Episodio: 060/800 | Reward: -191.97 | Temp: 0.618 | MA (100 ep):  -97.66
2026-04-15 12:42:18,822 - Episodio: 061/800 | Reward:  -50.98 | Temp: 0.613 | MA (100 ep):  -96.90
2026-04-15 12:42:20,030 - Episodio: 062/800 | Reward: -213.79 | Temp: 0.608 | MA (100 ep):  -98.78
2026-04-15 12:42:20,579 - Episodio: 063/800 | Reward:  -61.85 | Temp: 0.603 | MA (100 ep):  -98.20
2026-04-15 12:42:21,654 - Episodio: 064/800 | Reward: -127.87 | Temp: 0.598 | MA (100 ep):  -98.66
2026-04-15 12:42:23,438 - Episodio: 065/800 | Reward:  255.86 | Temp: 0.593 | MA (100 ep):  -93.21
2026-04-15 12:42:26,882 - Episodio: 066/800 | Reward:   60.76 | Temp: 0.589 | MA (100 ep):  -90.87
2026-04-15 12:42:30,398 - Episodio: 067/800 | Reward:  106.84 | Temp: 0.584 | MA (100 ep):  -87.92
2026-04-15 12:42:30,867 - Episodio: 068/800 | Reward:  -84.05 | Temp: 0.579 | MA (100 ep):  -87.87
2026-04-15 12:42:34,308 - Episodio: 069/800 | Reward:   12.32 | Temp: 0.575 | MA (100 ep):  -86.41
2026-04-15 12:42:37,802 - Episodio: 070/800 | Reward:   63.18 | Temp: 0.570 | MA (100 ep):  -84.28
2026-04-15 12:42:40,389 - Episodio: 071/800 | Reward:  176.19 | Temp: 0.565 | MA (100 ep):  -80.61
2026-04-15 12:42:43,985 - Episodio: 072/800 | Reward:  -30.29 | Temp: 0.561 | MA (100 ep):  -79.91
2026-04-15 12:42:45,546 - Episodio: 073/800 | Reward:  227.10 | Temp: 0.556 | MA (100 ep):  -75.70
2026-04-15 12:42:46,999 - Episodio: 074/800 | Reward: -402.92 | Temp: 0.552 | MA (100 ep):  -80.13
2026-04-15 12:42:50,634 - Episodio: 075/800 | Reward:   98.06 | Temp: 0.547 | MA (100 ep):  -77.75
2026-04-15 12:42:51,023 - Episodio: 076/800 | Reward:  -41.11 | Temp: 0.543 | MA (100 ep):  -77.27
2026-04-15 12:42:51,509 - Episodio: 077/800 | Reward: -125.86 | Temp: 0.539 | MA (100 ep):  -77.90
2026-04-15 12:42:53,720 - Episodio: 078/800 | Reward: -282.37 | Temp: 0.534 | MA (100 ep):  -80.52
2026-04-15 12:42:54,199 - Episodio: 079/800 | Reward:  -91.49 | Temp: 0.530 | MA (100 ep):  -80.66
2026-04-15 12:42:56,402 - Episodio: 080/800 | Reward:  223.70 | Temp: 0.526 | MA (100 ep):  -76.85
2026-04-15 12:43:00,012 - Episodio: 081/800 | Reward:  139.18 | Temp: 0.522 | MA (100 ep):  -74.19
2026-04-15 12:43:01,560 - Episodio: 082/800 | Reward:  187.02 | Temp: 0.518 | MA (100 ep):  -71.00
2026-04-15 12:43:04,023 - Episodio: 083/800 | Reward: -254.65 | Temp: 0.513 | MA (100 ep):  -73.21
2026-04-15 12:43:05,821 - Episodio: 084/800 | Reward: -155.17 | Temp: 0.509 | MA (100 ep):  -74.19
2026-04-15 12:43:07,843 - Episodio: 085/800 | Reward:  166.56 | Temp: 0.505 | MA (100 ep):  -71.36
2026-04-15 12:43:10,049 - Episodio: 086/800 | Reward: -168.02 | Temp: 0.501 | MA (100 ep):  -72.48
2026-04-15 12:43:13,616 - Episodio: 087/800 | Reward:  103.61 | Temp: 0.497 | MA (100 ep):  -70.46
2026-04-15 12:43:17,241 - Episodio: 088/800 | Reward:  120.75 | Temp: 0.493 | MA (100 ep):  -68.29
2026-04-15 12:43:17,869 - Episodio: 089/800 | Reward:  -70.31 | Temp: 0.489 | MA (100 ep):  -68.31
2026-04-15 12:43:19,748 - Episodio: 090/800 | Reward:  193.87 | Temp: 0.485 | MA (100 ep):  -65.39
2026-04-15 12:43:23,383 - Episodio: 091/800 | Reward:    3.37 | Temp: 0.481 | MA (100 ep):  -64.64
2026-04-15 12:43:23,565 - Episodio: 092/800 | Reward: -182.73 | Temp: 0.478 | MA (100 ep):  -65.92
2026-04-15 12:43:23,898 - Episodio: 093/800 | Reward:  -40.81 | Temp: 0.474 | MA (100 ep):  -65.65
2026-04-15 12:43:24,210 - Episodio: 094/800 | Reward:  -15.21 | Temp: 0.470 | MA (100 ep):  -65.12
2026-04-15 12:43:24,446 - Episodio: 095/800 | Reward: -102.41 | Temp: 0.466 | MA (100 ep):  -65.51
2026-04-15 12:43:28,163 - Episodio: 096/800 | Reward:  -28.74 | Temp: 0.463 | MA (100 ep):  -65.13
2026-04-15 12:43:29,281 - Episodio: 097/800 | Reward:  -96.58 | Temp: 0.459 | MA (100 ep):  -65.45
2026-04-15 12:43:29,707 - Episodio: 098/800 | Reward:  -77.66 | Temp: 0.455 | MA (100 ep):  -65.57
2026-04-15 12:43:31,315 - Episodio: 099/800 | Reward:  243.84 | Temp: 0.451 | MA (100 ep):  -62.45
2026-04-15 12:43:32,796 - Episodio: 100/800 | Reward:  221.73 | Temp: 0.448 | MA (100 ep):  -59.61
2026-04-15 12:43:32,796 - --- Inizio Evaluation run all'Episodio 100 ---
2026-04-15 12:43:39,226 - *** EVALUATION | Epi: 100 | Mean Reward (50 Run):   81.94 ± 162.49 ***
2026-04-15 12:43:39,226 - --- Fine Evaluation ---
2026-04-15 12:43:42,776 - Episodio: 101/800 | Reward:  227.53 | Temp: 0.444 | MA (100 ep):  -56.38
2026-04-15 12:43:46,463 - Episodio: 102/800 | Reward:  158.94 | Temp: 0.441 | MA (100 ep):  -53.28
2026-04-15 12:43:47,280 - Episodio: 103/800 | Reward:  -98.59 | Temp: 0.437 | MA (100 ep):  -50.64
2026-04-15 12:43:48,227 - Episodio: 104/800 | Reward: -249.82 | Temp: 0.434 | MA (100 ep):  -52.95
2026-04-15 12:43:51,881 - Episodio: 105/800 | Reward:  -36.82 | Temp: 0.430 | MA (100 ep):  -50.70
2026-04-15 12:43:53,114 - Episodio: 106/800 | Reward: -196.35 | Temp: 0.427 | MA (100 ep):  -48.96
2026-04-15 12:43:53,539 - Episodio: 107/800 | Reward:   14.36 | Temp: 0.423 | MA (100 ep):  -46.48
2026-04-15 12:43:54,547 - Episodio: 108/800 | Reward:  -26.20 | Temp: 0.420 | MA (100 ep):  -44.92
2026-04-15 12:43:58,132 - Episodio: 109/800 | Reward:  -52.44 | Temp: 0.417 | MA (100 ep):  -43.09
2026-04-15 12:44:01,712 - Episodio: 110/800 | Reward:  136.41 | Temp: 0.413 | MA (100 ep):  -38.73
2026-04-15 12:44:04,307 - Episodio: 111/800 | Reward:  280.92 | Temp: 0.410 | MA (100 ep):  -32.68
2026-04-15 12:44:07,455 - Episodio: 112/800 | Reward:  251.75 | Temp: 0.407 | MA (100 ep):  -27.46
2026-04-15 12:44:08,573 - Episodio: 113/800 | Reward: -580.32 | Temp: 0.403 | MA (100 ep):  -32.43
2026-04-15 12:44:09,427 - Episodio: 114/800 | Reward:   19.31 | Temp: 0.400 | MA (100 ep):  -30.16
2026-04-15 12:44:12,642 - Episodio: 115/800 | Reward:  264.87 | Temp: 0.397 | MA (100 ep):  -26.49
2026-04-15 12:44:16,343 - Episodio: 116/800 | Reward:  163.07 | Temp: 0.394 | MA (100 ep):  -22.58
2026-04-15 12:44:17,499 - Episodio: 117/800 | Reward:  250.12 | Temp: 0.391 | MA (100 ep):  -17.95
2026-04-15 12:44:21,165 - Episodio: 118/800 | Reward:  175.29 | Temp: 0.388 | MA (100 ep):  -15.25
2026-04-15 12:44:21,484 - Episodio: 119/800 | Reward:  -60.92 | Temp: 0.384 | MA (100 ep):  -13.01
2026-04-15 12:44:22,728 - Episodio: 120/800 | Reward:  265.86 | Temp: 0.381 | MA (100 ep):   -8.01
2026-04-15 12:44:23,234 - Episodio: 121/800 | Reward:  -86.89 | Temp: 0.378 | MA (100 ep):   -9.11
2026-04-15 12:44:24,992 - Episodio: 122/800 | Reward:  260.98 | Temp: 0.375 | MA (100 ep):   -5.47
2026-04-15 12:44:27,481 - Episodio: 123/800 | Reward:  236.49 | Temp: 0.372 | MA (100 ep):   -1.84
2026-04-15 12:44:30,774 - Episodio: 124/800 | Reward:  249.19 | Temp: 0.369 | MA (100 ep):    1.37
2026-04-15 12:44:32,007 - Episodio: 125/800 | Reward: -239.38 | Temp: 0.366 | MA (100 ep):    0.05
2026-04-15 12:44:35,706 - Episodio: 126/800 | Reward:  124.22 | Temp: 0.363 | MA (100 ep):    2.68
2026-04-15 12:44:37,587 - Episodio: 127/800 | Reward:  239.75 | Temp: 0.361 | MA (100 ep):    6.03
2026-04-15 12:44:39,450 - Episodio: 128/800 | Reward:  193.03 | Temp: 0.358 | MA (100 ep):    8.16
2026-04-15 12:44:43,282 - Episodio: 129/800 | Reward:  161.64 | Temp: 0.355 | MA (100 ep):   11.88
2026-04-15 12:44:46,282 - Episodio: 130/800 | Reward: -300.75 | Temp: 0.352 | MA (100 ep):    9.84
2026-04-15 12:44:47,254 - Episodio: 131/800 | Reward:  289.96 | Temp: 0.349 | MA (100 ep):   13.62
2026-04-15 12:44:48,781 - Episodio: 132/800 | Reward:  198.81 | Temp: 0.346 | MA (100 ep):   16.06
2026-04-15 12:44:52,454 - Episodio: 133/800 | Reward:  141.26 | Temp: 0.344 | MA (100 ep):   17.61
2026-04-15 12:44:52,817 - Episodio: 134/800 | Reward:   27.49 | Temp: 0.341 | MA (100 ep):   19.03
2026-04-15 12:44:53,510 - Episodio: 135/800 | Reward:   38.98 | Temp: 0.338 | MA (100 ep):   17.39
2026-04-15 12:44:57,342 - Episodio: 136/800 | Reward:  169.79 | Temp: 0.335 | MA (100 ep):   19.82
2026-04-15 12:44:59,617 - Episodio: 137/800 | Reward:  251.59 | Temp: 0.333 | MA (100 ep):   22.89
2026-04-15 12:45:03,740 - Episodio: 138/800 | Reward:  145.18 | Temp: 0.330 | MA (100 ep):   24.98
2026-04-15 12:45:06,643 - Episodio: 139/800 | Reward:  251.94 | Temp: 0.327 | MA (100 ep):   28.61
2026-04-15 12:45:07,772 - Episodio: 140/800 | Reward:  252.09 | Temp: 0.325 | MA (100 ep):   32.69
2026-04-15 12:45:08,986 - Episodio: 141/800 | Reward: -244.93 | Temp: 0.322 | MA (100 ep):   30.44
2026-04-15 12:45:10,531 - Episodio: 142/800 | Reward:  187.64 | Temp: 0.320 | MA (100 ep):   34.56
2026-04-15 12:45:14,165 - Episodio: 143/800 | Reward:  101.50 | Temp: 0.317 | MA (100 ep):   35.54
2026-04-15 12:45:15,502 - Episodio: 144/800 | Reward: -254.66 | Temp: 0.315 | MA (100 ep):   31.11
2026-04-15 12:45:16,297 - Episodio: 145/800 | Reward:   11.15 | Temp: 0.312 | MA (100 ep):   33.17
2026-04-15 12:45:17,299 - Episodio: 146/800 | Reward:  -47.16 | Temp: 0.310 | MA (100 ep):   34.43
2026-04-15 12:45:19,777 - Episodio: 147/800 | Reward:  252.17 | Temp: 0.307 | MA (100 ep):   36.34
2026-04-15 12:45:23,520 - Episodio: 148/800 | Reward:  159.32 | Temp: 0.305 | MA (100 ep):   40.28
2026-04-15 12:45:24,556 - Episodio: 149/800 | Reward:  276.47 | Temp: 0.302 | MA (100 ep):   43.74
2026-04-15 12:45:28,239 - Episodio: 150/800 | Reward:  133.26 | Temp: 0.300 | MA (100 ep):   44.54
2026-04-15 12:45:28,239 - --- Inizio Evaluation run all'Episodio 150 ---
2026-04-15 12:45:32,748 - *** EVALUATION | Epi: 150 | Mean Reward (50 Run):  213.50 ± 82.57 ***
2026-04-15 12:45:32,748 - --- Fine Evaluation ---
2026-04-15 12:45:36,676 - Episodio: 151/800 | Reward:  156.83 | Temp: 0.297 | MA (100 ep):   43.91
2026-04-15 12:45:40,362 - Episodio: 152/800 | Reward:  187.32 | Temp: 0.295 | MA (100 ep):   46.95
2026-04-15 12:45:44,037 - Episodio: 153/800 | Reward:  174.77 | Temp: 0.293 | MA (100 ep):   47.58
2026-04-15 12:45:47,751 - Episodio: 154/800 | Reward:   94.15 | Temp: 0.290 | MA (100 ep):   45.61
2026-04-15 12:45:50,197 - Episodio: 155/800 | Reward:  243.54 | Temp: 0.288 | MA (100 ep):   47.00
2026-04-15 12:45:51,707 - Episodio: 156/800 | Reward:  262.55 | Temp: 0.286 | MA (100 ep):   46.79
2026-04-15 12:45:52,811 - Episodio: 157/800 | Reward:  252.30 | Temp: 0.283 | MA (100 ep):   52.27
2026-04-15 12:45:55,048 - Episodio: 158/800 | Reward:  262.07 | Temp: 0.281 | MA (100 ep):   53.36
2026-04-15 12:45:56,200 - Episodio: 159/800 | Reward:  246.18 | Temp: 0.279 | MA (100 ep):   56.74
2026-04-15 12:45:57,499 - Episodio: 160/800 | Reward:  237.20 | Temp: 0.277 | MA (100 ep):   61.03
2026-04-15 12:45:58,901 - Episodio: 161/800 | Reward:  273.27 | Temp: 0.274 | MA (100 ep):   64.27
2026-04-15 12:46:00,576 - Episodio: 162/800 | Reward:    1.41 | Temp: 0.272 | MA (100 ep):   66.43
2026-04-15 12:46:02,772 - Episodio: 163/800 | Reward: -185.07 | Temp: 0.270 | MA (100 ep):   65.19
2026-04-15 12:46:04,366 - Episodio: 164/800 | Reward:  -41.25 | Temp: 0.268 | MA (100 ep):   66.06
2026-04-15 12:46:07,628 - Episodio: 165/800 | Reward:  245.53 | Temp: 0.266 | MA (100 ep):   65.96
2026-04-15 12:46:11,320 - Episodio: 166/800 | Reward:  143.32 | Temp: 0.264 | MA (100 ep):   66.78
2026-04-15 12:46:12,931 - Episodio: 167/800 | Reward:  258.16 | Temp: 0.261 | MA (100 ep):   68.30
2026-04-15 12:46:14,175 - Episodio: 168/800 | Reward:  240.50 | Temp: 0.259 | MA (100 ep):   71.54
2026-04-15 12:46:15,248 - Episodio: 169/800 | Reward:  250.51 | Temp: 0.257 | MA (100 ep):   73.92
2026-04-15 12:46:18,809 - Episodio: 170/800 | Reward: -206.25 | Temp: 0.255 | MA (100 ep):   71.23
2026-04-15 12:46:22,466 - Episodio: 171/800 | Reward:  158.68 | Temp: 0.253 | MA (100 ep):   71.05
2026-04-15 12:46:23,758 - Episodio: 172/800 | Reward:  -97.86 | Temp: 0.251 | MA (100 ep):   70.38
2026-04-15 12:46:27,420 - Episodio: 173/800 | Reward:  -43.96 | Temp: 0.249 | MA (100 ep):   67.67
2026-04-15 12:46:29,726 - Episodio: 174/800 | Reward:  177.17 | Temp: 0.247 | MA (100 ep):   73.47
2026-04-15 12:46:30,791 - Episodio: 175/800 | Reward:  266.46 | Temp: 0.245 | MA (100 ep):   75.15
2026-04-15 12:46:34,477 - Episodio: 176/800 | Reward:  138.66 | Temp: 0.243 | MA (100 ep):   76.95
2026-04-15 12:46:35,385 - Episodio: 177/800 | Reward:  227.41 | Temp: 0.241 | MA (100 ep):   80.48
2026-04-15 12:46:39,019 - Episodio: 178/800 | Reward:  -40.09 | Temp: 0.239 | MA (100 ep):   82.91
2026-04-15 12:46:42,771 - Episodio: 179/800 | Reward:  148.28 | Temp: 0.237 | MA (100 ep):   85.30
2026-04-15 12:46:46,388 - Episodio: 180/800 | Reward:  111.19 | Temp: 0.236 | MA (100 ep):   84.18
2026-04-15 12:46:47,458 - Episodio: 181/800 | Reward:  246.04 | Temp: 0.234 | MA (100 ep):   85.25
2026-04-15 12:46:51,518 - Episodio: 182/800 | Reward:   -2.94 | Temp: 0.232 | MA (100 ep):   83.35
2026-04-15 12:46:55,189 - Episodio: 183/800 | Reward:  111.99 | Temp: 0.230 | MA (100 ep):   87.01
2026-04-15 12:46:58,839 - Episodio: 184/800 | Reward:  128.51 | Temp: 0.228 | MA (100 ep):   89.85
2026-04-15 12:46:59,611 - Episodio: 185/800 | Reward:  264.06 | Temp: 0.226 | MA (100 ep):   90.83
2026-04-15 12:47:00,527 - Episodio: 186/800 | Reward:  259.04 | Temp: 0.224 | MA (100 ep):   95.10
2026-04-15 12:47:02,981 - Episodio: 187/800 | Reward:  232.21 | Temp: 0.223 | MA (100 ep):   96.38
2026-04-15 12:47:04,068 - Episodio: 188/800 | Reward:  259.37 | Temp: 0.221 | MA (100 ep):   97.77
2026-04-15 12:47:07,808 - Episodio: 189/800 | Reward:   -4.99 | Temp: 0.219 | MA (100 ep):   98.42
2026-04-15 12:47:09,047 - Episodio: 190/800 | Reward:  211.68 | Temp: 0.217 | MA (100 ep):   98.60
2026-04-15 12:47:10,074 - Episodio: 191/800 | Reward:  238.68 | Temp: 0.216 | MA (100 ep):  100.95
2026-04-15 12:47:11,071 - Episodio: 192/800 | Reward:  228.94 | Temp: 0.214 | MA (100 ep):  105.07
2026-04-15 12:47:14,373 - Episodio: 193/800 | Reward:  280.61 | Temp: 0.212 | MA (100 ep):  108.28
2026-04-15 12:47:18,167 - Episodio: 194/800 | Reward:  153.53 | Temp: 0.211 | MA (100 ep):  109.97
2026-04-15 12:47:20,310 - Episodio: 195/800 | Reward:  282.99 | Temp: 0.209 | MA (100 ep):  113.82
2026-04-15 12:47:21,041 - Episodio: 196/800 | Reward:  279.78 | Temp: 0.207 | MA (100 ep):  116.91
2026-04-15 12:47:24,822 - Episodio: 197/800 | Reward:  150.53 | Temp: 0.205 | MA (100 ep):  119.38
2026-04-15 12:47:25,743 - Episodio: 198/800 | Reward:  269.82 | Temp: 0.204 | MA (100 ep):  122.86
2026-04-15 12:47:27,927 - Episodio: 199/800 | Reward:  235.31 | Temp: 0.202 | MA (100 ep):  122.77
2026-04-15 12:47:28,316 - Episodio: 200/800 | Reward:  -24.84 | Temp: 0.201 | MA (100 ep):  120.30
2026-04-15 12:47:28,316 - --- Inizio Evaluation run all'Episodio 200 ---
2026-04-15 12:47:34,413 - *** EVALUATION | Epi: 200 | Mean Reward (50 Run):  142.93 ± 173.63 ***
2026-04-15 12:47:34,413 - --- Fine Evaluation ---
2026-04-15 12:47:35,315 - Episodio: 201/800 | Reward:  279.91 | Temp: 0.199 | MA (100 ep):  120.83
2026-04-15 12:47:36,503 - Episodio: 202/800 | Reward:  279.14 | Temp: 0.197 | MA (100 ep):  122.03
2026-04-15 12:47:37,685 - Episodio: 203/800 | Reward:  245.14 | Temp: 0.196 | MA (100 ep):  125.47
2026-04-15 12:47:41,363 - Episodio: 204/800 | Reward:  -47.58 | Temp: 0.194 | MA (100 ep):  127.49
2026-04-15 12:47:45,204 - Episodio: 205/800 | Reward:   24.65 | Temp: 0.193 | MA (100 ep):  128.10
2026-04-15 12:47:48,844 - Episodio: 206/800 | Reward:  104.19 | Temp: 0.191 | MA (100 ep):  131.11
2026-04-15 12:47:52,576 - Episodio: 207/800 | Reward:  -41.45 | Temp: 0.190 | MA (100 ep):  130.55
2026-04-15 12:47:56,233 - Episodio: 208/800 | Reward:  150.57 | Temp: 0.188 | MA (100 ep):  132.32
2026-04-15 12:47:58,422 - Episodio: 209/800 | Reward:  276.47 | Temp: 0.187 | MA (100 ep):  135.61
2026-04-15 12:47:59,703 - Episodio: 210/800 | Reward:  281.08 | Temp: 0.185 | MA (100 ep):  137.06
2026-04-15 12:48:02,100 - Episodio: 211/800 | Reward:  260.24 | Temp: 0.184 | MA (100 ep):  136.85
2026-04-15 12:48:04,863 - Episodio: 212/800 | Reward:  273.57 | Temp: 0.182 | MA (100 ep):  137.07
2026-04-15 12:48:06,145 - Episodio: 213/800 | Reward:  277.62 | Temp: 0.181 | MA (100 ep):  145.65
2026-04-15 12:48:08,109 - Episodio: 214/800 | Reward:  300.44 | Temp: 0.179 | MA (100 ep):  148.46
2026-04-15 12:48:08,739 - Episodio: 215/800 | Reward:  239.25 | Temp: 0.178 | MA (100 ep):  148.20
2026-04-15 12:48:09,636 - Episodio: 216/800 | Reward:  277.26 | Temp: 0.176 | MA (100 ep):  149.34
2026-04-15 12:48:10,522 - Episodio: 217/800 | Reward:  268.81 | Temp: 0.175 | MA (100 ep):  149.53
2026-04-15 12:48:10,929 - Episodio: 218/800 | Reward:    6.74 | Temp: 0.174 | MA (100 ep):  147.84
2026-04-15 12:48:12,472 - Episodio: 219/800 | Reward:  266.59 | Temp: 0.172 | MA (100 ep):  151.12
2026-04-15 12:48:13,447 - Episodio: 220/800 | Reward:  296.87 | Temp: 0.171 | MA (100 ep):  151.43
2026-04-15 12:48:14,160 - Episodio: 221/800 | Reward:  227.70 | Temp: 0.169 | MA (100 ep):  154.58
2026-04-15 12:48:14,878 - Episodio: 222/800 | Reward:  -38.03 | Temp: 0.168 | MA (100 ep):  151.59
2026-04-15 12:48:18,354 - Episodio: 223/800 | Reward:  283.69 | Temp: 0.167 | MA (100 ep):  152.06
2026-04-15 12:48:19,377 - Episodio: 224/800 | Reward:  263.23 | Temp: 0.165 | MA (100 ep):  152.20
2026-04-15 12:48:21,537 - Episodio: 225/800 | Reward:  242.67 | Temp: 0.164 | MA (100 ep):  157.02
2026-04-15 12:48:23,087 - Episodio: 226/800 | Reward:  239.53 | Temp: 0.163 | MA (100 ep):  158.17
2026-04-15 12:48:23,792 - Episodio: 227/800 | Reward:  311.12 | Temp: 0.161 | MA (100 ep):  158.89
2026-04-15 12:48:27,575 - Episodio: 228/800 | Reward:  172.26 | Temp: 0.160 | MA (100 ep):  158.68
2026-04-15 12:48:28,966 - Episodio: 229/800 | Reward:  308.01 | Temp: 0.159 | MA (100 ep):  160.14
2026-04-15 12:48:29,922 - Episodio: 230/800 | Reward:  252.44 | Temp: 0.158 | MA (100 ep):  165.67
2026-04-15 12:48:31,248 - Episodio: 231/800 | Reward:  308.62 | Temp: 0.156 | MA (100 ep):  165.86
2026-04-15 12:48:31,990 - Episodio: 232/800 | Reward:  282.58 | Temp: 0.155 | MA (100 ep):  166.70
2026-04-15 12:48:33,035 - Episodio: 233/800 | Reward:  282.78 | Temp: 0.154 | MA (100 ep):  168.11
2026-04-15 12:48:34,679 - Episodio: 234/800 | Reward:  260.88 | Temp: 0.153 | MA (100 ep):  170.45
2026-04-15 12:48:36,677 - Episodio: 235/800 | Reward:  159.22 | Temp: 0.151 | MA (100 ep):  171.65
2026-04-15 12:48:40,231 - Episodio: 236/800 | Reward:  151.58 | Temp: 0.150 | MA (100 ep):  171.47
2026-04-15 12:48:41,262 - Episodio: 237/800 | Reward: -237.46 | Temp: 0.149 | MA (100 ep):  166.58
2026-04-15 12:48:42,053 - Episodio: 238/800 | Reward:  268.03 | Temp: 0.148 | MA (100 ep):  167.81
2026-04-15 12:48:43,141 - Episodio: 239/800 | Reward:  278.20 | Temp: 0.147 | MA (100 ep):  168.07
2026-04-15 12:48:43,832 - Episodio: 240/800 | Reward:  226.04 | Temp: 0.145 | MA (100 ep):  167.81
2026-04-15 12:48:44,868 - Episodio: 241/800 | Reward:  290.56 | Temp: 0.144 | MA (100 ep):  173.16
2026-04-15 12:48:48,044 - Episodio: 242/800 | Reward:  265.67 | Temp: 0.143 | MA (100 ep):  173.94
2026-04-15 12:48:48,758 - Episodio: 243/800 | Reward:  284.35 | Temp: 0.142 | MA (100 ep):  175.77
2026-04-15 12:48:49,371 - Episodio: 244/800 | Reward:   17.26 | Temp: 0.141 | MA (100 ep):  178.49
2026-04-15 12:48:50,256 - Episodio: 245/800 | Reward:  234.40 | Temp: 0.140 | MA (100 ep):  180.72
2026-04-15 12:48:51,191 - Episodio: 246/800 | Reward:  263.95 | Temp: 0.139 | MA (100 ep):  183.83
2026-04-15 12:48:51,834 - Episodio: 247/800 | Reward:  -27.69 | Temp: 0.138 | MA (100 ep):  181.03
2026-04-15 12:48:52,403 - Episodio: 248/800 | Reward:   11.65 | Temp: 0.136 | MA (100 ep):  179.56
2026-04-15 12:48:53,096 - Episodio: 249/800 | Reward:  260.56 | Temp: 0.135 | MA (100 ep):  179.40
2026-04-15 12:48:53,663 - Episodio: 250/800 | Reward:    6.92 | Temp: 0.134 | MA (100 ep):  178.14
2026-04-15 12:48:53,663 - --- Inizio Evaluation run all'Episodio 250 ---
2026-04-15 12:48:57,019 - *** EVALUATION | Epi: 250 | Mean Reward (50 Run):  223.03 ± 106.07 ***
2026-04-15 12:48:57,021 - --- Fine Evaluation ---
2026-04-15 12:48:58,306 - Episodio: 251/800 | Reward:  269.33 | Temp: 0.133 | MA (100 ep):  179.26
2026-04-15 12:48:59,097 - Episodio: 252/800 | Reward:  260.40 | Temp: 0.132 | MA (100 ep):  179.99
2026-04-15 12:48:59,677 - Episodio: 253/800 | Reward:   14.01 | Temp: 0.131 | MA (100 ep):  178.38
2026-04-15 12:49:00,541 - Episodio: 254/800 | Reward:  249.35 | Temp: 0.130 | MA (100 ep):  179.94
2026-04-15 12:49:01,309 - Episodio: 255/800 | Reward:  231.40 | Temp: 0.129 | MA (100 ep):  179.81
2026-04-15 12:49:02,272 - Episodio: 256/800 | Reward:  261.66 | Temp: 0.128 | MA (100 ep):  179.81
2026-04-15 12:49:02,593 - Episodio: 257/800 | Reward:  -39.36 | Temp: 0.127 | MA (100 ep):  176.89
2026-04-15 12:49:03,207 - Episodio: 258/800 | Reward:   34.15 | Temp: 0.126 | MA (100 ep):  174.61
2026-04-15 12:49:03,903 - Episodio: 259/800 | Reward:  250.27 | Temp: 0.125 | MA (100 ep):  174.65
2026-04-15 12:49:05,370 - Episodio: 260/800 | Reward:  251.14 | Temp: 0.124 | MA (100 ep):  174.79
2026-04-15 12:49:06,185 - Episodio: 261/800 | Reward:  251.98 | Temp: 0.123 | MA (100 ep):  174.58
2026-04-15 12:49:06,836 - Episodio: 262/800 | Reward:  282.39 | Temp: 0.122 | MA (100 ep):  177.39
2026-04-15 12:49:10,592 - Episodio: 263/800 | Reward:  159.75 | Temp: 0.121 | MA (100 ep):  180.84
2026-04-15 12:49:13,300 - Episodio: 264/800 | Reward:  205.39 | Temp: 0.120 | MA (100 ep):  183.30
2026-04-15 12:49:14,164 - Episodio: 265/800 | Reward:  283.31 | Temp: 0.119 | MA (100 ep):  183.68
2026-04-15 12:49:15,317 - Episodio: 266/800 | Reward:  242.05 | Temp: 0.118 | MA (100 ep):  184.67
2026-04-15 12:49:16,224 - Episodio: 267/800 | Reward:  288.57 | Temp: 0.117 | MA (100 ep):  184.97
2026-04-15 12:49:17,029 - Episodio: 268/800 | Reward:  282.76 | Temp: 0.116 | MA (100 ep):  185.39
2026-04-15 12:49:17,902 - Episodio: 269/800 | Reward:  270.31 | Temp: 0.115 | MA (100 ep):  185.59
2026-04-15 12:49:18,857 - Episodio: 270/800 | Reward:  253.58 | Temp: 0.114 | MA (100 ep):  190.19
2026-04-15 12:49:19,674 - Episodio: 271/800 | Reward:  242.33 | Temp: 0.113 | MA (100 ep):  191.03
2026-04-15 12:49:20,583 - Episodio: 272/800 | Reward:  249.77 | Temp: 0.113 | MA (100 ep):  194.50
2026-04-15 12:49:22,043 - Episodio: 273/800 | Reward:  196.15 | Temp: 0.112 | MA (100 ep):  196.90
2026-04-15 12:49:22,753 - Episodio: 274/800 | Reward:  277.27 | Temp: 0.111 | MA (100 ep):  197.90
2026-04-15 12:49:23,724 - Episodio: 275/800 | Reward:  244.19 | Temp: 0.110 | MA (100 ep):  197.68
2026-04-15 12:49:25,154 - Episodio: 276/800 | Reward:  316.14 | Temp: 0.109 | MA (100 ep):  199.46
2026-04-15 12:49:25,766 - Episodio: 277/800 | Reward:    5.15 | Temp: 0.108 | MA (100 ep):  197.23
2026-04-15 12:49:26,578 - Episodio: 278/800 | Reward:  235.10 | Temp: 0.107 | MA (100 ep):  199.99
2026-04-15 12:49:27,435 - Episodio: 279/800 | Reward:  240.81 | Temp: 0.106 | MA (100 ep):  200.91
2026-04-15 12:49:28,332 - Episodio: 280/800 | Reward:  293.92 | Temp: 0.106 | MA (100 ep):  202.74
2026-04-15 12:49:29,361 - Episodio: 281/800 | Reward:  252.39 | Temp: 0.105 | MA (100 ep):  202.80
2026-04-15 12:49:30,464 - Episodio: 282/800 | Reward:  255.86 | Temp: 0.104 | MA (100 ep):  205.39
2026-04-15 12:49:31,630 - Episodio: 283/800 | Reward:  272.85 | Temp: 0.103 | MA (100 ep):  207.00
2026-04-15 12:49:32,514 - Episodio: 284/800 | Reward:  257.77 | Temp: 0.102 | MA (100 ep):  208.29
2026-04-15 12:49:33,698 - Episodio: 285/800 | Reward:  267.03 | Temp: 0.101 | MA (100 ep):  208.32
2026-04-15 12:49:34,737 - Episodio: 286/800 | Reward:  264.80 | Temp: 0.101 | MA (100 ep):  208.38
2026-04-15 12:49:35,905 - Episodio: 287/800 | Reward:  303.31 | Temp: 0.100 | MA (100 ep):  209.09
2026-04-15 12:49:36,767 - Episodio: 288/800 | Reward:  246.10 | Temp: 0.099 | MA (100 ep):  208.96
2026-04-15 12:49:37,883 - Episodio: 289/800 | Reward:  315.69 | Temp: 0.098 | MA (100 ep):  212.16
2026-04-15 12:49:38,764 - Episodio: 290/800 | Reward:  262.06 | Temp: 0.097 | MA (100 ep):  212.67
2026-04-15 12:49:40,027 - Episodio: 291/800 | Reward:  297.01 | Temp: 0.097 | MA (100 ep):  213.25
2026-04-15 12:49:41,032 - Episodio: 292/800 | Reward:  270.55 | Temp: 0.096 | MA (100 ep):  213.67
2026-04-15 12:49:42,093 - Episodio: 293/800 | Reward:  260.81 | Temp: 0.095 | MA (100 ep):  213.47
2026-04-15 12:49:42,785 - Episodio: 294/800 | Reward:  246.63 | Temp: 0.094 | MA (100 ep):  214.40
2026-04-15 12:49:43,663 - Episodio: 295/800 | Reward:  307.42 | Temp: 0.094 | MA (100 ep):  214.64
2026-04-15 12:49:44,682 - Episodio: 296/800 | Reward:  253.79 | Temp: 0.093 | MA (100 ep):  214.38
2026-04-15 12:49:45,585 - Episodio: 297/800 | Reward:  291.73 | Temp: 0.092 | MA (100 ep):  215.80
2026-04-15 12:49:46,344 - Episodio: 298/800 | Reward:  254.19 | Temp: 0.091 | MA (100 ep):  215.64
2026-04-15 12:49:47,260 - Episodio: 299/800 | Reward:  251.14 | Temp: 0.091 | MA (100 ep):  215.80
2026-04-15 12:49:47,939 - Episodio: 300/800 | Reward:  245.05 | Temp: 0.090 | MA (100 ep):  218.50
2026-04-15 12:49:47,939 - --- Inizio Evaluation run all'Episodio 300 ---
2026-04-15 12:49:51,979 - *** EVALUATION | Epi: 300 | Mean Reward (50 Run):  251.01 ± 80.20 ***
2026-04-15 12:49:51,979 - --- Fine Evaluation ---
2026-04-15 12:49:53,223 - Episodio: 301/800 | Reward:  278.25 | Temp: 0.089 | MA (100 ep):  218.48
2026-04-15 12:49:54,391 - Episodio: 302/800 | Reward:  266.93 | Temp: 0.088 | MA (100 ep):  218.36
2026-04-15 12:49:55,653 - Episodio: 303/800 | Reward:  270.03 | Temp: 0.088 | MA (100 ep):  218.61
2026-04-15 12:49:56,570 - Episodio: 304/800 | Reward:  257.84 | Temp: 0.087 | MA (100 ep):  221.66
2026-04-15 12:49:57,322 - Episodio: 305/800 | Reward:  278.13 | Temp: 0.086 | MA (100 ep):  224.20
2026-04-15 12:49:57,946 - Episodio: 306/800 | Reward:  292.94 | Temp: 0.086 | MA (100 ep):  226.08
2026-04-15 12:49:58,796 - Episodio: 307/800 | Reward:  297.57 | Temp: 0.085 | MA (100 ep):  229.47
2026-04-15 12:49:59,773 - Episodio: 308/800 | Reward:  295.81 | Temp: 0.084 | MA (100 ep):  230.93
2026-04-15 12:50:00,483 - Episodio: 309/800 | Reward:  283.17 | Temp: 0.084 | MA (100 ep):  230.99
2026-04-15 12:50:01,540 - Episodio: 310/800 | Reward:  260.51 | Temp: 0.083 | MA (100 ep):  230.79
2026-04-15 12:50:02,439 - Episodio: 311/800 | Reward:  275.85 | Temp: 0.082 | MA (100 ep):  230.94
2026-04-15 12:50:03,045 - Episodio: 312/800 | Reward:  265.89 | Temp: 0.082 | MA (100 ep):  230.87
2026-04-15 12:50:04,032 - Episodio: 313/800 | Reward:  244.50 | Temp: 0.081 | MA (100 ep):  230.54
2026-04-15 12:50:04,981 - Episodio: 314/800 | Reward:  269.99 | Temp: 0.080 | MA (100 ep):  230.23
2026-04-15 12:50:05,660 - Episodio: 315/800 | Reward:  257.93 | Temp: 0.080 | MA (100 ep):  230.42
2026-04-15 12:50:06,450 - Episodio: 316/800 | Reward:  290.90 | Temp: 0.079 | MA (100 ep):  230.55
2026-04-15 12:50:07,231 - Episodio: 317/800 | Reward:  276.59 | Temp: 0.078 | MA (100 ep):  230.63
2026-04-15 12:50:08,688 - Episodio: 318/800 | Reward:  279.48 | Temp: 0.078 | MA (100 ep):  233.36
2026-04-15 12:50:09,423 - Episodio: 319/800 | Reward:  270.10 | Temp: 0.077 | MA (100 ep):  233.39
2026-04-15 12:50:10,107 - Episodio: 320/800 | Reward:  290.76 | Temp: 0.077 | MA (100 ep):  233.33
2026-04-15 12:50:10,899 - Episodio: 321/800 | Reward:  266.14 | Temp: 0.076 | MA (100 ep):  233.72
2026-04-15 12:50:11,718 - Episodio: 322/800 | Reward:  303.89 | Temp: 0.075 | MA (100 ep):  237.14
2026-04-15 12:50:12,414 - Episodio: 323/800 | Reward:  285.37 | Temp: 0.075 | MA (100 ep):  237.15
2026-04-15 12:50:13,073 - Episodio: 324/800 | Reward:  287.05 | Temp: 0.074 | MA (100 ep):  237.39
2026-04-15 12:50:13,805 - Episodio: 325/800 | Reward:  253.32 | Temp: 0.074 | MA (100 ep):  237.50
2026-04-15 12:50:14,575 - Episodio: 326/800 | Reward:  277.18 | Temp: 0.073 | MA (100 ep):  237.87
2026-04-15 12:50:18,212 - Episodio: 327/800 | Reward:  -56.33 | Temp: 0.072 | MA (100 ep):  234.20
2026-04-15 12:50:19,077 - Episodio: 328/800 | Reward:  260.67 | Temp: 0.072 | MA (100 ep):  235.08
2026-04-15 12:50:20,127 - Episodio: 329/800 | Reward:  229.47 | Temp: 0.071 | MA (100 ep):  234.30
2026-04-15 12:50:20,878 - Episodio: 330/800 | Reward:  295.33 | Temp: 0.071 | MA (100 ep):  234.73
2026-04-15 12:50:21,733 - Episodio: 331/800 | Reward:  303.58 | Temp: 0.070 | MA (100 ep):  234.68
2026-04-15 12:50:22,503 - Episodio: 332/800 | Reward:  264.20 | Temp: 0.069 | MA (100 ep):  234.49
2026-04-15 12:50:23,435 - Episodio: 333/800 | Reward:  268.69 | Temp: 0.069 | MA (100 ep):  234.35
2026-04-15 12:50:24,362 - Episodio: 334/800 | Reward:  282.89 | Temp: 0.068 | MA (100 ep):  234.57
2026-04-15 12:50:24,976 - Episodio: 335/800 | Reward:  248.72 | Temp: 0.068 | MA (100 ep):  235.47
2026-04-15 12:50:25,419 - Episodio: 336/800 | Reward:  -26.48 | Temp: 0.067 | MA (100 ep):  233.69
2026-04-15 12:50:25,973 - Episodio: 337/800 | Reward:  283.12 | Temp: 0.067 | MA (100 ep):  238.89
2026-04-15 12:50:26,641 - Episodio: 338/800 | Reward:  257.37 | Temp: 0.066 | MA (100 ep):  238.79
2026-04-15 12:50:27,348 - Episodio: 339/800 | Reward:  243.31 | Temp: 0.066 | MA (100 ep):  238.44
2026-04-15 12:50:29,372 - Episodio: 340/800 | Reward:  228.86 | Temp: 0.065 | MA (100 ep):  238.47
2026-04-15 12:50:29,945 - Episodio: 341/800 | Reward:  266.65 | Temp: 0.065 | MA (100 ep):  238.23
2026-04-15 12:50:30,764 - Episodio: 342/800 | Reward:  280.42 | Temp: 0.064 | MA (100 ep):  238.37
2026-04-15 12:50:31,552 - Episodio: 343/800 | Reward:  268.13 | Temp: 0.064 | MA (100 ep):  238.21
2026-04-15 12:50:32,167 - Episodio: 344/800 | Reward:  251.62 | Temp: 0.063 | MA (100 ep):  240.56
2026-04-15 12:50:32,941 - Episodio: 345/800 | Reward:  277.78 | Temp: 0.063 | MA (100 ep):  240.99
2026-04-15 12:50:34,102 - Episodio: 346/800 | Reward:  240.43 | Temp: 0.062 | MA (100 ep):  240.75
2026-04-15 12:50:35,714 - Episodio: 347/800 | Reward:  205.53 | Temp: 0.062 | MA (100 ep):  243.09
2026-04-15 12:50:36,376 - Episodio: 348/800 | Reward:  234.89 | Temp: 0.061 | MA (100 ep):  245.32
2026-04-15 12:50:37,414 - Episodio: 349/800 | Reward:  286.11 | Temp: 0.061 | MA (100 ep):  245.57
2026-04-15 12:50:37,857 - Episodio: 350/800 | Reward:  265.36 | Temp: 0.060 | MA (100 ep):  248.16
2026-04-15 12:50:37,857 - --- Inizio Evaluation run all'Episodio 350 ---
2026-04-15 12:50:41,512 - *** EVALUATION | Epi: 350 | Mean Reward (50 Run):   96.15 ± 162.42 ***
2026-04-15 12:50:41,512 - --- Fine Evaluation ---
2026-04-15 12:50:42,320 - Episodio: 351/800 | Reward:  261.96 | Temp: 0.060 | MA (100 ep):  248.08
2026-04-15 12:50:43,180 - Episodio: 352/800 | Reward:  291.83 | Temp: 0.059 | MA (100 ep):  248.40
2026-04-15 12:50:44,074 - Episodio: 353/800 | Reward:  285.61 | Temp: 0.059 | MA (100 ep):  251.12
2026-04-15 12:50:45,122 - Episodio: 354/800 | Reward:  272.09 | Temp: 0.058 | MA (100 ep):  251.34
2026-04-15 12:50:46,035 - Episodio: 355/800 | Reward:  253.79 | Temp: 0.058 | MA (100 ep):  251.57
2026-04-15 12:50:46,763 - Episodio: 356/800 | Reward:  247.28 | Temp: 0.057 | MA (100 ep):  251.42
2026-04-15 12:50:47,481 - Episodio: 357/800 | Reward:  268.37 | Temp: 0.057 | MA (100 ep):  254.50
2026-04-15 12:50:48,438 - Episodio: 358/800 | Reward:  259.67 | Temp: 0.056 | MA (100 ep):  256.76
2026-04-15 12:50:49,278 - Episodio: 359/800 | Reward:  251.94 | Temp: 0.056 | MA (100 ep):  256.77
2026-04-15 12:50:50,083 - Episodio: 360/800 | Reward:  236.97 | Temp: 0.055 | MA (100 ep):  256.63
2026-04-15 12:50:50,938 - Episodio: 361/800 | Reward:  259.86 | Temp: 0.055 | MA (100 ep):  256.71
2026-04-15 12:50:51,812 - Episodio: 362/800 | Reward:  260.81 | Temp: 0.055 | MA (100 ep):  256.49
2026-04-15 12:50:52,702 - Episodio: 363/800 | Reward:  -33.89 | Temp: 0.054 | MA (100 ep):  254.56
2026-04-15 12:50:53,625 - Episodio: 364/800 | Reward:  258.10 | Temp: 0.054 | MA (100 ep):  255.08
2026-04-15 12:50:54,327 - Episodio: 365/800 | Reward:  271.36 | Temp: 0.053 | MA (100 ep):  254.96
2026-04-15 12:50:54,729 - Episodio: 366/800 | Reward:  -26.83 | Temp: 0.053 | MA (100 ep):  252.28
2026-04-15 12:50:55,542 - Episodio: 367/800 | Reward:  278.35 | Temp: 0.052 | MA (100 ep):  252.17
2026-04-15 12:50:56,284 - Episodio: 368/800 | Reward:  279.74 | Temp: 0.052 | MA (100 ep):  252.14
2026-04-15 12:50:57,023 - Episodio: 369/800 | Reward:  266.16 | Temp: 0.052 | MA (100 ep):  252.10
2026-04-15 12:50:58,023 - Episodio: 370/800 | Reward:  298.20 | Temp: 0.051 | MA (100 ep):  252.55
2026-04-15 12:50:58,833 - Episodio: 371/800 | Reward:  303.12 | Temp: 0.051 | MA (100 ep):  253.16
2026-04-15 12:50:59,720 - Episodio: 372/800 | Reward:  281.69 | Temp: 0.050 | MA (100 ep):  253.47
2026-04-15 12:51:00,572 - Episodio: 373/800 | Reward:  276.46 | Temp: 0.050 | MA (100 ep):  254.28
2026-04-15 12:51:01,181 - Episodio: 374/800 | Reward:  260.71 | Temp: 0.050 | MA (100 ep):  254.11
2026-04-15 12:51:02,009 - Episodio: 375/800 | Reward:  246.34 | Temp: 0.049 | MA (100 ep):  254.13
2026-04-15 12:51:03,032 - Episodio: 376/800 | Reward:  271.16 | Temp: 0.049 | MA (100 ep):  253.68
2026-04-15 12:51:03,695 - Episodio: 377/800 | Reward:  264.34 | Temp: 0.048 | MA (100 ep):  256.28
2026-04-15 12:51:04,264 - Episodio: 378/800 | Reward:   62.79 | Temp: 0.048 | MA (100 ep):  254.55
2026-04-15 12:51:05,146 - Episodio: 379/800 | Reward:  295.23 | Temp: 0.048 | MA (100 ep):  255.10
2026-04-15 12:51:05,895 - Episodio: 380/800 | Reward:  268.42 | Temp: 0.047 | MA (100 ep):  254.84
2026-04-15 12:51:06,670 - Episodio: 381/800 | Reward:  298.39 | Temp: 0.047 | MA (100 ep):  255.30
2026-04-15 12:51:08,274 - Episodio: 382/800 | Reward:  285.17 | Temp: 0.047 | MA (100 ep):  255.60
2026-04-15 12:51:08,910 - Episodio: 383/800 | Reward:  233.91 | Temp: 0.046 | MA (100 ep):  255.21
2026-04-15 12:51:09,626 - Episodio: 384/800 | Reward:  270.12 | Temp: 0.046 | MA (100 ep):  255.33
2026-04-15 12:51:11,073 - Episodio: 385/800 | Reward:  244.18 | Temp: 0.045 | MA (100 ep):  255.10
2026-04-15 12:51:12,089 - Episodio: 386/800 | Reward:  256.23 | Temp: 0.045 | MA (100 ep):  255.02
2026-04-15 12:51:12,981 - Episodio: 387/800 | Reward:  281.36 | Temp: 0.045 | MA (100 ep):  254.80
2026-04-15 12:51:14,063 - Episodio: 388/800 | Reward:  260.02 | Temp: 0.044 | MA (100 ep):  254.93
2026-04-15 12:51:15,072 - Episodio: 389/800 | Reward:  294.00 | Temp: 0.044 | MA (100 ep):  254.72
2026-04-15 12:51:16,027 - Episodio: 390/800 | Reward:  265.22 | Temp: 0.044 | MA (100 ep):  254.75
2026-04-15 12:51:16,891 - Episodio: 391/800 | Reward:  262.41 | Temp: 0.043 | MA (100 ep):  254.40
2026-04-15 12:51:17,544 - Episodio: 392/800 | Reward:   35.24 | Temp: 0.043 | MA (100 ep):  252.05
2026-04-15 12:51:18,360 - Episodio: 393/800 | Reward:  288.41 | Temp: 0.043 | MA (100 ep):  252.33
2026-04-15 12:51:19,307 - Episodio: 394/800 | Reward:  220.84 | Temp: 0.042 | MA (100 ep):  252.07
2026-04-15 12:51:22,276 - Episodio: 395/800 | Reward: -171.35 | Temp: 0.042 | MA (100 ep):  247.28
2026-04-15 12:51:22,963 - Episodio: 396/800 | Reward:  271.98 | Temp: 0.042 | MA (100 ep):  247.46
2026-04-15 12:51:23,864 - Episodio: 397/800 | Reward: -159.26 | Temp: 0.041 | MA (100 ep):  242.95
2026-04-15 12:51:24,651 - Episodio: 398/800 | Reward:  277.47 | Temp: 0.041 | MA (100 ep):  243.19
2026-04-15 12:51:25,355 - Episodio: 399/800 | Reward:  282.13 | Temp: 0.041 | MA (100 ep):  243.50
2026-04-15 12:51:26,213 - Episodio: 400/800 | Reward:  261.02 | Temp: 0.040 | MA (100 ep):  243.66
2026-04-15 12:51:26,213 - --- Inizio Evaluation run all'Episodio 400 ---
2026-04-15 12:51:30,430 - *** EVALUATION | Epi: 400 | Mean Reward (50 Run):  245.29 ± 91.26 ***
2026-04-15 12:51:30,430 - --- Fine Evaluation ---
2026-04-15 12:51:31,481 - Episodio: 401/800 | Reward:  269.92 | Temp: 0.040 | MA (100 ep):  243.57
2026-04-15 12:51:33,363 - Episodio: 402/800 | Reward:  176.56 | Temp: 0.040 | MA (100 ep):  242.67
2026-04-15 12:51:33,814 - Episodio: 403/800 | Reward:  -23.71 | Temp: 0.039 | MA (100 ep):  239.73
2026-04-15 12:51:34,599 - Episodio: 404/800 | Reward:  266.77 | Temp: 0.039 | MA (100 ep):  239.82
2026-04-15 12:51:35,632 - Episodio: 405/800 | Reward:  234.74 | Temp: 0.039 | MA (100 ep):  239.39
2026-04-15 12:51:36,397 - Episodio: 406/800 | Reward:  293.40 | Temp: 0.038 | MA (100 ep):  239.39
2026-04-15 12:51:37,145 - Episodio: 407/800 | Reward:  276.73 | Temp: 0.038 | MA (100 ep):  239.18
2026-04-15 12:51:39,551 - Episodio: 408/800 | Reward:  287.11 | Temp: 0.038 | MA (100 ep):  239.10
2026-04-15 12:51:40,375 - Episodio: 409/800 | Reward:  247.18 | Temp: 0.037 | MA (100 ep):  238.74
2026-04-15 12:51:41,134 - Episodio: 410/800 | Reward:  279.46 | Temp: 0.037 | MA (100 ep):  238.93
2026-04-15 12:51:41,712 - Episodio: 411/800 | Reward:  268.30 | Temp: 0.037 | MA (100 ep):  238.85
2026-04-15 12:51:42,532 - Episodio: 412/800 | Reward:  281.75 | Temp: 0.037 | MA (100 ep):  239.01
2026-04-15 12:51:43,353 - Episodio: 413/800 | Reward:  256.00 | Temp: 0.036 | MA (100 ep):  239.12
2026-04-15 12:51:44,030 - Episodio: 414/800 | Reward:  264.50 | Temp: 0.036 | MA (100 ep):  239.07
2026-04-15 12:51:44,768 - Episodio: 415/800 | Reward:  265.47 | Temp: 0.036 | MA (100 ep):  239.14
2026-04-15 12:51:48,461 - Episodio: 416/800 | Reward:  -86.22 | Temp: 0.035 | MA (100 ep):  235.37
2026-04-15 12:51:49,273 - Episodio: 417/800 | Reward:  261.20 | Temp: 0.035 | MA (100 ep):  235.22
2026-04-15 12:51:50,082 - Episodio: 418/800 | Reward:  247.43 | Temp: 0.035 | MA (100 ep):  234.90
2026-04-15 12:51:51,122 - Episodio: 419/800 | Reward:  283.55 | Temp: 0.035 | MA (100 ep):  235.03
2026-04-15 12:51:51,869 - Episodio: 420/800 | Reward:  281.08 | Temp: 0.034 | MA (100 ep):  234.94
2026-04-15 12:51:52,712 - Episodio: 421/800 | Reward:  270.75 | Temp: 0.034 | MA (100 ep):  234.98
2026-04-15 12:51:53,478 - Episodio: 422/800 | Reward:  280.41 | Temp: 0.034 | MA (100 ep):  234.75
2026-04-15 12:51:54,127 - Episodio: 423/800 | Reward:   23.19 | Temp: 0.033 | MA (100 ep):  232.13
2026-04-15 12:51:54,822 - Episodio: 424/800 | Reward:  262.93 | Temp: 0.033 | MA (100 ep):  231.88
2026-04-15 12:51:55,882 - Episodio: 425/800 | Reward:  308.05 | Temp: 0.033 | MA (100 ep):  232.43
2026-04-15 12:51:56,617 - Episodio: 426/800 | Reward:  284.99 | Temp: 0.033 | MA (100 ep):  232.51
2026-04-15 12:51:57,677 - Episodio: 427/800 | Reward:  293.89 | Temp: 0.032 | MA (100 ep):  236.01
2026-04-15 12:51:58,913 - Episodio: 428/800 | Reward:  253.40 | Temp: 0.032 | MA (100 ep):  235.94
2026-04-15 12:51:59,756 - Episodio: 429/800 | Reward:  264.68 | Temp: 0.032 | MA (100 ep):  236.29
2026-04-15 12:52:00,470 - Episodio: 430/800 | Reward:  273.85 | Temp: 0.032 | MA (100 ep):  236.08
2026-04-15 12:52:01,271 - Episodio: 431/800 | Reward:  266.88 | Temp: 0.031 | MA (100 ep):  235.71
2026-04-15 12:52:02,090 - Episodio: 432/800 | Reward:  286.24 | Temp: 0.031 | MA (100 ep):  235.93
2026-04-15 12:52:02,847 - Episodio: 433/800 | Reward:  254.29 | Temp: 0.031 | MA (100 ep):  235.79
2026-04-15 12:52:03,697 - Episodio: 434/800 | Reward:  288.07 | Temp: 0.031 | MA (100 ep):  235.84
2026-04-15 12:52:04,473 - Episodio: 435/800 | Reward:  298.68 | Temp: 0.030 | MA (100 ep):  236.34
2026-04-15 12:52:05,286 - Episodio: 436/800 | Reward:  238.56 | Temp: 0.030 | MA (100 ep):  238.99
2026-04-15 12:52:06,237 - Episodio: 437/800 | Reward:  258.99 | Temp: 0.030 | MA (100 ep):  238.75
2026-04-15 12:52:07,517 - Episodio: 438/800 | Reward:  294.70 | Temp: 0.030 | MA (100 ep):  239.12
2026-04-15 12:52:08,336 - Episodio: 439/800 | Reward:  258.91 | Temp: 0.029 | MA (100 ep):  239.28
2026-04-15 12:52:09,026 - Episodio: 440/800 | Reward:  270.76 | Temp: 0.029 | MA (100 ep):  239.69
2026-04-15 12:52:09,994 - Episodio: 441/800 | Reward:  251.88 | Temp: 0.029 | MA (100 ep):  239.55
2026-04-15 12:52:10,812 - Episodio: 442/800 | Reward:  250.93 | Temp: 0.029 | MA (100 ep):  239.25
2026-04-15 12:52:11,627 - Episodio: 443/800 | Reward:  279.84 | Temp: 0.028 | MA (100 ep):  239.37
2026-04-15 12:52:12,448 - Episodio: 444/800 | Reward:  291.62 | Temp: 0.028 | MA (100 ep):  239.77
2026-04-15 12:52:13,299 - Episodio: 445/800 | Reward:  244.80 | Temp: 0.028 | MA (100 ep):  239.44
2026-04-15 12:52:14,043 - Episodio: 446/800 | Reward:  255.52 | Temp: 0.028 | MA (100 ep):  239.59
2026-04-15 12:52:14,785 - Episodio: 447/800 | Reward:  275.03 | Temp: 0.028 | MA (100 ep):  240.29
2026-04-15 12:52:16,138 - Episodio: 448/800 | Reward:  290.37 | Temp: 0.027 | MA (100 ep):  240.84
2026-04-15 12:52:16,928 - Episodio: 449/800 | Reward:  254.57 | Temp: 0.027 | MA (100 ep):  240.52
2026-04-15 12:52:17,781 - Episodio: 450/800 | Reward:  281.59 | Temp: 0.027 | MA (100 ep):  240.69
2026-04-15 12:52:17,783 - --- Inizio Evaluation run all'Episodio 450 ---
2026-04-15 12:52:21,467 - *** EVALUATION | Epi: 450 | Mean Reward (50 Run):  250.20 ± 57.67 ***
2026-04-15 12:52:21,467 - --- Fine Evaluation ---
2026-04-15 12:52:22,416 - Episodio: 451/800 | Reward:  238.43 | Temp: 0.027 | MA (100 ep):  240.45
2026-04-15 12:52:23,097 - Episodio: 452/800 | Reward:  283.49 | Temp: 0.027 | MA (100 ep):  240.37
2026-04-15 12:52:23,768 - Episodio: 453/800 | Reward:  246.08 | Temp: 0.026 | MA (100 ep):  239.97
2026-04-15 12:52:24,368 - Episodio: 454/800 | Reward:  277.20 | Temp: 0.026 | MA (100 ep):  240.02
2026-04-15 12:52:25,060 - Episodio: 455/800 | Reward:  260.98 | Temp: 0.026 | MA (100 ep):  240.10
2026-04-15 12:52:28,498 - Episodio: 456/800 | Reward:  190.76 | Temp: 0.026 | MA (100 ep):  239.53
2026-04-15 12:52:29,266 - Episodio: 457/800 | Reward:  270.39 | Temp: 0.025 | MA (100 ep):  239.55
2026-04-15 12:52:29,871 - Episodio: 458/800 | Reward:  278.21 | Temp: 0.025 | MA (100 ep):  239.74
2026-04-15 12:52:30,706 - Episodio: 459/800 | Reward:  297.36 | Temp: 0.025 | MA (100 ep):  240.19
2026-04-15 12:52:31,399 - Episodio: 460/800 | Reward:  261.27 | Temp: 0.025 | MA (100 ep):  240.43
2026-04-15 12:52:32,237 - Episodio: 461/800 | Reward:  267.89 | Temp: 0.025 | MA (100 ep):  240.51
2026-04-15 12:52:33,264 - Episodio: 462/800 | Reward:  265.62 | Temp: 0.024 | MA (100 ep):  240.56
2026-04-15 12:52:34,065 - Episodio: 463/800 | Reward:  264.08 | Temp: 0.024 | MA (100 ep):  243.54
2026-04-15 12:52:34,792 - Episodio: 464/800 | Reward:  279.63 | Temp: 0.024 | MA (100 ep):  243.76
2026-04-15 12:52:36,373 - Episodio: 465/800 | Reward:  231.74 | Temp: 0.024 | MA (100 ep):  243.36
2026-04-15 12:52:37,072 - Episodio: 466/800 | Reward:  254.44 | Temp: 0.024 | MA (100 ep):  246.17
2026-04-15 12:52:37,725 - Episodio: 467/800 | Reward:  292.26 | Temp: 0.023 | MA (100 ep):  246.31
2026-04-15 12:52:38,718 - Episodio: 468/800 | Reward:  244.69 | Temp: 0.023 | MA (100 ep):  245.96
2026-04-15 12:52:39,551 - Episodio: 469/800 | Reward:  227.27 | Temp: 0.023 | MA (100 ep):  245.57
2026-04-15 12:52:40,263 - Episodio: 470/800 | Reward:  252.31 | Temp: 0.023 | MA (100 ep):  245.11
2026-04-15 12:52:41,321 - Episodio: 471/800 | Reward:  275.47 | Temp: 0.023 | MA (100 ep):  244.84
2026-04-15 12:52:42,148 - Episodio: 472/800 | Reward:  248.14 | Temp: 0.023 | MA (100 ep):  244.50
2026-04-15 12:52:42,918 - Episodio: 473/800 | Reward:  259.68 | Temp: 0.022 | MA (100 ep):  244.33
2026-04-15 12:52:43,693 - Episodio: 474/800 | Reward:  255.69 | Temp: 0.022 | MA (100 ep):  244.28
2026-04-15 12:52:44,389 - Episodio: 475/800 | Reward:  258.68 | Temp: 0.022 | MA (100 ep):  244.41
2026-04-15 12:52:45,203 - Episodio: 476/800 | Reward:  253.12 | Temp: 0.022 | MA (100 ep):  244.23
2026-04-15 12:52:46,209 - Episodio: 477/800 | Reward:  260.54 | Temp: 0.022 | MA (100 ep):  244.19
2026-04-15 12:52:47,114 - Episodio: 478/800 | Reward:  269.55 | Temp: 0.022 | MA (100 ep):  246.26
2026-04-15 12:52:48,072 - Episodio: 479/800 | Reward:  282.38 | Temp: 0.021 | MA (100 ep):  246.13
2026-04-15 12:52:49,035 - Episodio: 480/800 | Reward:  272.00 | Temp: 0.021 | MA (100 ep):  246.16
2026-04-15 12:52:49,708 - Episodio: 481/800 | Reward:  274.17 | Temp: 0.021 | MA (100 ep):  245.92
2026-04-15 12:52:50,132 - Episodio: 482/800 | Reward:   12.80 | Temp: 0.021 | MA (100 ep):  243.20
2026-04-15 12:52:53,851 - Episodio: 483/800 | Reward:  -64.81 | Temp: 0.021 | MA (100 ep):  240.21
2026-04-15 12:52:54,846 - Episodio: 484/800 | Reward:  287.80 | Temp: 0.020 | MA (100 ep):  240.39
2026-04-15 12:52:55,418 - Episodio: 485/800 | Reward:  286.05 | Temp: 0.020 | MA (100 ep):  240.81
2026-04-15 12:52:56,141 - Episodio: 486/800 | Reward:  239.52 | Temp: 0.020 | MA (100 ep):  240.64
2026-04-15 12:52:56,877 - Episodio: 487/800 | Reward:  273.39 | Temp: 0.020 | MA (100 ep):  240.56
2026-04-15 12:52:57,450 - Episodio: 488/800 | Reward:  252.52 | Temp: 0.020 | MA (100 ep):  240.49
2026-04-15 12:52:58,279 - Episodio: 489/800 | Reward:  275.27 | Temp: 0.020 | MA (100 ep):  240.30
2026-04-15 12:52:58,646 - Episodio: 490/800 | Reward:   41.78 | Temp: 0.020 | MA (100 ep):  238.06
2026-04-15 12:52:59,114 - Episodio: 491/800 | Reward:  -32.48 | Temp: 0.019 | MA (100 ep):  235.11
2026-04-15 12:52:59,546 - Episodio: 492/800 | Reward:   12.88 | Temp: 0.019 | MA (100 ep):  234.89
2026-04-15 12:53:00,240 - Episodio: 493/800 | Reward:  288.91 | Temp: 0.019 | MA (100 ep):  234.90
2026-04-15 12:53:00,901 - Episodio: 494/800 | Reward:  285.87 | Temp: 0.019 | MA (100 ep):  235.55
2026-04-15 12:53:01,406 - Episodio: 495/800 | Reward:  -17.46 | Temp: 0.019 | MA (100 ep):  237.09
2026-04-15 12:53:02,279 - Episodio: 496/800 | Reward:  276.76 | Temp: 0.019 | MA (100 ep):  237.13
2026-04-15 12:53:03,609 - Episodio: 497/800 | Reward: -164.77 | Temp: 0.018 | MA (100 ep):  237.08
2026-04-15 12:53:04,193 - Episodio: 498/800 | Reward:  226.78 | Temp: 0.018 | MA (100 ep):  236.57
2026-04-15 12:53:05,051 - Episodio: 499/800 | Reward:  272.62 | Temp: 0.018 | MA (100 ep):  236.48
2026-04-15 12:53:05,684 - Episodio: 500/800 | Reward:  245.85 | Temp: 0.018 | MA (100 ep):  236.32
2026-04-15 12:53:05,684 - --- Inizio Evaluation run all'Episodio 500 ---
2026-04-15 12:53:09,139 - *** EVALUATION | Epi: 500 | Mean Reward (50 Run):  247.25 ± 75.03 ***
2026-04-15 12:53:09,139 - --- Fine Evaluation ---
2026-04-15 12:53:10,001 - Episodio: 501/800 | Reward:  303.65 | Temp: 0.018 | MA (100 ep):  236.66
2026-04-15 12:53:10,398 - Episodio: 502/800 | Reward:  -68.06 | Temp: 0.018 | MA (100 ep):  234.22
2026-04-15 12:53:11,077 - Episodio: 503/800 | Reward:  258.78 | Temp: 0.018 | MA (100 ep):  237.04
2026-04-15 12:53:12,403 - Episodio: 504/800 | Reward:  187.56 | Temp: 0.017 | MA (100 ep):  236.25
2026-04-15 12:53:13,078 - Episodio: 505/800 | Reward:  275.45 | Temp: 0.017 | MA (100 ep):  236.66
2026-04-15 12:53:14,079 - Episodio: 506/800 | Reward:  203.60 | Temp: 0.017 | MA (100 ep):  235.76
2026-04-15 12:53:15,005 - Episodio: 507/800 | Reward:  272.83 | Temp: 0.017 | MA (100 ep):  235.72
2026-04-15 12:53:15,857 - Episodio: 508/800 | Reward:  289.01 | Temp: 0.017 | MA (100 ep):  235.74
2026-04-15 12:53:16,705 - Episodio: 509/800 | Reward:  291.97 | Temp: 0.017 | MA (100 ep):  236.18
2026-04-15 12:53:17,429 - Episodio: 510/800 | Reward:  248.74 | Temp: 0.017 | MA (100 ep):  235.88
2026-04-15 12:53:18,243 - Episodio: 511/800 | Reward:  264.86 | Temp: 0.016 | MA (100 ep):  235.84
2026-04-15 12:53:18,946 - Episodio: 512/800 | Reward:  292.27 | Temp: 0.016 | MA (100 ep):  235.95
2026-04-15 12:53:19,612 - Episodio: 513/800 | Reward:  262.99 | Temp: 0.016 | MA (100 ep):  236.02
2026-04-15 12:53:20,403 - Episodio: 514/800 | Reward:  279.69 | Temp: 0.016 | MA (100 ep):  236.17
2026-04-15 12:53:21,073 - Episodio: 515/800 | Reward:  250.31 | Temp: 0.016 | MA (100 ep):  236.02
2026-04-15 12:53:21,641 - Episodio: 516/800 | Reward:  288.68 | Temp: 0.016 | MA (100 ep):  239.77
2026-04-15 12:53:22,338 - Episodio: 517/800 | Reward:  268.50 | Temp: 0.016 | MA (100 ep):  239.84
2026-04-15 12:53:23,064 - Episodio: 518/800 | Reward:  248.07 | Temp: 0.016 | MA (100 ep):  239.85
2026-04-15 12:53:23,858 - Episodio: 519/800 | Reward:  233.03 | Temp: 0.015 | MA (100 ep):  239.34
2026-04-15 12:53:24,818 - Episodio: 520/800 | Reward:  287.67 | Temp: 0.015 | MA (100 ep):  239.41
2026-04-15 12:53:25,300 - Episodio: 521/800 | Reward:  -15.82 | Temp: 0.015 | MA (100 ep):  236.54
2026-04-15 12:53:26,233 - Episodio: 522/800 | Reward:  -22.16 | Temp: 0.015 | MA (100 ep):  233.52
2026-04-15 12:53:26,868 - Episodio: 523/800 | Reward:  -33.38 | Temp: 0.015 | MA (100 ep):  232.95
2026-04-15 12:53:27,616 - Episodio: 524/800 | Reward:  278.13 | Temp: 0.015 | MA (100 ep):  233.10
2026-04-15 12:53:28,469 - Episodio: 525/800 | Reward:  264.05 | Temp: 0.015 | MA (100 ep):  232.66
2026-04-15 12:53:29,245 - Episodio: 526/800 | Reward:  266.96 | Temp: 0.015 | MA (100 ep):  232.48
2026-04-15 12:53:29,937 - Episodio: 527/800 | Reward:  263.80 | Temp: 0.015 | MA (100 ep):  232.18
2026-04-15 12:53:30,775 - Episodio: 528/800 | Reward:  276.27 | Temp: 0.014 | MA (100 ep):  232.41
2026-04-15 12:53:31,515 - Episodio: 529/800 | Reward:  276.57 | Temp: 0.014 | MA (100 ep):  232.53
2026-04-15 12:53:32,159 - Episodio: 530/800 | Reward:  310.42 | Temp: 0.014 | MA (100 ep):  232.89
2026-04-15 12:53:33,389 - Episodio: 531/800 | Reward:  298.74 | Temp: 0.014 | MA (100 ep):  233.21
2026-04-15 12:53:34,413 - Episodio: 532/800 | Reward:  255.40 | Temp: 0.014 | MA (100 ep):  232.90
2026-04-15 12:53:35,090 - Episodio: 533/800 | Reward:  244.06 | Temp: 0.014 | MA (100 ep):  232.80
2026-04-15 12:53:35,487 - Episodio: 534/800 | Reward: -372.86 | Temp: 0.014 | MA (100 ep):  226.19
2026-04-15 12:53:36,240 - Episodio: 535/800 | Reward:  259.98 | Temp: 0.014 | MA (100 ep):  225.81
2026-04-15 12:53:37,054 - Episodio: 536/800 | Reward:  305.09 | Temp: 0.013 | MA (100 ep):  226.47
2026-04-15 12:53:38,038 - Episodio: 537/800 | Reward:  294.36 | Temp: 0.013 | MA (100 ep):  226.83
2026-04-15 12:53:38,781 - Episodio: 538/800 | Reward:  272.54 | Temp: 0.013 | MA (100 ep):  226.60
2026-04-15 12:53:40,064 - Episodio: 539/800 | Reward:  300.63 | Temp: 0.013 | MA (100 ep):  227.02
2026-04-15 12:53:40,617 - Episodio: 540/800 | Reward:  284.42 | Temp: 0.013 | MA (100 ep):  227.16
2026-04-15 12:53:41,298 - Episodio: 541/800 | Reward:  271.81 | Temp: 0.013 | MA (100 ep):  227.36
2026-04-15 12:53:41,786 - Episodio: 542/800 | Reward:  -60.40 | Temp: 0.013 | MA (100 ep):  224.24
2026-04-15 12:53:42,451 - Episodio: 543/800 | Reward:  240.87 | Temp: 0.013 | MA (100 ep):  223.85
2026-04-15 12:53:43,169 - Episodio: 544/800 | Reward:  285.38 | Temp: 0.013 | MA (100 ep):  223.79
2026-04-15 12:53:43,510 - Episodio: 545/800 | Reward: -210.79 | Temp: 0.013 | MA (100 ep):  219.24
2026-04-15 12:53:44,175 - Episodio: 546/800 | Reward:  -23.64 | Temp: 0.012 | MA (100 ep):  216.44
2026-04-15 12:53:45,312 - Episodio: 547/800 | Reward:  292.82 | Temp: 0.012 | MA (100 ep):  216.62
2026-04-15 12:53:46,178 - Episodio: 548/800 | Reward:  301.60 | Temp: 0.012 | MA (100 ep):  216.73
2026-04-15 12:53:46,763 - Episodio: 549/800 | Reward: -116.22 | Temp: 0.012 | MA (100 ep):  213.03
2026-04-15 12:53:47,238 - Episodio: 550/800 | Reward:    5.68 | Temp: 0.012 | MA (100 ep):  210.27
2026-04-15 12:53:47,238 - --- Inizio Evaluation run all'Episodio 550 ---
2026-04-15 12:53:51,581 - *** EVALUATION | Epi: 550 | Mean Reward (50 Run):   85.39 ± 160.97 ***
2026-04-15 12:53:51,581 - --- Fine Evaluation ---
2026-04-15 12:53:52,266 - Episodio: 551/800 | Reward:  245.25 | Temp: 0.012 | MA (100 ep):  210.34
2026-04-15 12:53:52,918 - Episodio: 552/800 | Reward:  259.15 | Temp: 0.012 | MA (100 ep):  210.09
2026-04-15 12:53:53,621 - Episodio: 553/800 | Reward:  243.01 | Temp: 0.012 | MA (100 ep):  210.06
2026-04-15 12:53:54,656 - Episodio: 554/800 | Reward:  -69.20 | Temp: 0.012 | MA (100 ep):  206.60
2026-04-15 12:53:55,337 - Episodio: 555/800 | Reward:  280.40 | Temp: 0.012 | MA (100 ep):  206.79
2026-04-15 12:53:56,557 - Episodio: 556/800 | Reward:  293.24 | Temp: 0.011 | MA (100 ep):  207.82
2026-04-15 12:53:57,279 - Episodio: 557/800 | Reward:  273.19 | Temp: 0.011 | MA (100 ep):  207.84
2026-04-15 12:53:57,997 - Episodio: 558/800 | Reward:  262.14 | Temp: 0.011 | MA (100 ep):  207.68
2026-04-15 12:53:58,935 - Episodio: 559/800 | Reward:  288.94 | Temp: 0.011 | MA (100 ep):  207.60
2026-04-15 12:53:59,428 - Episodio: 560/800 | Reward:   71.68 | Temp: 0.011 | MA (100 ep):  205.70
2026-04-15 12:54:00,026 - Episodio: 561/800 | Reward:  277.22 | Temp: 0.011 | MA (100 ep):  205.80
2026-04-15 12:54:00,763 - Episodio: 562/800 | Reward:  263.00 | Temp: 0.011 | MA (100 ep):  205.77
2026-04-15 12:54:01,547 - Episodio: 563/800 | Reward:  286.84 | Temp: 0.011 | MA (100 ep):  206.00
2026-04-15 12:54:02,314 - Episodio: 564/800 | Reward:  263.44 | Temp: 0.011 | MA (100 ep):  205.84
2026-04-15 12:54:03,104 - Episodio: 565/800 | Reward:  309.22 | Temp: 0.011 | MA (100 ep):  206.61
2026-04-15 12:54:03,906 - Episodio: 566/800 | Reward:  286.53 | Temp: 0.011 | MA (100 ep):  206.93
2026-04-15 12:54:04,586 - Episodio: 567/800 | Reward:  251.25 | Temp: 0.011 | MA (100 ep):  206.52
2026-04-15 12:54:05,669 - Episodio: 568/800 | Reward:  278.25 | Temp: 0.010 | MA (100 ep):  206.86
2026-04-15 12:54:06,307 - Episodio: 569/800 | Reward:  252.29 | Temp: 0.010 | MA (100 ep):  207.11
2026-04-15 12:54:07,205 - Episodio: 570/800 | Reward:  235.52 | Temp: 0.010 | MA (100 ep):  206.94
2026-04-15 12:54:08,292 - Episodio: 571/800 | Reward:  284.42 | Temp: 0.010 | MA (100 ep):  207.03
2026-04-15 12:54:09,864 - Episodio: 572/800 | Reward:  292.27 | Temp: 0.010 | MA (100 ep):  207.47
2026-04-15 12:54:10,908 - Episodio: 573/800 | Reward:  275.99 | Temp: 0.010 | MA (100 ep):  207.63
2026-04-15 12:54:11,657 - Episodio: 574/800 | Reward:  274.31 | Temp: 0.010 | MA (100 ep):  207.82
2026-04-15 12:54:12,281 - Episodio: 575/800 | Reward:  256.37 | Temp: 0.010 | MA (100 ep):  207.80
2026-04-15 12:54:13,075 - Episodio: 576/800 | Reward:  268.83 | Temp: 0.010 | MA (100 ep):  207.95
2026-04-15 12:54:13,542 - Episodio: 577/800 | Reward:   67.79 | Temp: 0.010 | MA (100 ep):  206.03
2026-04-15 12:54:14,977 - Episodio: 578/800 | Reward:  275.08 | Temp: 0.010 | MA (100 ep):  206.08
2026-04-15 12:54:16,016 - Episodio: 579/800 | Reward:  301.14 | Temp: 0.010 | MA (100 ep):  206.27
2026-04-15 12:54:16,973 - Episodio: 580/800 | Reward:  305.26 | Temp: 0.010 | MA (100 ep):  206.60
2026-04-15 12:54:17,783 - Episodio: 581/800 | Reward:  309.28 | Temp: 0.010 | MA (100 ep):  206.95
2026-04-15 12:54:19,246 - Episodio: 582/800 | Reward:  271.50 | Temp: 0.010 | MA (100 ep):  209.54
2026-04-15 12:54:20,167 - Episodio: 583/800 | Reward:  238.39 | Temp: 0.010 | MA (100 ep):  212.57
2026-04-15 12:54:21,307 - Episodio: 584/800 | Reward:  223.27 | Temp: 0.010 | MA (100 ep):  211.93
2026-04-15 12:54:22,693 - Episodio: 585/800 | Reward:  273.40 | Temp: 0.010 | MA (100 ep):  211.80
2026-04-15 12:54:23,215 - Episodio: 586/800 | Reward:  284.12 | Temp: 0.010 | MA (100 ep):  212.25
2026-04-15 12:54:24,184 - Episodio: 587/800 | Reward:  277.86 | Temp: 0.010 | MA (100 ep):  212.29
2026-04-15 12:54:24,826 - Episodio: 588/800 | Reward:  302.18 | Temp: 0.010 | MA (100 ep):  212.79
2026-04-15 12:54:28,521 - Episodio: 589/800 | Reward:  153.17 | Temp: 0.010 | MA (100 ep):  211.57
2026-04-15 12:54:29,272 - Episodio: 590/800 | Reward:  269.74 | Temp: 0.010 | MA (100 ep):  213.85
2026-04-15 12:54:30,340 - Episodio: 591/800 | Reward:  226.58 | Temp: 0.010 | MA (100 ep):  216.44
2026-04-15 12:54:30,975 - Episodio: 592/800 | Reward:  264.61 | Temp: 0.010 | MA (100 ep):  218.95
2026-04-15 12:54:32,486 - Episodio: 593/800 | Reward:  253.23 | Temp: 0.010 | MA (100 ep):  218.60
2026-04-15 12:54:33,196 - Episodio: 594/800 | Reward:  273.82 | Temp: 0.010 | MA (100 ep):  218.48
2026-04-15 12:54:33,968 - Episodio: 595/800 | Reward:  264.99 | Temp: 0.010 | MA (100 ep):  221.30
2026-04-15 12:54:34,566 - Episodio: 596/800 | Reward:  241.15 | Temp: 0.010 | MA (100 ep):  220.94
2026-04-15 12:54:35,685 - Episodio: 597/800 | Reward:  291.92 | Temp: 0.010 | MA (100 ep):  225.51
2026-04-15 12:54:36,398 - Episodio: 598/800 | Reward:  263.93 | Temp: 0.010 | MA (100 ep):  225.88
2026-04-15 12:54:37,167 - Episodio: 599/800 | Reward:  273.16 | Temp: 0.010 | MA (100 ep):  225.89
2026-04-15 12:54:40,792 - Episodio: 600/800 | Reward:  117.16 | Temp: 0.010 | MA (100 ep):  224.60
2026-04-15 12:54:40,792 - --- Inizio Evaluation run all'Episodio 600 ---
2026-04-15 12:54:44,346 - *** EVALUATION | Epi: 600 | Mean Reward (50 Run):  256.83 ± 41.88 ***
2026-04-15 12:54:44,346 - --- Fine Evaluation ---
2026-04-15 12:54:44,890 - Episodio: 601/800 | Reward:  276.61 | Temp: 0.010 | MA (100 ep):  224.33
2026-04-15 12:54:45,957 - Episodio: 602/800 | Reward:  276.79 | Temp: 0.010 | MA (100 ep):  227.78
2026-04-15 12:54:46,841 - Episodio: 603/800 | Reward:  291.57 | Temp: 0.010 | MA (100 ep):  228.11
2026-04-15 12:54:47,852 - Episodio: 604/800 | Reward:  280.71 | Temp: 0.010 | MA (100 ep):  229.04
2026-04-15 12:54:48,466 - Episodio: 605/800 | Reward:  261.81 | Temp: 0.010 | MA (100 ep):  228.90
2026-04-15 12:54:49,518 - Episodio: 606/800 | Reward:  297.94 | Temp: 0.010 | MA (100 ep):  229.85
2026-04-15 12:54:50,238 - Episodio: 607/800 | Reward:  295.42 | Temp: 0.010 | MA (100 ep):  230.07
2026-04-15 12:54:51,169 - Episodio: 608/800 | Reward:  261.67 | Temp: 0.010 | MA (100 ep):  229.80
2026-04-15 12:54:51,805 - Episodio: 609/800 | Reward:  246.88 | Temp: 0.010 | MA (100 ep):  229.35
2026-04-15 12:54:52,665 - Episodio: 610/800 | Reward:  282.07 | Temp: 0.010 | MA (100 ep):  229.68
2026-04-15 12:54:53,289 - Episodio: 611/800 | Reward:  268.88 | Temp: 0.010 | MA (100 ep):  229.72
2026-04-15 12:54:53,837 - Episodio: 612/800 | Reward:  261.76 | Temp: 0.010 | MA (100 ep):  229.42
2026-04-15 12:54:54,566 - Episodio: 613/800 | Reward:  276.60 | Temp: 0.010 | MA (100 ep):  229.55
2026-04-15 12:54:54,852 - Episodio: 614/800 | Reward:  -38.99 | Temp: 0.010 | MA (100 ep):  226.37
2026-04-15 12:54:55,630 - Episodio: 615/800 | Reward:  256.14 | Temp: 0.010 | MA (100 ep):  226.42
2026-04-15 12:54:56,344 - Episodio: 616/800 | Reward:  273.10 | Temp: 0.010 | MA (100 ep):  226.27
2026-04-15 12:54:57,089 - Episodio: 617/800 | Reward:  288.76 | Temp: 0.010 | MA (100 ep):  226.47
2026-04-15 12:54:57,773 - Episodio: 618/800 | Reward:  301.62 | Temp: 0.010 | MA (100 ep):  227.01
2026-04-15 12:54:58,814 - Episodio: 619/800 | Reward:  252.92 | Temp: 0.010 | MA (100 ep):  227.21
2026-04-15 12:54:59,558 - Episodio: 620/800 | Reward:  304.44 | Temp: 0.010 | MA (100 ep):  227.37
2026-04-15 12:55:00,333 - Episodio: 621/800 | Reward:  266.06 | Temp: 0.010 | MA (100 ep):  230.19
2026-04-15 12:55:01,205 - Episodio: 622/800 | Reward:  266.83 | Temp: 0.010 | MA (100 ep):  233.08
2026-04-15 12:55:01,807 - Episodio: 623/800 | Reward:  245.34 | Temp: 0.010 | MA (100 ep):  235.87
2026-04-15 12:55:02,489 - Episodio: 624/800 | Reward:  265.75 | Temp: 0.010 | MA (100 ep):  235.75
2026-04-15 12:55:03,225 - Episodio: 625/800 | Reward:  295.76 | Temp: 0.010 | MA (100 ep):  236.06
2026-04-15 12:55:03,841 - Episodio: 626/800 | Reward:  292.73 | Temp: 0.010 | MA (100 ep):  236.32
2026-04-15 12:55:04,600 - Episodio: 627/800 | Reward:  291.34 | Temp: 0.010 | MA (100 ep):  236.60
2026-04-15 12:55:05,339 - Episodio: 628/800 | Reward:  248.83 | Temp: 0.010 | MA (100 ep):  236.32
2026-04-15 12:55:06,378 - Episodio: 629/800 | Reward:  284.73 | Temp: 0.010 | MA (100 ep):  236.40
2026-04-15 12:55:07,076 - Episodio: 630/800 | Reward:  286.44 | Temp: 0.010 | MA (100 ep):  236.16
2026-04-15 12:55:07,805 - Episodio: 631/800 | Reward:  268.23 | Temp: 0.010 | MA (100 ep):  235.86
2026-04-15 12:55:09,609 - Episodio: 632/800 | Reward:  244.13 | Temp: 0.010 | MA (100 ep):  235.74
2026-04-15 12:55:10,250 - Episodio: 633/800 | Reward:  294.38 | Temp: 0.010 | MA (100 ep):  236.25
2026-04-15 12:55:10,879 - Episodio: 634/800 | Reward:  283.23 | Temp: 0.010 | MA (100 ep):  242.81
2026-04-15 12:55:11,607 - Episodio: 635/800 | Reward:  254.82 | Temp: 0.010 | MA (100 ep):  242.76
2026-04-15 12:55:12,414 - Episodio: 636/800 | Reward:  322.07 | Temp: 0.010 | MA (100 ep):  242.93
2026-04-15 12:55:13,142 - Episodio: 637/800 | Reward:  264.26 | Temp: 0.010 | MA (100 ep):  242.63
2026-04-15 12:55:14,071 - Episodio: 638/800 | Reward:  294.66 | Temp: 0.010 | MA (100 ep):  242.85
2026-04-15 12:55:14,621 - Episodio: 639/800 | Reward:  296.48 | Temp: 0.010 | MA (100 ep):  242.81
2026-04-15 12:55:15,388 - Episodio: 640/800 | Reward:  282.03 | Temp: 0.010 | MA (100 ep):  242.78
2026-04-15 12:55:16,008 - Episodio: 641/800 | Reward:  260.98 | Temp: 0.010 | MA (100 ep):  242.67
2026-04-15 12:55:16,661 - Episodio: 642/800 | Reward:  270.17 | Temp: 0.010 | MA (100 ep):  245.98
2026-04-15 12:55:17,343 - Episodio: 643/800 | Reward:  234.26 | Temp: 0.010 | MA (100 ep):  245.91
2026-04-15 12:55:18,071 - Episodio: 644/800 | Reward:  280.99 | Temp: 0.010 | MA (100 ep):  245.87
2026-04-15 12:55:19,207 - Episodio: 645/800 | Reward:  255.71 | Temp: 0.010 | MA (100 ep):  250.53
2026-04-15 12:55:21,099 - Episodio: 646/800 | Reward:  263.11 | Temp: 0.010 | MA (100 ep):  253.40
2026-04-15 12:55:22,046 - Episodio: 647/800 | Reward:  297.51 | Temp: 0.010 | MA (100 ep):  253.45
2026-04-15 12:55:22,739 - Episodio: 648/800 | Reward:  258.25 | Temp: 0.010 | MA (100 ep):  253.02
2026-04-15 12:55:23,512 - Episodio: 649/800 | Reward:  282.43 | Temp: 0.010 | MA (100 ep):  257.00
2026-04-15 12:55:24,236 - Episodio: 650/800 | Reward:  281.23 | Temp: 0.010 | MA (100 ep):  259.76
2026-04-15 12:55:24,236 - --- Inizio Evaluation run all'Episodio 650 ---
2026-04-15 12:55:27,753 - *** EVALUATION | Epi: 650 | Mean Reward (50 Run):  211.13 ± 118.61 ***
2026-04-15 12:55:27,753 - --- Fine Evaluation ---
2026-04-15 12:55:28,723 - Episodio: 651/800 | Reward:  266.73 | Temp: 0.010 | MA (100 ep):  259.97
2026-04-15 12:55:29,603 - Episodio: 652/800 | Reward:  243.65 | Temp: 0.010 | MA (100 ep):  259.82
2026-04-15 12:55:29,923 - Episodio: 653/800 | Reward:  -30.96 | Temp: 0.010 | MA (100 ep):  257.08
2026-04-15 12:55:30,574 - Episodio: 654/800 | Reward:  282.15 | Temp: 0.010 | MA (100 ep):  260.59
2026-04-15 12:55:31,567 - Episodio: 655/800 | Reward:  280.36 | Temp: 0.010 | MA (100 ep):  260.59
2026-04-15 12:55:32,302 - Episodio: 656/800 | Reward:  289.37 | Temp: 0.010 | MA (100 ep):  260.55
2026-04-15 12:55:34,257 - Episodio: 657/800 | Reward:  179.17 | Temp: 0.010 | MA (100 ep):  259.61
2026-04-15 12:55:34,935 - Episodio: 658/800 | Reward:  282.29 | Temp: 0.010 | MA (100 ep):  259.81
2026-04-15 12:55:35,607 - Episodio: 659/800 | Reward:  257.66 | Temp: 0.010 | MA (100 ep):  259.50
2026-04-15 12:55:36,257 - Episodio: 660/800 | Reward:  296.74 | Temp: 0.010 | MA (100 ep):  261.75
2026-04-15 12:55:36,982 - Episodio: 661/800 | Reward:  265.32 | Temp: 0.010 | MA (100 ep):  261.63
2026-04-15 12:55:37,465 - Episodio: 662/800 | Reward:   10.78 | Temp: 0.010 | MA (100 ep):  259.11
2026-04-15 12:55:38,126 - Episodio: 663/800 | Reward:  306.42 | Temp: 0.010 | MA (100 ep):  259.31
2026-04-15 12:55:39,748 - Episodio: 664/800 | Reward:  260.62 | Temp: 0.010 | MA (100 ep):  259.28
2026-04-15 12:55:40,395 - Episodio: 665/800 | Reward:  246.49 | Temp: 0.010 | MA (100 ep):  258.65
2026-04-15 12:55:41,037 - Episodio: 666/800 | Reward:  245.98 | Temp: 0.010 | MA (100 ep):  258.24
2026-04-15 12:55:41,715 - Episodio: 667/800 | Reward:  270.52 | Temp: 0.010 | MA (100 ep):  258.44
2026-04-15 12:55:42,435 - Episodio: 668/800 | Reward:  252.77 | Temp: 0.010 | MA (100 ep):  258.18
2026-04-15 12:55:42,989 - Episodio: 669/800 | Reward:  299.03 | Temp: 0.010 | MA (100 ep):  258.65
2026-04-15 12:55:43,765 - Episodio: 670/800 | Reward:  306.61 | Temp: 0.010 | MA (100 ep):  259.36
2026-04-15 12:55:44,529 - Episodio: 671/800 | Reward:  298.76 | Temp: 0.010 | MA (100 ep):  259.50
2026-04-15 12:55:45,414 - Episodio: 672/800 | Reward:  277.62 | Temp: 0.010 | MA (100 ep):  259.36
2026-04-15 12:55:46,217 - Episodio: 673/800 | Reward:  314.71 | Temp: 0.010 | MA (100 ep):  259.74
2026-04-15 12:55:46,905 - Episodio: 674/800 | Reward:  260.25 | Temp: 0.010 | MA (100 ep):  259.60
2026-04-15 12:55:47,679 - Episodio: 675/800 | Reward:  210.49 | Temp: 0.010 | MA (100 ep):  259.15
2026-04-15 12:55:48,606 - Episodio: 676/800 | Reward:  230.26 | Temp: 0.010 | MA (100 ep):  258.76
2026-04-15 12:55:52,312 - Episodio: 677/800 | Reward:  163.05 | Temp: 0.010 | MA (100 ep):  259.71
2026-04-15 12:55:53,072 - Episodio: 678/800 | Reward:  314.58 | Temp: 0.010 | MA (100 ep):  260.11
2026-04-15 12:55:53,628 - Episodio: 679/800 | Reward:  244.40 | Temp: 0.010 | MA (100 ep):  259.54
2026-04-15 12:55:54,635 - Episodio: 680/800 | Reward:  276.09 | Temp: 0.010 | MA (100 ep):  259.25
2026-04-15 12:55:55,288 - Episodio: 681/800 | Reward:  280.78 | Temp: 0.010 | MA (100 ep):  258.96
2026-04-15 12:55:56,160 - Episodio: 682/800 | Reward:  209.74 | Temp: 0.010 | MA (100 ep):  258.35
2026-04-15 12:55:56,634 - Episodio: 683/800 | Reward:   -4.11 | Temp: 0.010 | MA (100 ep):  255.92
2026-04-15 12:55:57,315 - Episodio: 684/800 | Reward:  250.72 | Temp: 0.010 | MA (100 ep):  256.19
2026-04-15 12:55:58,234 - Episodio: 685/800 | Reward:  249.77 | Temp: 0.010 | MA (100 ep):  255.96
2026-04-15 12:55:59,050 - Episodio: 686/800 | Reward:  307.95 | Temp: 0.010 | MA (100 ep):  256.20
2026-04-15 12:55:59,685 - Episodio: 687/800 | Reward:  277.39 | Temp: 0.010 | MA (100 ep):  256.19
2026-04-15 12:56:01,142 - Episodio: 688/800 | Reward:  278.19 | Temp: 0.010 | MA (100 ep):  255.95
2026-04-15 12:56:01,821 - Episodio: 689/800 | Reward:  302.93 | Temp: 0.010 | MA (100 ep):  257.45
2026-04-15 12:56:02,532 - Episodio: 690/800 | Reward:  278.06 | Temp: 0.010 | MA (100 ep):  257.53
2026-04-15 12:56:04,061 - Episodio: 691/800 | Reward:  254.01 | Temp: 0.010 | MA (100 ep):  257.81
2026-04-15 12:56:05,194 - Episodio: 692/800 | Reward:  248.49 | Temp: 0.010 | MA (100 ep):  257.65
2026-04-15 12:56:05,774 - Episodio: 693/800 | Reward:  279.79 | Temp: 0.010 | MA (100 ep):  257.91
2026-04-15 12:56:07,561 - Episodio: 694/800 | Reward:  201.68 | Temp: 0.010 | MA (100 ep):  257.19
2026-04-15 12:56:08,390 - Episodio: 695/800 | Reward:  225.03 | Temp: 0.010 | MA (100 ep):  256.79
2026-04-15 12:56:08,749 - Episodio: 696/800 | Reward:   54.30 | Temp: 0.010 | MA (100 ep):  254.92
2026-04-15 12:56:09,508 - Episodio: 697/800 | Reward:  273.31 | Temp: 0.010 | MA (100 ep):  254.74
2026-04-15 12:56:10,149 - Episodio: 698/800 | Reward:  217.58 | Temp: 0.010 | MA (100 ep):  254.27
2026-04-15 12:56:10,870 - Episodio: 699/800 | Reward:  287.22 | Temp: 0.010 | MA (100 ep):  254.41
2026-04-15 12:56:11,794 - Episodio: 700/800 | Reward:  235.27 | Temp: 0.010 | MA (100 ep):  255.59
2026-04-15 12:56:11,794 - --- Inizio Evaluation run all'Episodio 700 ---
2026-04-15 12:56:15,192 - *** EVALUATION | Epi: 700 | Mean Reward (50 Run):  231.43 ± 117.28 ***
2026-04-15 12:56:15,192 - --- Fine Evaluation ---
2026-04-15 12:56:15,734 - Episodio: 701/800 | Reward:  276.45 | Temp: 0.010 | MA (100 ep):  255.59
2026-04-15 12:56:16,875 - Episodio: 702/800 | Reward:  273.17 | Temp: 0.010 | MA (100 ep):  255.56
2026-04-15 12:56:17,989 - Episodio: 703/800 | Reward:  278.19 | Temp: 0.010 | MA (100 ep):  255.42
2026-04-15 12:56:18,735 - Episodio: 704/800 | Reward:  309.10 | Temp: 0.010 | MA (100 ep):  255.71
2026-04-15 12:56:19,618 - Episodio: 705/800 | Reward:  272.62 | Temp: 0.010 | MA (100 ep):  255.81
2026-04-15 12:56:20,692 - Episodio: 706/800 | Reward:  242.25 | Temp: 0.010 | MA (100 ep):  255.26
2026-04-15 12:56:21,990 - Episodio: 707/800 | Reward:  265.17 | Temp: 0.010 | MA (100 ep):  254.95
2026-04-15 12:56:22,447 - Episodio: 708/800 | Reward:   11.58 | Temp: 0.010 | MA (100 ep):  252.45
2026-04-15 12:56:22,991 - Episodio: 709/800 | Reward:  278.70 | Temp: 0.010 | MA (100 ep):  252.77
2026-04-15 12:56:24,516 - Episodio: 710/800 | Reward:  208.36 | Temp: 0.010 | MA (100 ep):  252.04
2026-04-15 12:56:25,226 - Episodio: 711/800 | Reward:  263.26 | Temp: 0.010 | MA (100 ep):  251.98
2026-04-15 12:56:25,904 - Episodio: 712/800 | Reward:  247.89 | Temp: 0.010 | MA (100 ep):  251.84
2026-04-15 12:56:26,804 - Episodio: 713/800 | Reward:  282.18 | Temp: 0.010 | MA (100 ep):  251.90
2026-04-15 12:56:27,505 - Episodio: 714/800 | Reward:  279.75 | Temp: 0.010 | MA (100 ep):  255.08
2026-04-15 12:56:28,034 - Episodio: 715/800 | Reward:  -16.94 | Temp: 0.010 | MA (100 ep):  252.35
2026-04-15 12:56:28,729 - Episodio: 716/800 | Reward:  272.92 | Temp: 0.010 | MA (100 ep):  252.35
2026-04-15 12:56:30,594 - Episodio: 717/800 | Reward: -163.47 | Temp: 0.010 | MA (100 ep):  247.83
2026-04-15 12:56:31,153 - Episodio: 718/800 | Reward:   12.61 | Temp: 0.010 | MA (100 ep):  244.94
2026-04-15 12:56:32,025 - Episodio: 719/800 | Reward: -273.15 | Temp: 0.010 | MA (100 ep):  239.68
2026-04-15 12:56:32,968 - Episodio: 720/800 | Reward:  260.62 | Temp: 0.010 | MA (100 ep):  239.24
2026-04-15 12:56:33,864 - Episodio: 721/800 | Reward:  276.97 | Temp: 0.010 | MA (100 ep):  239.35
2026-04-15 12:56:34,449 - Episodio: 722/800 | Reward:  252.98 | Temp: 0.010 | MA (100 ep):  239.21
2026-04-15 12:56:35,034 - Episodio: 723/800 | Reward:  240.40 | Temp: 0.010 | MA (100 ep):  239.16
2026-04-15 12:56:35,679 - Episodio: 724/800 | Reward:  257.46 | Temp: 0.010 | MA (100 ep):  239.08
2026-04-15 12:56:36,447 - Episodio: 725/800 | Reward:  284.39 | Temp: 0.010 | MA (100 ep):  238.96
2026-04-15 12:56:37,668 - Episodio: 726/800 | Reward:  264.87 | Temp: 0.010 | MA (100 ep):  238.69
2026-04-15 12:56:38,222 - Episodio: 727/800 | Reward:  251.73 | Temp: 0.010 | MA (100 ep):  238.29
2026-04-15 12:56:39,342 - Episodio: 728/800 | Reward:  300.31 | Temp: 0.010 | MA (100 ep):  238.80
2026-04-15 12:56:39,907 - Episodio: 729/800 | Reward:  244.44 | Temp: 0.010 | MA (100 ep):  238.40
2026-04-15 12:56:40,492 - Episodio: 730/800 | Reward:  257.28 | Temp: 0.010 | MA (100 ep):  238.11
2026-04-15 12:56:41,391 - Episodio: 731/800 | Reward:  264.88 | Temp: 0.010 | MA (100 ep):  238.08
2026-04-15 12:56:41,914 - Episodio: 732/800 | Reward:  290.77 | Temp: 0.010 | MA (100 ep):  238.54
2026-04-15 12:56:42,313 - Episodio: 733/800 | Reward:   24.06 | Temp: 0.010 | MA (100 ep):  235.84
2026-04-15 12:56:43,572 - Episodio: 734/800 | Reward: -123.74 | Temp: 0.010 | MA (100 ep):  231.77
2026-04-15 12:56:44,365 - Episodio: 735/800 | Reward:  302.83 | Temp: 0.010 | MA (100 ep):  232.25
2026-04-15 12:56:45,136 - Episodio: 736/800 | Reward:  297.41 | Temp: 0.010 | MA (100 ep):  232.00
2026-04-15 12:56:45,817 - Episodio: 737/800 | Reward:  248.82 | Temp: 0.010 | MA (100 ep):  231.85
2026-04-15 12:56:46,579 - Episodio: 738/800 | Reward:  285.52 | Temp: 0.010 | MA (100 ep):  231.76
2026-04-15 12:56:47,158 - Episodio: 739/800 | Reward:  279.71 | Temp: 0.010 | MA (100 ep):  231.59
2026-04-15 12:56:48,325 - Episodio: 740/800 | Reward:  285.27 | Temp: 0.010 | MA (100 ep):  231.62
2026-04-15 12:56:48,787 - Episodio: 741/800 | Reward:  -18.54 | Temp: 0.010 | MA (100 ep):  228.83
2026-04-15 12:56:49,447 - Episodio: 742/800 | Reward:  282.46 | Temp: 0.010 | MA (100 ep):  228.95
2026-04-15 12:56:50,022 - Episodio: 743/800 | Reward:  251.85 | Temp: 0.010 | MA (100 ep):  229.13
2026-04-15 12:56:50,975 - Episodio: 744/800 | Reward:  280.72 | Temp: 0.010 | MA (100 ep):  229.12
2026-04-15 12:56:51,862 - Episodio: 745/800 | Reward:  301.75 | Temp: 0.010 | MA (100 ep):  229.58
2026-04-15 12:56:52,473 - Episodio: 746/800 | Reward:  251.21 | Temp: 0.010 | MA (100 ep):  229.46
2026-04-15 12:56:53,136 - Episodio: 747/800 | Reward:  265.25 | Temp: 0.010 | MA (100 ep):  229.14
2026-04-15 12:56:53,752 - Episodio: 748/800 | Reward:  262.04 | Temp: 0.010 | MA (100 ep):  229.18
2026-04-15 12:56:54,421 - Episodio: 749/800 | Reward:  257.93 | Temp: 0.010 | MA (100 ep):  228.93
2026-04-15 12:56:55,153 - Episodio: 750/800 | Reward:  288.75 | Temp: 0.010 | MA (100 ep):  229.01
2026-04-15 12:56:55,153 - --- Inizio Evaluation run all'Episodio 750 ---
2026-04-15 12:56:58,336 - *** EVALUATION | Epi: 750 | Mean Reward (50 Run):  240.61 ± 109.63 ***
2026-04-15 12:56:58,336 - --- Fine Evaluation ---
2026-04-15 12:56:59,214 - Episodio: 751/800 | Reward:  287.01 | Temp: 0.010 | MA (100 ep):  229.21
2026-04-15 12:56:59,947 - Episodio: 752/800 | Reward:  300.17 | Temp: 0.010 | MA (100 ep):  229.78
2026-04-15 12:57:00,325 - Episodio: 753/800 | Reward:  -26.25 | Temp: 0.010 | MA (100 ep):  229.83
2026-04-15 12:57:01,125 - Episodio: 754/800 | Reward:  296.26 | Temp: 0.010 | MA (100 ep):  229.97
2026-04-15 12:57:01,883 - Episodio: 755/800 | Reward:  284.58 | Temp: 0.010 | MA (100 ep):  230.01
2026-04-15 12:57:02,594 - Episodio: 756/800 | Reward:  256.81 | Temp: 0.010 | MA (100 ep):  229.68
2026-04-15 12:57:03,321 - Episodio: 757/800 | Reward:  286.89 | Temp: 0.010 | MA (100 ep):  230.76
2026-04-15 12:57:04,098 - Episodio: 758/800 | Reward:  249.33 | Temp: 0.010 | MA (100 ep):  230.43
2026-04-15 12:57:04,851 - Episodio: 759/800 | Reward:  271.23 | Temp: 0.010 | MA (100 ep):  230.57
2026-04-15 12:57:05,341 - Episodio: 760/800 | Reward:  -24.83 | Temp: 0.010 | MA (100 ep):  227.35
2026-04-15 12:57:06,007 - Episodio: 761/800 | Reward:  269.33 | Temp: 0.010 | MA (100 ep):  227.39
2026-04-15 12:57:06,446 - Episodio: 762/800 | Reward:   20.62 | Temp: 0.010 | MA (100 ep):  227.49
2026-04-15 12:57:08,943 - Episodio: 763/800 | Reward:  267.23 | Temp: 0.010 | MA (100 ep):  227.10
2026-04-15 12:57:09,645 - Episodio: 764/800 | Reward:  282.45 | Temp: 0.010 | MA (100 ep):  227.32
2026-04-15 12:57:10,096 - Episodio: 765/800 | Reward:   18.25 | Temp: 0.010 | MA (100 ep):  225.03
2026-04-15 12:57:10,750 - Episodio: 766/800 | Reward:  271.76 | Temp: 0.010 | MA (100 ep):  225.29
2026-04-15 12:57:11,348 - Episodio: 767/800 | Reward:  246.53 | Temp: 0.010 | MA (100 ep):  225.05
2026-04-15 12:57:11,707 - Episodio: 768/800 | Reward:   35.64 | Temp: 0.010 | MA (100 ep):  222.88
2026-04-15 12:57:12,059 - Episodio: 769/800 | Reward:   49.11 | Temp: 0.010 | MA (100 ep):  220.38
2026-04-15 12:57:12,693 - Episodio: 770/800 | Reward:  285.85 | Temp: 0.010 | MA (100 ep):  220.17
2026-04-15 12:57:13,245 - Episodio: 771/800 | Reward:  257.99 | Temp: 0.010 | MA (100 ep):  219.77
2026-04-15 12:57:14,012 - Episodio: 772/800 | Reward:  292.42 | Temp: 0.010 | MA (100 ep):  219.91
2026-04-15 12:57:14,815 - Episodio: 773/800 | Reward:  222.27 | Temp: 0.010 | MA (100 ep):  218.99
2026-04-15 12:57:15,475 - Episodio: 774/800 | Reward:  241.17 | Temp: 0.010 | MA (100 ep):  218.80
2026-04-15 12:57:16,127 - Episodio: 775/800 | Reward:  285.73 | Temp: 0.010 | MA (100 ep):  219.55
2026-04-15 12:57:17,188 - Episodio: 776/800 | Reward:  251.85 | Temp: 0.010 | MA (100 ep):  219.77
2026-04-15 12:57:18,190 - Episodio: 777/800 | Reward: -113.81 | Temp: 0.010 | MA (100 ep):  217.00
2026-04-15 12:57:18,828 - Episodio: 778/800 | Reward:  253.83 | Temp: 0.010 | MA (100 ep):  216.39
2026-04-15 12:57:19,508 - Episodio: 779/800 | Reward: -138.63 | Temp: 0.010 | MA (100 ep):  212.56
2026-04-15 12:57:21,289 - Episodio: 780/800 | Reward:  213.44 | Temp: 0.010 | MA (100 ep):  211.93
2026-04-15 12:57:21,855 - Episodio: 781/800 | Reward:  269.16 | Temp: 0.010 | MA (100 ep):  211.82
2026-04-15 12:57:22,912 - Episodio: 782/800 | Reward:  294.22 | Temp: 0.010 | MA (100 ep):  212.66
2026-04-15 12:57:23,856 - Episodio: 783/800 | Reward:  279.68 | Temp: 0.010 | MA (100 ep):  215.50
2026-04-15 12:57:24,257 - Episodio: 784/800 | Reward:   -4.96 | Temp: 0.010 | MA (100 ep):  212.94
2026-04-15 12:57:24,913 - Episodio: 785/800 | Reward:  246.79 | Temp: 0.010 | MA (100 ep):  212.91
2026-04-15 12:57:25,506 - Episodio: 786/800 | Reward:  253.95 | Temp: 0.010 | MA (100 ep):  212.37
2026-04-15 12:57:26,137 - Episodio: 787/800 | Reward:  254.23 | Temp: 0.010 | MA (100 ep):  212.14
2026-04-15 12:57:26,760 - Episodio: 788/800 | Reward:  285.41 | Temp: 0.010 | MA (100 ep):  212.21
2026-04-15 12:57:27,533 - Episodio: 789/800 | Reward:  315.63 | Temp: 0.010 | MA (100 ep):  212.34
2026-04-15 12:57:28,271 - Episodio: 790/800 | Reward:  276.75 | Temp: 0.010 | MA (100 ep):  212.33
2026-04-15 12:57:31,966 - Episodio: 791/800 | Reward:  -56.53 | Temp: 0.010 | MA (100 ep):  209.22
2026-04-15 12:57:32,652 - Episodio: 792/800 | Reward:  284.38 | Temp: 0.010 | MA (100 ep):  209.58
2026-04-15 12:57:33,365 - Episodio: 793/800 | Reward:  299.13 | Temp: 0.010 | MA (100 ep):  209.77
2026-04-15 12:57:33,947 - Episodio: 794/800 | Reward:  278.32 | Temp: 0.010 | MA (100 ep):  210.54
2026-04-15 12:57:34,837 - Episodio: 795/800 | Reward:  278.29 | Temp: 0.010 | MA (100 ep):  211.07
2026-04-15 12:57:35,483 - Episodio: 796/800 | Reward:  277.62 | Temp: 0.010 | MA (100 ep):  213.31
2026-04-15 12:57:36,092 - Episodio: 797/800 | Reward:  270.88 | Temp: 0.010 | MA (100 ep):  213.28
2026-04-15 12:57:36,785 - Episodio: 798/800 | Reward:  295.77 | Temp: 0.010 | MA (100 ep):  214.06
2026-04-15 12:57:37,085 - Episodio: 799/800 | Reward:  -16.15 | Temp: 0.010 | MA (100 ep):  211.03
2026-04-15 12:57:37,856 - Episodio: 800/800 | Reward:  219.05 | Temp: 0.010 | MA (100 ep):  210.87
2026-04-15 12:57:37,856 - --- Inizio Evaluation run all'Episodio 800 ---
2026-04-15 12:57:42,390 - *** EVALUATION | Epi: 800 | Mean Reward (50 Run):  197.18 ± 136.05 ***
2026-04-15 12:57:42,390 - --- Fine Evaluation ---
2026-04-15 12:57:42,406 - Model run 1 saved in temp/model_expected_sarsa_run1_20260415_124055.pth.
2026-04-15 12:57:42,406 - ========== INIZIO RUN 2/5 ==========
2026-04-15 12:57:42,468 - Episodio: 001/800 | Reward: -388.53 | Temp: 0.992 | MA (100 ep): -388.53
2026-04-15 12:57:42,863 - Episodio: 002/800 | Reward: -359.69 | Temp: 0.984 | MA (100 ep): -374.11
2026-04-15 12:57:43,166 - Episodio: 003/800 | Reward: -160.06 | Temp: 0.976 | MA (100 ep): -302.76
2026-04-15 12:57:43,417 - Episodio: 004/800 | Reward: -388.51 | Temp: 0.968 | MA (100 ep): -324.20
2026-04-15 12:57:43,829 - Episodio: 005/800 | Reward:  -87.45 | Temp: 0.961 | MA (100 ep): -276.85
2026-04-15 12:57:45,066 - Episodio: 006/800 | Reward: -243.16 | Temp: 0.953 | MA (100 ep): -271.23
2026-04-15 12:57:45,881 - Episodio: 007/800 | Reward: -331.24 | Temp: 0.945 | MA (100 ep): -279.80
2026-04-15 12:57:46,395 - Episodio: 008/800 | Reward: -120.52 | Temp: 0.938 | MA (100 ep): -259.89
2026-04-15 12:57:46,820 - Episodio: 009/800 | Reward: -188.07 | Temp: 0.930 | MA (100 ep): -251.91
2026-04-15 12:57:47,497 - Episodio: 010/800 | Reward: -245.62 | Temp: 0.923 | MA (100 ep): -251.28
2026-04-15 12:57:48,065 - Episodio: 011/800 | Reward: -404.14 | Temp: 0.915 | MA (100 ep): -265.18
2026-04-15 12:57:49,078 - Episodio: 012/800 | Reward: -103.14 | Temp: 0.908 | MA (100 ep): -251.68
2026-04-15 12:57:49,799 - Episodio: 013/800 | Reward: -188.09 | Temp: 0.901 | MA (100 ep): -246.79
2026-04-15 12:57:50,452 - Episodio: 014/800 | Reward: -326.97 | Temp: 0.894 | MA (100 ep): -252.51
2026-04-15 12:57:51,163 - Episodio: 015/800 | Reward: -114.35 | Temp: 0.886 | MA (100 ep): -243.30
2026-04-15 12:57:51,907 - Episodio: 016/800 | Reward: -303.91 | Temp: 0.879 | MA (100 ep): -247.09
2026-04-15 12:57:52,481 - Episodio: 017/800 | Reward:   20.45 | Temp: 0.872 | MA (100 ep): -231.35
2026-04-15 12:57:53,225 - Episodio: 018/800 | Reward: -249.23 | Temp: 0.865 | MA (100 ep): -232.35
2026-04-15 12:57:53,909 - Episodio: 019/800 | Reward: -202.62 | Temp: 0.858 | MA (100 ep): -230.78
2026-04-15 12:57:54,441 - Episodio: 020/800 | Reward: -181.77 | Temp: 0.852 | MA (100 ep): -228.33
2026-04-15 12:57:55,259 - Episodio: 021/800 | Reward: -237.59 | Temp: 0.845 | MA (100 ep): -228.77
2026-04-15 12:57:56,174 - Episodio: 022/800 | Reward:   15.83 | Temp: 0.838 | MA (100 ep): -217.65
2026-04-15 12:57:56,901 - Episodio: 023/800 | Reward: -249.09 | Temp: 0.831 | MA (100 ep): -219.02
2026-04-15 12:57:57,593 - Episodio: 024/800 | Reward:  -61.65 | Temp: 0.825 | MA (100 ep): -212.46
2026-04-15 12:57:58,211 - Episodio: 025/800 | Reward:   29.38 | Temp: 0.818 | MA (100 ep): -202.79
2026-04-15 12:57:58,859 - Episodio: 026/800 | Reward:   43.43 | Temp: 0.812 | MA (100 ep): -193.32
2026-04-15 12:57:59,384 - Episodio: 027/800 | Reward: -166.42 | Temp: 0.805 | MA (100 ep): -192.32
2026-04-15 12:58:00,191 - Episodio: 028/800 | Reward:  -77.07 | Temp: 0.799 | MA (100 ep): -188.21
2026-04-15 12:58:01,031 - Episodio: 029/800 | Reward: -193.03 | Temp: 0.792 | MA (100 ep): -188.37
2026-04-15 12:58:02,100 - Episodio: 030/800 | Reward:  -91.04 | Temp: 0.786 | MA (100 ep): -185.13
2026-04-15 12:58:02,640 - Episodio: 031/800 | Reward: -152.11 | Temp: 0.780 | MA (100 ep): -184.06
2026-04-15 12:58:03,397 - Episodio: 032/800 | Reward:  -51.63 | Temp: 0.773 | MA (100 ep): -179.93
2026-04-15 12:58:04,011 - Episodio: 033/800 | Reward: -165.43 | Temp: 0.767 | MA (100 ep): -179.49
2026-04-15 12:58:04,634 - Episodio: 034/800 | Reward:  -38.16 | Temp: 0.761 | MA (100 ep): -175.33
2026-04-15 12:58:05,204 - Episodio: 035/800 | Reward:  -33.59 | Temp: 0.755 | MA (100 ep): -171.28
2026-04-15 12:58:06,131 - Episodio: 036/800 | Reward:  -63.54 | Temp: 0.749 | MA (100 ep): -168.29
2026-04-15 12:58:07,264 - Episodio: 037/800 | Reward: -204.05 | Temp: 0.743 | MA (100 ep): -169.25
2026-04-15 12:58:08,058 - Episodio: 038/800 | Reward:  -42.93 | Temp: 0.737 | MA (100 ep): -165.93
2026-04-15 12:58:08,874 - Episodio: 039/800 | Reward:  -23.24 | Temp: 0.731 | MA (100 ep): -162.27
2026-04-15 12:58:09,492 - Episodio: 040/800 | Reward: -155.56 | Temp: 0.725 | MA (100 ep): -162.10
2026-04-15 12:58:10,353 - Episodio: 041/800 | Reward:   -0.50 | Temp: 0.719 | MA (100 ep): -158.16
2026-04-15 12:58:12,413 - Episodio: 042/800 | Reward: -161.09 | Temp: 0.714 | MA (100 ep): -158.23
2026-04-15 12:58:13,432 - Episodio: 043/800 | Reward:   21.02 | Temp: 0.708 | MA (100 ep): -154.06
2026-04-15 12:58:14,874 - Episodio: 044/800 | Reward:   22.78 | Temp: 0.702 | MA (100 ep): -150.04
2026-04-15 12:58:15,823 - Episodio: 045/800 | Reward:   10.32 | Temp: 0.697 | MA (100 ep): -146.48
2026-04-15 12:58:17,480 - Episodio: 046/800 | Reward:  -11.16 | Temp: 0.691 | MA (100 ep): -143.54
2026-04-15 12:58:18,335 - Episodio: 047/800 | Reward:   -1.72 | Temp: 0.686 | MA (100 ep): -140.52
2026-04-15 12:58:19,189 - Episodio: 048/800 | Reward:   55.87 | Temp: 0.680 | MA (100 ep): -136.43
2026-04-15 12:58:20,409 - Episodio: 049/800 | Reward:  -41.00 | Temp: 0.675 | MA (100 ep): -134.48
2026-04-15 12:58:21,339 - Episodio: 050/800 | Reward:   -8.93 | Temp: 0.669 | MA (100 ep): -131.97
2026-04-15 12:58:21,339 - --- Inizio Evaluation run all'Episodio 50 ---
2026-04-15 12:58:32,834 - *** EVALUATION | Epi: 050 | Mean Reward (50 Run): -101.23 ± 96.49 ***
2026-04-15 12:58:32,834 - --- Fine Evaluation ---
2026-04-15 12:58:34,156 - Episodio: 051/800 | Reward: -100.27 | Temp: 0.664 | MA (100 ep): -131.35
2026-04-15 12:58:35,150 - Episodio: 052/800 | Reward:  -25.93 | Temp: 0.659 | MA (100 ep): -129.32
2026-04-15 12:58:37,404 - Episodio: 053/800 | Reward:  -85.34 | Temp: 0.653 | MA (100 ep): -128.49
2026-04-15 12:58:39,786 - Episodio: 054/800 | Reward:  170.65 | Temp: 0.648 | MA (100 ep): -122.95
2026-04-15 12:58:41,391 - Episodio: 055/800 | Reward:  226.70 | Temp: 0.643 | MA (100 ep): -116.59
2026-04-15 12:58:45,119 - Episodio: 056/800 | Reward:    4.98 | Temp: 0.638 | MA (100 ep): -114.42
2026-04-15 12:58:48,689 - Episodio: 057/800 | Reward:  -42.03 | Temp: 0.633 | MA (100 ep): -113.15
2026-04-15 12:58:49,431 - Episodio: 058/800 | Reward:   15.29 | Temp: 0.628 | MA (100 ep): -110.94
2026-04-15 12:58:52,985 - Episodio: 059/800 | Reward:   -9.98 | Temp: 0.623 | MA (100 ep): -109.23
2026-04-15 12:58:54,847 - Episodio: 060/800 | Reward: -151.99 | Temp: 0.618 | MA (100 ep): -109.94
2026-04-15 12:58:58,474 - Episodio: 061/800 | Reward:   17.90 | Temp: 0.613 | MA (100 ep): -107.84
2026-04-15 12:59:01,257 - Episodio: 062/800 | Reward:  103.08 | Temp: 0.608 | MA (100 ep): -104.44
2026-04-15 12:59:04,671 - Episodio: 063/800 | Reward:  100.72 | Temp: 0.603 | MA (100 ep): -101.19
2026-04-15 12:59:08,280 - Episodio: 064/800 | Reward:   20.60 | Temp: 0.598 | MA (100 ep):  -99.28
2026-04-15 12:59:10,207 - Episodio: 065/800 | Reward: -126.36 | Temp: 0.593 | MA (100 ep):  -99.70
2026-04-15 12:59:13,055 - Episodio: 066/800 | Reward: -200.25 | Temp: 0.589 | MA (100 ep): -101.22
2026-04-15 12:59:15,658 - Episodio: 067/800 | Reward: -289.55 | Temp: 0.584 | MA (100 ep): -104.03
2026-04-15 12:59:17,810 - Episodio: 068/800 | Reward: -125.56 | Temp: 0.579 | MA (100 ep): -104.35
2026-04-15 12:59:20,415 - Episodio: 069/800 | Reward: -186.29 | Temp: 0.575 | MA (100 ep): -105.54
2026-04-15 12:59:23,892 - Episodio: 070/800 | Reward:    4.74 | Temp: 0.570 | MA (100 ep): -103.96
2026-04-15 12:59:27,455 - Episodio: 071/800 | Reward:  -42.19 | Temp: 0.565 | MA (100 ep): -103.09
2026-04-15 12:59:27,665 - Episodio: 072/800 | Reward: -139.27 | Temp: 0.561 | MA (100 ep): -103.60
2026-04-15 12:59:30,068 - Episodio: 073/800 | Reward:  112.70 | Temp: 0.556 | MA (100 ep): -100.63
2026-04-15 12:59:30,511 - Episodio: 074/800 | Reward: -194.83 | Temp: 0.552 | MA (100 ep): -101.91
2026-04-15 12:59:34,024 - Episodio: 075/800 | Reward:  -81.38 | Temp: 0.547 | MA (100 ep): -101.63
2026-04-15 12:59:37,617 - Episodio: 076/800 | Reward:  -65.25 | Temp: 0.543 | MA (100 ep): -101.15
2026-04-15 12:59:41,267 - Episodio: 077/800 | Reward:   63.16 | Temp: 0.539 | MA (100 ep):  -99.02
2026-04-15 12:59:44,729 - Episodio: 078/800 | Reward:  -58.14 | Temp: 0.534 | MA (100 ep):  -98.49
2026-04-15 12:59:48,387 - Episodio: 079/800 | Reward:   68.60 | Temp: 0.530 | MA (100 ep):  -96.38
2026-04-15 12:59:51,933 - Episodio: 080/800 | Reward:   30.49 | Temp: 0.526 | MA (100 ep):  -94.79
2026-04-15 12:59:55,557 - Episodio: 081/800 | Reward:  -19.09 | Temp: 0.522 | MA (100 ep):  -93.86
2026-04-15 12:59:59,539 - Episodio: 082/800 | Reward:   14.21 | Temp: 0.518 | MA (100 ep):  -92.54
2026-04-15 13:00:03,202 - Episodio: 083/800 | Reward:   15.96 | Temp: 0.513 | MA (100 ep):  -91.23
2026-04-15 13:00:06,791 - Episodio: 084/800 | Reward:  -32.55 | Temp: 0.509 | MA (100 ep):  -90.54
2026-04-15 13:00:10,449 - Episodio: 085/800 | Reward:  -19.02 | Temp: 0.505 | MA (100 ep):  -89.69
2026-04-15 13:00:13,984 - Episodio: 086/800 | Reward:   -1.39 | Temp: 0.501 | MA (100 ep):  -88.67
2026-04-15 13:00:14,426 - Episodio: 087/800 | Reward: -164.09 | Temp: 0.497 | MA (100 ep):  -89.53
2026-04-15 13:00:17,866 - Episodio: 088/800 | Reward:   97.26 | Temp: 0.493 | MA (100 ep):  -87.41
2026-04-15 13:00:21,643 - Episodio: 089/800 | Reward:   51.15 | Temp: 0.489 | MA (100 ep):  -85.85
2026-04-15 13:00:25,172 - Episodio: 090/800 | Reward:   92.64 | Temp: 0.485 | MA (100 ep):  -83.87
2026-04-15 13:00:25,628 - Episodio: 091/800 | Reward: -155.54 | Temp: 0.481 | MA (100 ep):  -84.66
2026-04-15 13:00:29,172 - Episodio: 092/800 | Reward:    1.91 | Temp: 0.478 | MA (100 ep):  -83.72
2026-04-15 13:00:32,735 - Episodio: 093/800 | Reward:  107.13 | Temp: 0.474 | MA (100 ep):  -81.67
2026-04-15 13:00:33,318 - Episodio: 094/800 | Reward:  -75.01 | Temp: 0.470 | MA (100 ep):  -81.59
2026-04-15 13:00:36,907 - Episodio: 095/800 | Reward:   44.21 | Temp: 0.466 | MA (100 ep):  -80.27
2026-04-15 13:00:39,036 - Episodio: 096/800 | Reward:  144.95 | Temp: 0.463 | MA (100 ep):  -77.92
2026-04-15 13:00:40,173 - Episodio: 097/800 | Reward:   -8.75 | Temp: 0.459 | MA (100 ep):  -77.21
2026-04-15 13:00:43,705 - Episodio: 098/800 | Reward:    7.19 | Temp: 0.455 | MA (100 ep):  -76.35
2026-04-15 13:00:47,314 - Episodio: 099/800 | Reward:  137.33 | Temp: 0.451 | MA (100 ep):  -74.19
2026-04-15 13:00:50,910 - Episodio: 100/800 | Reward:  100.80 | Temp: 0.448 | MA (100 ep):  -72.44
2026-04-15 13:00:50,910 - --- Inizio Evaluation run all'Episodio 100 ---
2026-04-15 13:01:01,376 - *** EVALUATION | Epi: 100 | Mean Reward (50 Run):  -31.86 ± 70.18 ***
2026-04-15 13:01:01,376 - --- Fine Evaluation ---
2026-04-15 13:01:02,992 - Episodio: 101/800 | Reward:  199.17 | Temp: 0.444 | MA (100 ep):  -66.56
2026-04-15 13:01:06,649 - Episodio: 102/800 | Reward:   94.92 | Temp: 0.441 | MA (100 ep):  -62.02
2026-04-15 13:01:10,459 - Episodio: 103/800 | Reward:  100.73 | Temp: 0.437 | MA (100 ep):  -59.41
2026-04-15 13:01:14,282 - Episodio: 104/800 | Reward:  109.93 | Temp: 0.434 | MA (100 ep):  -54.43
2026-04-15 13:01:17,968 - Episodio: 105/800 | Reward:   78.94 | Temp: 0.430 | MA (100 ep):  -52.76
2026-04-15 13:01:19,201 - Episodio: 106/800 | Reward:   35.24 | Temp: 0.427 | MA (100 ep):  -49.98
2026-04-15 13:01:19,696 - Episodio: 107/800 | Reward:  -94.53 | Temp: 0.423 | MA (100 ep):  -47.61
2026-04-15 13:01:23,239 - Episodio: 108/800 | Reward:  -60.33 | Temp: 0.420 | MA (100 ep):  -47.01
2026-04-15 13:01:24,682 - Episodio: 109/800 | Reward: -392.61 | Temp: 0.417 | MA (100 ep):  -49.06
2026-04-15 13:01:28,342 - Episodio: 110/800 | Reward:  125.20 | Temp: 0.413 | MA (100 ep):  -45.35
2026-04-15 13:01:29,180 - Episodio: 111/800 | Reward:   44.88 | Temp: 0.410 | MA (100 ep):  -40.86
2026-04-15 13:01:32,882 - Episodio: 112/800 | Reward:  106.94 | Temp: 0.407 | MA (100 ep):  -38.76
2026-04-15 13:01:36,536 - Episodio: 113/800 | Reward:  100.86 | Temp: 0.403 | MA (100 ep):  -35.87
2026-04-15 13:01:37,994 - Episodio: 114/800 | Reward:  254.25 | Temp: 0.400 | MA (100 ep):  -30.05
2026-04-15 13:01:41,635 - Episodio: 115/800 | Reward:   77.36 | Temp: 0.397 | MA (100 ep):  -28.14
2026-04-15 13:01:42,502 - Episodio: 116/800 | Reward:   -5.33 | Temp: 0.394 | MA (100 ep):  -25.15
2026-04-15 13:01:46,347 - Episodio: 117/800 | Reward:  128.73 | Temp: 0.391 | MA (100 ep):  -24.07
2026-04-15 13:01:50,076 - Episodio: 118/800 | Reward:   95.34 | Temp: 0.388 | MA (100 ep):  -20.62
2026-04-15 13:01:54,353 - Episodio: 119/800 | Reward:   93.09 | Temp: 0.384 | MA (100 ep):  -17.67
2026-04-15 13:01:55,753 - Episodio: 120/800 | Reward:   -2.92 | Temp: 0.381 | MA (100 ep):  -15.88
2026-04-15 13:01:57,492 - Episodio: 121/800 | Reward:  203.72 | Temp: 0.378 | MA (100 ep):  -11.46
2026-04-15 13:02:01,205 - Episodio: 122/800 | Reward:  136.45 | Temp: 0.375 | MA (100 ep):  -10.26
2026-04-15 13:02:04,770 - Episodio: 123/800 | Reward:  115.08 | Temp: 0.372 | MA (100 ep):   -6.62
2026-04-15 13:02:06,582 - Episodio: 124/800 | Reward:  152.19 | Temp: 0.369 | MA (100 ep):   -4.48
2026-04-15 13:02:07,451 - Episodio: 125/800 | Reward:  -15.75 | Temp: 0.366 | MA (100 ep):   -4.93
2026-04-15 13:02:09,993 - Episodio: 126/800 | Reward:  137.86 | Temp: 0.363 | MA (100 ep):   -3.98
2026-04-15 13:02:13,697 - Episodio: 127/800 | Reward:  112.98 | Temp: 0.361 | MA (100 ep):   -1.19
2026-04-15 13:02:17,428 - Episodio: 128/800 | Reward:  112.96 | Temp: 0.358 | MA (100 ep):    0.71
2026-04-15 13:02:18,911 - Episodio: 129/800 | Reward: -118.13 | Temp: 0.355 | MA (100 ep):    1.46
2026-04-15 13:02:20,978 - Episodio: 130/800 | Reward:  219.17 | Temp: 0.352 | MA (100 ep):    4.56
2026-04-15 13:02:25,063 - Episodio: 131/800 | Reward:  108.17 | Temp: 0.349 | MA (100 ep):    7.16
2026-04-15 13:02:27,722 - Episodio: 132/800 | Reward: -122.48 | Temp: 0.346 | MA (100 ep):    6.45
2026-04-15 13:02:31,448 - Episodio: 133/800 | Reward:  106.63 | Temp: 0.344 | MA (100 ep):    9.18
2026-04-15 13:02:35,102 - Episodio: 134/800 | Reward:   87.72 | Temp: 0.341 | MA (100 ep):   10.43
2026-04-15 13:02:36,180 - Episodio: 135/800 | Reward:  -23.11 | Temp: 0.338 | MA (100 ep):   10.54
2026-04-15 13:02:37,525 - Episodio: 136/800 | Reward:  231.17 | Temp: 0.335 | MA (100 ep):   13.49
2026-04-15 13:02:39,014 - Episodio: 137/800 | Reward:  210.72 | Temp: 0.333 | MA (100 ep):   17.63
2026-04-15 13:02:42,745 - Episodio: 138/800 | Reward:  116.86 | Temp: 0.330 | MA (100 ep):   19.23
2026-04-15 13:02:46,441 - Episodio: 139/800 | Reward:   71.93 | Temp: 0.327 | MA (100 ep):   20.18
2026-04-15 13:02:50,128 - Episodio: 140/800 | Reward:   80.02 | Temp: 0.325 | MA (100 ep):   22.54
2026-04-15 13:02:50,380 - Episodio: 141/800 | Reward:  -49.96 | Temp: 0.322 | MA (100 ep):   22.04
2026-04-15 13:02:54,263 - Episodio: 142/800 | Reward:  111.65 | Temp: 0.320 | MA (100 ep):   24.77
2026-04-15 13:02:57,821 - Episodio: 143/800 | Reward:   36.72 | Temp: 0.317 | MA (100 ep):   24.93
2026-04-15 13:02:58,316 - Episodio: 144/800 | Reward:   27.42 | Temp: 0.315 | MA (100 ep):   24.98
2026-04-15 13:03:00,845 - Episodio: 145/800 | Reward:  153.33 | Temp: 0.312 | MA (100 ep):   26.41
2026-04-15 13:03:04,518 - Episodio: 146/800 | Reward:  137.54 | Temp: 0.310 | MA (100 ep):   27.89
2026-04-15 13:03:08,066 - Episodio: 147/800 | Reward:   67.78 | Temp: 0.307 | MA (100 ep):   28.59
2026-04-15 13:03:11,774 - Episodio: 148/800 | Reward:   98.62 | Temp: 0.305 | MA (100 ep):   29.02
2026-04-15 13:03:15,317 - Episodio: 149/800 | Reward:  151.77 | Temp: 0.302 | MA (100 ep):   30.94
2026-04-15 13:03:18,954 - Episodio: 150/800 | Reward:  142.52 | Temp: 0.300 | MA (100 ep):   32.46
2026-04-15 13:03:18,954 - --- Inizio Evaluation run all'Episodio 150 ---
2026-04-15 13:03:31,888 - *** EVALUATION | Epi: 150 | Mean Reward (50 Run):  -11.08 ± 53.32 ***
2026-04-15 13:03:31,888 - --- Fine Evaluation ---
2026-04-15 13:03:35,638 - Episodio: 151/800 | Reward:  130.29 | Temp: 0.297 | MA (100 ep):   34.76
2026-04-15 13:03:39,239 - Episodio: 152/800 | Reward:  125.52 | Temp: 0.295 | MA (100 ep):   36.28
2026-04-15 13:03:41,487 - Episodio: 153/800 | Reward:  203.81 | Temp: 0.293 | MA (100 ep):   39.17
2026-04-15 13:03:43,589 - Episodio: 154/800 | Reward: -133.52 | Temp: 0.290 | MA (100 ep):   36.13
2026-04-15 13:03:47,481 - Episodio: 155/800 | Reward:  143.14 | Temp: 0.288 | MA (100 ep):   35.29
2026-04-15 13:03:48,129 - Episodio: 156/800 | Reward: -105.99 | Temp: 0.286 | MA (100 ep):   34.18
2026-04-15 13:03:51,809 - Episodio: 157/800 | Reward:  136.97 | Temp: 0.283 | MA (100 ep):   35.97
2026-04-15 13:03:54,069 - Episodio: 158/800 | Reward:  141.48 | Temp: 0.281 | MA (100 ep):   37.23
2026-04-15 13:03:57,845 - Episodio: 159/800 | Reward:  151.22 | Temp: 0.279 | MA (100 ep):   38.85
2026-04-15 13:03:58,245 - Episodio: 160/800 | Reward:   -5.31 | Temp: 0.277 | MA (100 ep):   40.31
2026-04-15 13:04:02,094 - Episodio: 161/800 | Reward:  125.32 | Temp: 0.274 | MA (100 ep):   41.39
2026-04-15 13:04:06,129 - Episodio: 162/800 | Reward:  121.32 | Temp: 0.272 | MA (100 ep):   41.57
2026-04-15 13:04:07,357 - Episodio: 163/800 | Reward: -413.74 | Temp: 0.270 | MA (100 ep):   36.42
2026-04-15 13:04:10,968 - Episodio: 164/800 | Reward:  140.63 | Temp: 0.268 | MA (100 ep):   37.62
2026-04-15 13:04:14,451 - Episodio: 165/800 | Reward:   93.10 | Temp: 0.266 | MA (100 ep):   39.82
2026-04-15 13:04:15,480 - Episodio: 166/800 | Reward: -315.23 | Temp: 0.264 | MA (100 ep):   38.67
2026-04-15 13:04:19,210 - Episodio: 167/800 | Reward:  153.57 | Temp: 0.261 | MA (100 ep):   43.10
2026-04-15 13:04:22,857 - Episodio: 168/800 | Reward:   93.50 | Temp: 0.259 | MA (100 ep):   45.29
2026-04-15 13:04:23,251 - Episodio: 169/800 | Reward:   20.26 | Temp: 0.257 | MA (100 ep):   47.36
2026-04-15 13:04:26,929 - Episodio: 170/800 | Reward:  133.19 | Temp: 0.255 | MA (100 ep):   48.64
2026-04-15 13:04:30,655 - Episodio: 171/800 | Reward:  124.91 | Temp: 0.253 | MA (100 ep):   50.31
2026-04-15 13:04:34,451 - Episodio: 172/800 | Reward:  104.04 | Temp: 0.251 | MA (100 ep):   52.75
2026-04-15 13:04:38,139 - Episodio: 173/800 | Reward:  116.60 | Temp: 0.249 | MA (100 ep):   52.78
2026-04-15 13:04:41,806 - Episodio: 174/800 | Reward: -493.40 | Temp: 0.247 | MA (100 ep):   49.80
2026-04-15 13:04:42,691 - Episodio: 175/800 | Reward:  248.34 | Temp: 0.245 | MA (100 ep):   53.10
2026-04-15 13:04:43,933 - Episodio: 176/800 | Reward:  250.15 | Temp: 0.243 | MA (100 ep):   56.25
2026-04-15 13:04:47,352 - Episodio: 177/800 | Reward:   98.77 | Temp: 0.241 | MA (100 ep):   56.61
2026-04-15 13:04:48,548 - Episodio: 178/800 | Reward:  -90.43 | Temp: 0.239 | MA (100 ep):   56.28
2026-04-15 13:04:52,295 - Episodio: 179/800 | Reward:   94.19 | Temp: 0.237 | MA (100 ep):   56.54
2026-04-15 13:04:53,168 - Episodio: 180/800 | Reward:    3.90 | Temp: 0.236 | MA (100 ep):   56.27
2026-04-15 13:04:56,901 - Episodio: 181/800 | Reward:  130.59 | Temp: 0.234 | MA (100 ep):   57.77
2026-04-15 13:05:00,606 - Episodio: 182/800 | Reward:   81.20 | Temp: 0.232 | MA (100 ep):   58.44
2026-04-15 13:05:01,462 - Episodio: 183/800 | Reward:  269.15 | Temp: 0.230 | MA (100 ep):   60.97
2026-04-15 13:05:05,107 - Episodio: 184/800 | Reward:  142.38 | Temp: 0.228 | MA (100 ep):   62.72
2026-04-15 13:05:06,739 - Episodio: 185/800 | Reward: -140.37 | Temp: 0.226 | MA (100 ep):   61.51
2026-04-15 13:05:07,783 - Episodio: 186/800 | Reward:  200.30 | Temp: 0.224 | MA (100 ep):   63.52
2026-04-15 13:05:11,435 - Episodio: 187/800 | Reward:   76.48 | Temp: 0.223 | MA (100 ep):   65.93
2026-04-15 13:05:15,110 - Episodio: 188/800 | Reward:  126.69 | Temp: 0.221 | MA (100 ep):   66.22
2026-04-15 13:05:18,762 - Episodio: 189/800 | Reward:  123.06 | Temp: 0.219 | MA (100 ep):   66.94
2026-04-15 13:05:19,726 - Episodio: 190/800 | Reward:  260.88 | Temp: 0.217 | MA (100 ep):   68.63
2026-04-15 13:05:23,402 - Episodio: 191/800 | Reward:  101.27 | Temp: 0.216 | MA (100 ep):   71.19
2026-04-15 13:05:23,843 - Episodio: 192/800 | Reward:   13.15 | Temp: 0.214 | MA (100 ep):   71.31
2026-04-15 13:05:24,784 - Episodio: 193/800 | Reward:  251.04 | Temp: 0.212 | MA (100 ep):   72.75
2026-04-15 13:05:25,838 - Episodio: 194/800 | Reward:   -4.04 | Temp: 0.211 | MA (100 ep):   73.46
2026-04-15 13:05:29,486 - Episodio: 195/800 | Reward:  101.58 | Temp: 0.209 | MA (100 ep):   74.03
2026-04-15 13:05:33,303 - Episodio: 196/800 | Reward:  129.14 | Temp: 0.207 | MA (100 ep):   73.87
2026-04-15 13:05:34,538 - Episodio: 197/800 | Reward:  233.56 | Temp: 0.205 | MA (100 ep):   76.29
2026-04-15 13:05:38,292 - Episodio: 198/800 | Reward:  165.71 | Temp: 0.204 | MA (100 ep):   77.88
2026-04-15 13:05:42,043 - Episodio: 199/800 | Reward:  157.55 | Temp: 0.202 | MA (100 ep):   78.08
2026-04-15 13:05:45,730 - Episodio: 200/800 | Reward:  129.40 | Temp: 0.201 | MA (100 ep):   78.37
2026-04-15 13:05:45,730 - --- Inizio Evaluation run all'Episodio 200 ---
2026-04-15 13:05:53,355 - *** EVALUATION | Epi: 200 | Mean Reward (50 Run):  191.22 ± 89.20 ***
2026-04-15 13:05:53,355 - --- Fine Evaluation ---
2026-04-15 13:05:53,686 - Episodio: 201/800 | Reward:   23.85 | Temp: 0.199 | MA (100 ep):   76.61
2026-04-15 13:05:54,616 - Episodio: 202/800 | Reward:  283.81 | Temp: 0.197 | MA (100 ep):   78.50
2026-04-15 13:05:58,292 - Episodio: 203/800 | Reward:   86.51 | Temp: 0.196 | MA (100 ep):   78.36
2026-04-15 13:06:02,102 - Episodio: 204/800 | Reward:  133.55 | Temp: 0.194 | MA (100 ep):   78.60
2026-04-15 13:06:05,710 - Episodio: 205/800 | Reward:  108.66 | Temp: 0.193 | MA (100 ep):   78.89
2026-04-15 13:06:08,151 - Episodio: 206/800 | Reward:  240.28 | Temp: 0.191 | MA (100 ep):   80.94
2026-04-15 13:06:12,300 - Episodio: 207/800 | Reward:  128.47 | Temp: 0.190 | MA (100 ep):   83.17
2026-04-15 13:06:16,233 - Episodio: 208/800 | Reward:  112.84 | Temp: 0.188 | MA (100 ep):   84.91
2026-04-15 13:06:17,392 - Episodio: 209/800 | Reward:  285.11 | Temp: 0.187 | MA (100 ep):   91.68
2026-04-15 13:06:21,087 - Episodio: 210/800 | Reward:  117.85 | Temp: 0.185 | MA (100 ep):   91.61
2026-04-15 13:06:24,616 - Episodio: 211/800 | Reward:  130.96 | Temp: 0.184 | MA (100 ep):   92.47
2026-04-15 13:06:28,337 - Episodio: 212/800 | Reward:  145.41 | Temp: 0.182 | MA (100 ep):   92.86
2026-04-15 13:06:32,077 - Episodio: 213/800 | Reward:  109.57 | Temp: 0.181 | MA (100 ep):   92.94
2026-04-15 13:06:35,704 - Episodio: 214/800 | Reward:  128.02 | Temp: 0.179 | MA (100 ep):   91.68
2026-04-15 13:06:39,484 - Episodio: 215/800 | Reward:  153.81 | Temp: 0.178 | MA (100 ep):   92.45
2026-04-15 13:06:43,299 - Episodio: 216/800 | Reward:   69.02 | Temp: 0.176 | MA (100 ep):   93.19
2026-04-15 13:06:47,151 - Episodio: 217/800 | Reward:  169.53 | Temp: 0.175 | MA (100 ep):   93.60
2026-04-15 13:06:50,742 - Episodio: 218/800 | Reward:   83.28 | Temp: 0.174 | MA (100 ep):   93.48
2026-04-15 13:06:51,167 - Episodio: 219/800 | Reward:   38.43 | Temp: 0.172 | MA (100 ep):   92.93
2026-04-15 13:06:54,862 - Episodio: 220/800 | Reward:  134.37 | Temp: 0.171 | MA (100 ep):   94.30
2026-04-15 13:06:58,534 - Episodio: 221/800 | Reward:  166.66 | Temp: 0.169 | MA (100 ep):   93.93
2026-04-15 13:07:02,300 - Episodio: 222/800 | Reward:  132.09 | Temp: 0.168 | MA (100 ep):   93.89
2026-04-15 13:07:02,701 - Episodio: 223/800 | Reward: -279.99 | Temp: 0.167 | MA (100 ep):   89.94
2026-04-15 13:07:04,696 - Episodio: 224/800 | Reward:  218.14 | Temp: 0.165 | MA (100 ep):   90.60
2026-04-15 13:07:05,241 - Episodio: 225/800 | Reward: -112.18 | Temp: 0.164 | MA (100 ep):   89.63
2026-04-15 13:07:05,842 - Episodio: 226/800 | Reward:   19.40 | Temp: 0.163 | MA (100 ep):   88.45
2026-04-15 13:07:09,637 - Episodio: 227/800 | Reward:  116.89 | Temp: 0.161 | MA (100 ep):   88.49
2026-04-15 13:07:11,102 - Episodio: 228/800 | Reward:  200.52 | Temp: 0.160 | MA (100 ep):   89.36
2026-04-15 13:07:14,819 - Episodio: 229/800 | Reward:  105.18 | Temp: 0.159 | MA (100 ep):   91.60
2026-04-15 13:07:18,515 - Episodio: 230/800 | Reward:  141.44 | Temp: 0.158 | MA (100 ep):   90.82
2026-04-15 13:07:22,167 - Episodio: 231/800 | Reward:   63.62 | Temp: 0.156 | MA (100 ep):   90.37
2026-04-15 13:07:23,363 - Episodio: 232/800 | Reward:  261.69 | Temp: 0.155 | MA (100 ep):   94.21
2026-04-15 13:07:23,822 - Episodio: 233/800 | Reward:   15.11 | Temp: 0.154 | MA (100 ep):   93.30
2026-04-15 13:07:25,859 - Episodio: 234/800 | Reward:  224.42 | Temp: 0.153 | MA (100 ep):   94.67
2026-04-15 13:07:27,624 - Episodio: 235/800 | Reward:  269.87 | Temp: 0.151 | MA (100 ep):   97.60
2026-04-15 13:07:28,949 - Episodio: 236/800 | Reward:  247.46 | Temp: 0.150 | MA (100 ep):   97.76
2026-04-15 13:07:32,617 - Episodio: 237/800 | Reward:  138.08 | Temp: 0.149 | MA (100 ep):   97.03
2026-04-15 13:07:36,402 - Episodio: 238/800 | Reward:  175.82 | Temp: 0.148 | MA (100 ep):   97.62
2026-04-15 13:07:37,032 - Episodio: 239/800 | Reward:    3.86 | Temp: 0.147 | MA (100 ep):   96.94
2026-04-15 13:07:40,773 - Episodio: 240/800 | Reward:  155.43 | Temp: 0.145 | MA (100 ep):   97.70
2026-04-15 13:07:41,778 - Episodio: 241/800 | Reward:  217.83 | Temp: 0.144 | MA (100 ep):  100.37
2026-04-15 13:07:45,486 - Episodio: 242/800 | Reward:  105.35 | Temp: 0.143 | MA (100 ep):  100.31
2026-04-15 13:07:46,543 - Episodio: 243/800 | Reward:  232.82 | Temp: 0.142 | MA (100 ep):  102.27
2026-04-15 13:07:50,272 - Episodio: 244/800 | Reward:  226.85 | Temp: 0.141 | MA (100 ep):  104.27
2026-04-15 13:07:52,043 - Episodio: 245/800 | Reward:  255.15 | Temp: 0.140 | MA (100 ep):  105.28
2026-04-15 13:07:52,562 - Episodio: 246/800 | Reward:  -22.81 | Temp: 0.139 | MA (100 ep):  103.68
2026-04-15 13:07:52,912 - Episodio: 247/800 | Reward:    7.66 | Temp: 0.138 | MA (100 ep):  103.08
2026-04-15 13:07:56,682 - Episodio: 248/800 | Reward:  130.65 | Temp: 0.136 | MA (100 ep):  103.40
2026-04-15 13:08:00,373 - Episodio: 249/800 | Reward:  119.54 | Temp: 0.135 | MA (100 ep):  103.08
2026-04-15 13:08:04,126 - Episodio: 250/800 | Reward:  138.64 | Temp: 0.134 | MA (100 ep):  103.04
2026-04-15 13:08:04,126 - --- Inizio Evaluation run all'Episodio 250 ---
2026-04-15 13:08:09,987 - *** EVALUATION | Epi: 250 | Mean Reward (50 Run):  174.09 ± 145.14 ***
2026-04-15 13:08:09,987 - --- Fine Evaluation ---
2026-04-15 13:08:10,365 - Episodio: 251/800 | Reward:   16.82 | Temp: 0.133 | MA (100 ep):  101.90
2026-04-15 13:08:14,014 - Episodio: 252/800 | Reward:  144.47 | Temp: 0.132 | MA (100 ep):  102.09
2026-04-15 13:08:17,670 - Episodio: 253/800 | Reward:  143.65 | Temp: 0.131 | MA (100 ep):  101.49
2026-04-15 13:08:20,262 - Episodio: 254/800 | Reward:  246.38 | Temp: 0.130 | MA (100 ep):  105.29
2026-04-15 13:08:21,384 - Episodio: 255/800 | Reward:  280.35 | Temp: 0.129 | MA (100 ep):  106.66
2026-04-15 13:08:22,504 - Episodio: 256/800 | Reward:  258.58 | Temp: 0.128 | MA (100 ep):  110.31
2026-04-15 13:08:26,210 - Episodio: 257/800 | Reward:  143.54 | Temp: 0.127 | MA (100 ep):  110.37
2026-04-15 13:08:29,981 - Episodio: 258/800 | Reward:  130.51 | Temp: 0.126 | MA (100 ep):  110.26
2026-04-15 13:08:33,621 - Episodio: 259/800 | Reward:  134.62 | Temp: 0.125 | MA (100 ep):  110.10
2026-04-15 13:08:37,269 - Episodio: 260/800 | Reward:  253.90 | Temp: 0.124 | MA (100 ep):  112.69
2026-04-15 13:08:41,002 - Episodio: 261/800 | Reward:  142.02 | Temp: 0.123 | MA (100 ep):  112.86
2026-04-15 13:08:41,990 - Episodio: 262/800 | Reward:  242.00 | Temp: 0.122 | MA (100 ep):  114.06
2026-04-15 13:08:45,738 - Episodio: 263/800 | Reward:  194.59 | Temp: 0.121 | MA (100 ep):  120.15
2026-04-15 13:08:46,150 - Episodio: 264/800 | Reward:    9.46 | Temp: 0.120 | MA (100 ep):  118.84
2026-04-15 13:08:47,390 - Episodio: 265/800 | Reward:  231.16 | Temp: 0.119 | MA (100 ep):  120.22
2026-04-15 13:08:47,844 - Episodio: 266/800 | Reward:  -18.76 | Temp: 0.118 | MA (100 ep):  123.18
2026-04-15 13:08:51,472 - Episodio: 267/800 | Reward:  108.63 | Temp: 0.117 | MA (100 ep):  122.73
2026-04-15 13:08:55,274 - Episodio: 268/800 | Reward:  116.11 | Temp: 0.116 | MA (100 ep):  122.96
2026-04-15 13:08:59,013 - Episodio: 269/800 | Reward:  141.80 | Temp: 0.115 | MA (100 ep):  124.17
2026-04-15 13:09:00,118 - Episodio: 270/800 | Reward:   30.33 | Temp: 0.114 | MA (100 ep):  123.14
2026-04-15 13:09:03,815 - Episodio: 271/800 | Reward:   92.71 | Temp: 0.113 | MA (100 ep):  122.82
2026-04-15 13:09:07,571 - Episodio: 272/800 | Reward:  118.92 | Temp: 0.113 | MA (100 ep):  122.97
2026-04-15 13:09:09,327 - Episodio: 273/800 | Reward:  189.70 | Temp: 0.112 | MA (100 ep):  123.70
2026-04-15 13:09:10,636 - Episodio: 274/800 | Reward:  223.01 | Temp: 0.111 | MA (100 ep):  130.87
2026-04-15 13:09:11,177 - Episodio: 275/800 | Reward:   42.34 | Temp: 0.110 | MA (100 ep):  128.81
2026-04-15 13:09:14,916 - Episodio: 276/800 | Reward:  118.26 | Temp: 0.109 | MA (100 ep):  127.49
2026-04-15 13:09:15,242 - Episodio: 277/800 | Reward:   -5.53 | Temp: 0.108 | MA (100 ep):  126.44
2026-04-15 13:09:18,864 - Episodio: 278/800 | Reward:  176.50 | Temp: 0.107 | MA (100 ep):  129.11
2026-04-15 13:09:20,782 - Episodio: 279/800 | Reward:  269.54 | Temp: 0.106 | MA (100 ep):  130.87
2026-04-15 13:09:21,622 - Episodio: 280/800 | Reward:   22.83 | Temp: 0.106 | MA (100 ep):  131.06
2026-04-15 13:09:23,399 - Episodio: 281/800 | Reward:  192.52 | Temp: 0.105 | MA (100 ep):  131.68
2026-04-15 13:09:24,331 - Episodio: 282/800 | Reward:   -1.54 | Temp: 0.104 | MA (100 ep):  130.85
2026-04-15 13:09:27,984 - Episodio: 283/800 | Reward:  152.06 | Temp: 0.103 | MA (100 ep):  129.68
2026-04-15 13:09:31,117 - Episodio: 284/800 | Reward:  225.15 | Temp: 0.102 | MA (100 ep):  130.51
2026-04-15 13:09:32,083 - Episodio: 285/800 | Reward:  237.07 | Temp: 0.101 | MA (100 ep):  134.28
2026-04-15 13:09:35,600 - Episodio: 286/800 | Reward:  247.42 | Temp: 0.101 | MA (100 ep):  134.75
2026-04-15 13:09:37,128 - Episodio: 287/800 | Reward:  293.59 | Temp: 0.100 | MA (100 ep):  136.92
2026-04-15 13:09:40,029 - Episodio: 288/800 | Reward:  188.36 | Temp: 0.099 | MA (100 ep):  137.54
2026-04-15 13:09:42,008 - Episodio: 289/800 | Reward:  226.56 | Temp: 0.098 | MA (100 ep):  138.57
2026-04-15 13:09:45,896 - Episodio: 290/800 | Reward:  136.12 | Temp: 0.097 | MA (100 ep):  137.33
2026-04-15 13:09:49,619 - Episodio: 291/800 | Reward:  140.19 | Temp: 0.097 | MA (100 ep):  137.72
2026-04-15 13:09:53,355 - Episodio: 292/800 | Reward:  116.86 | Temp: 0.096 | MA (100 ep):  138.75
2026-04-15 13:09:54,194 - Episodio: 293/800 | Reward:   32.97 | Temp: 0.095 | MA (100 ep):  136.57
2026-04-15 13:09:56,696 - Episodio: 294/800 | Reward:  257.48 | Temp: 0.094 | MA (100 ep):  139.19
2026-04-15 13:10:00,360 - Episodio: 295/800 | Reward:  143.80 | Temp: 0.094 | MA (100 ep):  139.61
2026-04-15 13:10:01,323 - Episodio: 296/800 | Reward:  236.71 | Temp: 0.093 | MA (100 ep):  140.68
2026-04-15 13:10:05,114 - Episodio: 297/800 | Reward:  133.52 | Temp: 0.092 | MA (100 ep):  139.68
2026-04-15 13:10:06,822 - Episodio: 298/800 | Reward:  211.81 | Temp: 0.091 | MA (100 ep):  140.15
2026-04-15 13:10:07,891 - Episodio: 299/800 | Reward:  254.65 | Temp: 0.091 | MA (100 ep):  141.12
2026-04-15 13:10:08,867 - Episodio: 300/800 | Reward:  272.68 | Temp: 0.090 | MA (100 ep):  142.55
2026-04-15 13:10:08,869 - --- Inizio Evaluation run all'Episodio 300 ---
2026-04-15 13:10:16,126 - *** EVALUATION | Epi: 300 | Mean Reward (50 Run):  100.24 ± 157.20 ***
2026-04-15 13:10:16,126 - --- Fine Evaluation ---
2026-04-15 13:10:18,708 - Episodio: 301/800 | Reward:  257.50 | Temp: 0.089 | MA (100 ep):  144.89
2026-04-15 13:10:22,590 - Episodio: 302/800 | Reward:  141.90 | Temp: 0.088 | MA (100 ep):  143.47
2026-04-15 13:10:26,313 - Episodio: 303/800 | Reward:  157.63 | Temp: 0.088 | MA (100 ep):  144.18
2026-04-15 13:10:29,792 - Episodio: 304/800 | Reward:  170.54 | Temp: 0.087 | MA (100 ep):  144.55
2026-04-15 13:10:33,614 - Episodio: 305/800 | Reward:  145.12 | Temp: 0.086 | MA (100 ep):  144.91
2026-04-15 13:10:36,831 - Episodio: 306/800 | Reward:  281.79 | Temp: 0.086 | MA (100 ep):  145.33
2026-04-15 13:10:37,776 - Episodio: 307/800 | Reward:  -57.78 | Temp: 0.085 | MA (100 ep):  143.47
2026-04-15 13:10:39,082 - Episodio: 308/800 | Reward:  252.23 | Temp: 0.084 | MA (100 ep):  144.86
2026-04-15 13:10:39,649 - Episodio: 309/800 | Reward:   -0.46 | Temp: 0.084 | MA (100 ep):  142.00
2026-04-15 13:10:40,456 - Episodio: 310/800 | Reward:  187.50 | Temp: 0.083 | MA (100 ep):  142.70
2026-04-15 13:10:42,511 - Episodio: 311/800 | Reward:  233.22 | Temp: 0.082 | MA (100 ep):  143.72
2026-04-15 13:10:43,791 - Episodio: 312/800 | Reward:  269.38 | Temp: 0.082 | MA (100 ep):  144.96
2026-04-15 13:10:44,425 - Episodio: 313/800 | Reward:  264.15 | Temp: 0.081 | MA (100 ep):  146.51
2026-04-15 13:10:49,175 - Episodio: 314/800 | Reward:  154.70 | Temp: 0.080 | MA (100 ep):  146.77
2026-04-15 13:10:53,012 - Episodio: 315/800 | Reward:  179.28 | Temp: 0.080 | MA (100 ep):  147.03
2026-04-15 13:10:54,304 - Episodio: 316/800 | Reward:  241.19 | Temp: 0.079 | MA (100 ep):  148.75
2026-04-15 13:10:58,121 - Episodio: 317/800 | Reward:  104.28 | Temp: 0.078 | MA (100 ep):  148.10
2026-04-15 13:11:01,770 - Episodio: 318/800 | Reward:  120.08 | Temp: 0.078 | MA (100 ep):  148.47
2026-04-15 13:11:02,781 - Episodio: 319/800 | Reward:  237.47 | Temp: 0.077 | MA (100 ep):  150.46
2026-04-15 13:11:03,398 - Episodio: 320/800 | Reward:  -19.94 | Temp: 0.077 | MA (100 ep):  148.91
2026-04-15 13:11:04,213 - Episodio: 321/800 | Reward:  272.30 | Temp: 0.076 | MA (100 ep):  149.97
2026-04-15 13:11:04,675 - Episodio: 322/800 | Reward:   15.90 | Temp: 0.075 | MA (100 ep):  148.81
2026-04-15 13:11:08,137 - Episodio: 323/800 | Reward:  212.99 | Temp: 0.075 | MA (100 ep):  153.74
2026-04-15 13:11:08,509 - Episodio: 324/800 | Reward:  -47.87 | Temp: 0.074 | MA (100 ep):  151.08
2026-04-15 13:11:12,250 - Episodio: 325/800 | Reward:  145.02 | Temp: 0.074 | MA (100 ep):  153.65
2026-04-15 13:11:13,353 - Episodio: 326/800 | Reward:  256.64 | Temp: 0.073 | MA (100 ep):  156.02
2026-04-15 13:11:17,280 - Episodio: 327/800 | Reward:  129.73 | Temp: 0.072 | MA (100 ep):  156.15
2026-04-15 13:11:20,356 - Episodio: 328/800 | Reward:  263.40 | Temp: 0.072 | MA (100 ep):  156.78
2026-04-15 13:11:23,997 - Episodio: 329/800 | Reward:  134.85 | Temp: 0.071 | MA (100 ep):  157.08
2026-04-15 13:11:25,179 - Episodio: 330/800 | Reward:  284.20 | Temp: 0.071 | MA (100 ep):  158.50
2026-04-15 13:11:25,894 - Episodio: 331/800 | Reward:  256.79 | Temp: 0.070 | MA (100 ep):  160.44
2026-04-15 13:11:27,365 - Episodio: 332/800 | Reward: -175.76 | Temp: 0.069 | MA (100 ep):  156.06
2026-04-15 13:11:30,994 - Episodio: 333/800 | Reward:  175.19 | Temp: 0.069 | MA (100 ep):  157.66
2026-04-15 13:11:34,681 - Episodio: 334/800 | Reward:  138.38 | Temp: 0.068 | MA (100 ep):  156.80
2026-04-15 13:11:35,492 - Episodio: 335/800 | Reward:  296.66 | Temp: 0.068 | MA (100 ep):  157.07
2026-04-15 13:11:39,101 - Episodio: 336/800 | Reward:  164.97 | Temp: 0.067 | MA (100 ep):  156.24
2026-04-15 13:11:40,490 - Episodio: 337/800 | Reward:  245.14 | Temp: 0.067 | MA (100 ep):  157.32
2026-04-15 13:11:44,039 - Episodio: 338/800 | Reward:  150.40 | Temp: 0.066 | MA (100 ep):  157.06
2026-04-15 13:11:44,651 - Episodio: 339/800 | Reward:  -46.60 | Temp: 0.066 | MA (100 ep):  156.56
2026-04-15 13:11:48,424 - Episodio: 340/800 | Reward:  109.04 | Temp: 0.065 | MA (100 ep):  156.09
2026-04-15 13:11:49,218 - Episodio: 341/800 | Reward:  277.91 | Temp: 0.065 | MA (100 ep):  156.69
2026-04-15 13:11:52,883 - Episodio: 342/800 | Reward:  121.59 | Temp: 0.064 | MA (100 ep):  156.86
2026-04-15 13:11:56,564 - Episodio: 343/800 | Reward:  125.51 | Temp: 0.064 | MA (100 ep):  155.78
2026-04-15 13:11:57,299 - Episodio: 344/800 | Reward:  277.19 | Temp: 0.063 | MA (100 ep):  156.29
2026-04-15 13:11:58,150 - Episodio: 345/800 | Reward:  217.53 | Temp: 0.063 | MA (100 ep):  155.91
2026-04-15 13:12:01,853 - Episodio: 346/800 | Reward:  156.03 | Temp: 0.062 | MA (100 ep):  157.70
2026-04-15 13:12:05,619 - Episodio: 347/800 | Reward:  123.30 | Temp: 0.062 | MA (100 ep):  158.85
2026-04-15 13:12:06,189 - Episodio: 348/800 | Reward: -165.15 | Temp: 0.061 | MA (100 ep):  155.90
2026-04-15 13:12:09,870 - Episodio: 349/800 | Reward:  126.75 | Temp: 0.061 | MA (100 ep):  155.97
2026-04-15 13:12:13,684 - Episodio: 350/800 | Reward:  160.25 | Temp: 0.060 | MA (100 ep):  156.18
2026-04-15 13:12:13,684 - --- Inizio Evaluation run all'Episodio 350 ---
2026-04-15 13:12:20,966 - *** EVALUATION | Epi: 350 | Mean Reward (50 Run):  176.50 ± 95.46 ***
2026-04-15 13:12:20,966 - --- Fine Evaluation ---
2026-04-15 13:12:22,736 - Episodio: 351/800 | Reward:  283.26 | Temp: 0.060 | MA (100 ep):  158.85
2026-04-15 13:12:23,655 - Episodio: 352/800 | Reward:  224.96 | Temp: 0.059 | MA (100 ep):  159.65
2026-04-15 13:12:24,241 - Episodio: 353/800 | Reward:   35.94 | Temp: 0.059 | MA (100 ep):  158.58
2026-04-15 13:12:26,267 - Episodio: 354/800 | Reward:  235.07 | Temp: 0.058 | MA (100 ep):  158.46
2026-04-15 13:12:27,446 - Episodio: 355/800 | Reward:  270.07 | Temp: 0.058 | MA (100 ep):  158.36
2026-04-15 13:12:28,838 - Episodio: 356/800 | Reward:  264.10 | Temp: 0.057 | MA (100 ep):  158.42
2026-04-15 13:12:29,357 - Episodio: 357/800 | Reward:  -15.02 | Temp: 0.057 | MA (100 ep):  156.83
2026-04-15 13:12:33,078 - Episodio: 358/800 | Reward:   93.26 | Temp: 0.056 | MA (100 ep):  156.46
2026-04-15 13:12:34,840 - Episodio: 359/800 | Reward:  238.29 | Temp: 0.056 | MA (100 ep):  157.50
2026-04-15 13:12:35,424 - Episodio: 360/800 | Reward:   -4.56 | Temp: 0.055 | MA (100 ep):  154.91
2026-04-15 13:12:35,895 - Episodio: 361/800 | Reward:   10.86 | Temp: 0.055 | MA (100 ep):  153.60
2026-04-15 13:12:39,567 - Episodio: 362/800 | Reward:  169.22 | Temp: 0.055 | MA (100 ep):  152.87
2026-04-15 13:12:40,671 - Episodio: 363/800 | Reward:  230.99 | Temp: 0.054 | MA (100 ep):  153.24
2026-04-15 13:12:44,403 - Episodio: 364/800 | Reward:  111.30 | Temp: 0.054 | MA (100 ep):  154.25
2026-04-15 13:12:46,973 - Episodio: 365/800 | Reward:  217.98 | Temp: 0.053 | MA (100 ep):  154.12
2026-04-15 13:12:48,208 - Episodio: 366/800 | Reward:  288.38 | Temp: 0.053 | MA (100 ep):  157.19
2026-04-15 13:12:50,806 - Episodio: 367/800 | Reward:  229.41 | Temp: 0.052 | MA (100 ep):  158.40
2026-04-15 13:12:54,435 - Episodio: 368/800 | Reward:   82.48 | Temp: 0.052 | MA (100 ep):  158.06
2026-04-15 13:12:54,842 - Episodio: 369/800 | Reward:  -61.50 | Temp: 0.052 | MA (100 ep):  156.03
2026-04-15 13:12:58,543 - Episodio: 370/800 | Reward:  134.59 | Temp: 0.051 | MA (100 ep):  157.07
2026-04-15 13:12:59,046 - Episodio: 371/800 | Reward:   57.32 | Temp: 0.051 | MA (100 ep):  156.72
2026-04-15 13:13:02,846 - Episodio: 372/800 | Reward:   99.55 | Temp: 0.050 | MA (100 ep):  156.53
2026-04-15 13:13:06,490 - Episodio: 373/800 | Reward:   95.30 | Temp: 0.050 | MA (100 ep):  155.58
2026-04-15 13:13:10,162 - Episodio: 374/800 | Reward:  144.02 | Temp: 0.050 | MA (100 ep):  154.79
2026-04-15 13:13:11,157 - Episodio: 375/800 | Reward:  314.64 | Temp: 0.049 | MA (100 ep):  157.52
2026-04-15 13:13:14,182 - Episodio: 376/800 | Reward:  259.64 | Temp: 0.049 | MA (100 ep):  158.93
2026-04-15 13:13:14,753 - Episodio: 377/800 | Reward:   54.39 | Temp: 0.048 | MA (100 ep):  159.53
2026-04-15 13:13:16,200 - Episodio: 378/800 | Reward:  220.55 | Temp: 0.048 | MA (100 ep):  159.97
2026-04-15 13:13:17,776 - Episodio: 379/800 | Reward:  274.20 | Temp: 0.048 | MA (100 ep):  160.02
2026-04-15 13:13:20,162 - Episodio: 380/800 | Reward:  236.56 | Temp: 0.047 | MA (100 ep):  162.15
2026-04-15 13:13:20,646 - Episodio: 381/800 | Reward:   52.36 | Temp: 0.047 | MA (100 ep):  160.75
2026-04-15 13:13:21,697 - Episodio: 382/800 | Reward:  262.48 | Temp: 0.047 | MA (100 ep):  163.39
2026-04-15 13:13:22,290 - Episodio: 383/800 | Reward:   -0.42 | Temp: 0.046 | MA (100 ep):  161.87
2026-04-15 13:13:25,935 - Episodio: 384/800 | Reward:  149.06 | Temp: 0.046 | MA (100 ep):  161.11
2026-04-15 13:13:29,690 - Episodio: 385/800 | Reward:  160.27 | Temp: 0.045 | MA (100 ep):  160.34
2026-04-15 13:13:30,384 - Episodio: 386/800 | Reward:  262.18 | Temp: 0.045 | MA (100 ep):  160.49
2026-04-15 13:13:34,075 - Episodio: 387/800 | Reward:  168.08 | Temp: 0.045 | MA (100 ep):  159.23
2026-04-15 13:13:35,040 - Episodio: 388/800 | Reward:  259.77 | Temp: 0.044 | MA (100 ep):  159.94
2026-04-15 13:13:35,633 - Episodio: 389/800 | Reward:  280.97 | Temp: 0.044 | MA (100 ep):  160.49
2026-04-15 13:13:37,112 - Episodio: 390/800 | Reward:  293.62 | Temp: 0.044 | MA (100 ep):  162.06
2026-04-15 13:13:37,997 - Episodio: 391/800 | Reward:  242.59 | Temp: 0.043 | MA (100 ep):  163.09
2026-04-15 13:13:40,300 - Episodio: 392/800 | Reward:  263.69 | Temp: 0.043 | MA (100 ep):  164.56
2026-04-15 13:13:40,969 - Episodio: 393/800 | Reward:  262.48 | Temp: 0.043 | MA (100 ep):  166.85
2026-04-15 13:13:41,939 - Episodio: 394/800 | Reward:  292.52 | Temp: 0.042 | MA (100 ep):  167.20
2026-04-15 13:13:43,769 - Episodio: 395/800 | Reward:  249.81 | Temp: 0.042 | MA (100 ep):  168.26
2026-04-15 13:13:45,201 - Episodio: 396/800 | Reward:  250.43 | Temp: 0.042 | MA (100 ep):  168.40
2026-04-15 13:13:48,509 - Episodio: 397/800 | Reward:  238.75 | Temp: 0.041 | MA (100 ep):  169.45
2026-04-15 13:13:52,103 - Episodio: 398/800 | Reward:  154.28 | Temp: 0.041 | MA (100 ep):  168.88
2026-04-15 13:13:53,794 - Episodio: 399/800 | Reward:  190.45 | Temp: 0.041 | MA (100 ep):  168.23
2026-04-15 13:13:54,302 - Episodio: 400/800 | Reward:   63.76 | Temp: 0.040 | MA (100 ep):  166.14
2026-04-15 13:13:54,302 - --- Inizio Evaluation run all'Episodio 400 ---
2026-04-15 13:13:59,992 - *** EVALUATION | Epi: 400 | Mean Reward (50 Run):  227.30 ± 69.29 ***
2026-04-15 13:13:59,992 - --- Fine Evaluation ---
2026-04-15 13:14:00,986 - Episodio: 401/800 | Reward:  255.99 | Temp: 0.040 | MA (100 ep):  166.13
2026-04-15 13:14:01,854 - Episodio: 402/800 | Reward:  306.95 | Temp: 0.040 | MA (100 ep):  167.78
2026-04-15 13:14:02,882 - Episodio: 403/800 | Reward:  233.68 | Temp: 0.039 | MA (100 ep):  168.54
2026-04-15 13:14:03,958 - Episodio: 404/800 | Reward:  266.36 | Temp: 0.039 | MA (100 ep):  169.50
2026-04-15 13:14:06,339 - Episodio: 405/800 | Reward:  262.89 | Temp: 0.039 | MA (100 ep):  170.68
2026-04-15 13:14:08,674 - Episodio: 406/800 | Reward:  271.89 | Temp: 0.038 | MA (100 ep):  170.58
2026-04-15 13:14:10,370 - Episodio: 407/800 | Reward:  257.24 | Temp: 0.038 | MA (100 ep):  173.73
2026-04-15 13:14:11,425 - Episodio: 408/800 | Reward:  238.91 | Temp: 0.038 | MA (100 ep):  173.59
2026-04-15 13:14:11,784 - Episodio: 409/800 | Reward:   23.31 | Temp: 0.037 | MA (100 ep):  173.83
2026-04-15 13:14:13,101 - Episodio: 410/800 | Reward:  248.60 | Temp: 0.037 | MA (100 ep):  174.44
2026-04-15 13:14:14,183 - Episodio: 411/800 | Reward:  289.09 | Temp: 0.037 | MA (100 ep):  175.00
2026-04-15 13:14:15,050 - Episodio: 412/800 | Reward:  278.56 | Temp: 0.037 | MA (100 ep):  175.09
2026-04-15 13:14:15,652 - Episodio: 413/800 | Reward:  -12.87 | Temp: 0.036 | MA (100 ep):  172.32
2026-04-15 13:14:16,250 - Episodio: 414/800 | Reward:   45.03 | Temp: 0.036 | MA (100 ep):  171.23
2026-04-15 13:14:17,104 - Episodio: 415/800 | Reward:  253.36 | Temp: 0.036 | MA (100 ep):  171.97
2026-04-15 13:14:19,028 - Episodio: 416/800 | Reward:  267.06 | Temp: 0.035 | MA (100 ep):  172.23
2026-04-15 13:14:19,629 - Episodio: 417/800 | Reward:   63.32 | Temp: 0.035 | MA (100 ep):  171.82
2026-04-15 13:14:20,930 - Episodio: 418/800 | Reward:  273.07 | Temp: 0.035 | MA (100 ep):  173.35
2026-04-15 13:14:22,476 - Episodio: 419/800 | Reward:  264.45 | Temp: 0.035 | MA (100 ep):  173.62
2026-04-15 13:14:26,140 - Episodio: 420/800 | Reward:  155.42 | Temp: 0.034 | MA (100 ep):  175.37
2026-04-15 13:14:27,582 - Episodio: 421/800 | Reward:  259.92 | Temp: 0.034 | MA (100 ep):  175.25
2026-04-15 13:14:28,649 - Episodio: 422/800 | Reward:  246.31 | Temp: 0.034 | MA (100 ep):  177.55
2026-04-15 13:14:29,945 - Episodio: 423/800 | Reward:  223.10 | Temp: 0.033 | MA (100 ep):  177.65
2026-04-15 13:14:31,348 - Episodio: 424/800 | Reward:  297.37 | Temp: 0.033 | MA (100 ep):  181.10
2026-04-15 13:14:34,965 - Episodio: 425/800 | Reward:  130.93 | Temp: 0.033 | MA (100 ep):  180.96
2026-04-15 13:14:35,496 - Episodio: 426/800 | Reward:    4.24 | Temp: 0.033 | MA (100 ep):  178.44
2026-04-15 13:14:35,962 - Episodio: 427/800 | Reward: -100.87 | Temp: 0.032 | MA (100 ep):  176.13
2026-04-15 13:14:37,380 - Episodio: 428/800 | Reward:  282.67 | Temp: 0.032 | MA (100 ep):  176.32
2026-04-15 13:14:40,296 - Episodio: 429/800 | Reward:  261.91 | Temp: 0.032 | MA (100 ep):  177.60
2026-04-15 13:14:41,356 - Episodio: 430/800 | Reward:  277.05 | Temp: 0.032 | MA (100 ep):  177.52
2026-04-15 13:14:42,486 - Episodio: 431/800 | Reward:  291.69 | Temp: 0.031 | MA (100 ep):  177.87
2026-04-15 13:14:44,590 - Episodio: 432/800 | Reward:  289.08 | Temp: 0.031 | MA (100 ep):  182.52
2026-04-15 13:14:46,722 - Episodio: 433/800 | Reward:  238.73 | Temp: 0.031 | MA (100 ep):  183.16
2026-04-15 13:14:47,898 - Episodio: 434/800 | Reward:  250.29 | Temp: 0.031 | MA (100 ep):  184.28
2026-04-15 13:14:52,016 - Episodio: 435/800 | Reward:  153.85 | Temp: 0.030 | MA (100 ep):  182.85
2026-04-15 13:14:52,660 - Episodio: 436/800 | Reward:  259.54 | Temp: 0.030 | MA (100 ep):  183.79
2026-04-15 13:14:53,507 - Episodio: 437/800 | Reward:  290.00 | Temp: 0.030 | MA (100 ep):  184.24
2026-04-15 13:14:54,767 - Episodio: 438/800 | Reward:  250.49 | Temp: 0.030 | MA (100 ep):  185.24
2026-04-15 13:14:56,058 - Episodio: 439/800 | Reward:  243.70 | Temp: 0.029 | MA (100 ep):  188.15
2026-04-15 13:14:56,817 - Episodio: 440/800 | Reward:  247.19 | Temp: 0.029 | MA (100 ep):  189.53
2026-04-15 13:14:57,585 - Episodio: 441/800 | Reward:  265.45 | Temp: 0.029 | MA (100 ep):  189.40
2026-04-15 13:14:58,708 - Episodio: 442/800 | Reward:  267.07 | Temp: 0.029 | MA (100 ep):  190.86
2026-04-15 13:14:59,134 - Episodio: 443/800 | Reward:  -47.34 | Temp: 0.028 | MA (100 ep):  189.13
2026-04-15 13:15:00,221 - Episodio: 444/800 | Reward:  269.01 | Temp: 0.028 | MA (100 ep):  189.05
2026-04-15 13:15:00,806 - Episodio: 445/800 | Reward:   51.17 | Temp: 0.028 | MA (100 ep):  187.38
2026-04-15 13:15:02,453 - Episodio: 446/800 | Reward:  260.61 | Temp: 0.028 | MA (100 ep):  188.43
2026-04-15 13:15:03,221 - Episodio: 447/800 | Reward:  276.65 | Temp: 0.028 | MA (100 ep):  189.96
2026-04-15 13:15:04,477 - Episodio: 448/800 | Reward:  264.57 | Temp: 0.027 | MA (100 ep):  194.26
2026-04-15 13:15:05,352 - Episodio: 449/800 | Reward:  299.12 | Temp: 0.027 | MA (100 ep):  195.98
2026-04-15 13:15:06,187 - Episodio: 450/800 | Reward:  276.24 | Temp: 0.027 | MA (100 ep):  197.14
2026-04-15 13:15:06,187 - --- Inizio Evaluation run all'Episodio 450 ---
2026-04-15 13:15:15,339 - *** EVALUATION | Epi: 450 | Mean Reward (50 Run):  182.02 ± 84.39 ***
2026-04-15 13:15:15,339 - --- Fine Evaluation ---
2026-04-15 13:15:16,300 - Episodio: 451/800 | Reward:  276.11 | Temp: 0.027 | MA (100 ep):  197.07
2026-04-15 13:15:17,184 - Episodio: 452/800 | Reward:  276.16 | Temp: 0.027 | MA (100 ep):  197.58
2026-04-15 13:15:19,835 - Episodio: 453/800 | Reward:  267.82 | Temp: 0.026 | MA (100 ep):  199.90
2026-04-15 13:15:20,501 - Episodio: 454/800 | Reward:  247.74 | Temp: 0.026 | MA (100 ep):  200.03
2026-04-15 13:15:21,019 - Episodio: 455/800 | Reward:   29.25 | Temp: 0.026 | MA (100 ep):  197.62
2026-04-15 13:15:21,776 - Episodio: 456/800 | Reward:  243.12 | Temp: 0.026 | MA (100 ep):  197.41
2026-04-15 13:15:22,571 - Episodio: 457/800 | Reward:  290.03 | Temp: 0.025 | MA (100 ep):  200.46
2026-04-15 13:15:25,016 - Episodio: 458/800 | Reward:  194.95 | Temp: 0.025 | MA (100 ep):  201.48
2026-04-15 13:15:25,924 - Episodio: 459/800 | Reward:  284.97 | Temp: 0.025 | MA (100 ep):  201.95
2026-04-15 13:15:26,358 - Episodio: 460/800 | Reward:  -87.65 | Temp: 0.025 | MA (100 ep):  201.11
2026-04-15 13:15:27,412 - Episodio: 461/800 | Reward:  286.99 | Temp: 0.025 | MA (100 ep):  203.88
2026-04-15 13:15:28,953 - Episodio: 462/800 | Reward:  271.54 | Temp: 0.024 | MA (100 ep):  204.90
2026-04-15 13:15:29,805 - Episodio: 463/800 | Reward:  274.06 | Temp: 0.024 | MA (100 ep):  205.33
2026-04-15 13:15:30,718 - Episodio: 464/800 | Reward:  251.94 | Temp: 0.024 | MA (100 ep):  206.74
2026-04-15 13:15:32,265 - Episodio: 465/800 | Reward:  216.91 | Temp: 0.024 | MA (100 ep):  206.73
2026-04-15 13:15:33,464 - Episodio: 466/800 | Reward:  306.36 | Temp: 0.024 | MA (100 ep):  206.91
2026-04-15 13:15:34,371 - Episodio: 467/800 | Reward:  267.95 | Temp: 0.023 | MA (100 ep):  207.29
2026-04-15 13:15:38,039 - Episodio: 468/800 | Reward:  153.39 | Temp: 0.023 | MA (100 ep):  208.00
2026-04-15 13:15:39,184 - Episodio: 469/800 | Reward:  274.30 | Temp: 0.023 | MA (100 ep):  211.36
2026-04-15 13:15:39,853 - Episodio: 470/800 | Reward:  234.70 | Temp: 0.023 | MA (100 ep):  212.36
2026-04-15 13:15:43,595 - Episodio: 471/800 | Reward:  156.02 | Temp: 0.023 | MA (100 ep):  213.35
2026-04-15 13:15:44,318 - Episodio: 472/800 | Reward:  303.71 | Temp: 0.023 | MA (100 ep):  215.39
2026-04-15 13:15:45,745 - Episodio: 473/800 | Reward:  257.49 | Temp: 0.022 | MA (100 ep):  217.01
2026-04-15 13:15:46,729 - Episodio: 474/800 | Reward:  235.28 | Temp: 0.022 | MA (100 ep):  217.92
2026-04-15 13:15:47,661 - Episodio: 475/800 | Reward:  259.77 | Temp: 0.022 | MA (100 ep):  217.37
2026-04-15 13:15:48,393 - Episodio: 476/800 | Reward:  245.31 | Temp: 0.022 | MA (100 ep):  217.23
2026-04-15 13:15:49,657 - Episodio: 477/800 | Reward:  286.31 | Temp: 0.022 | MA (100 ep):  219.55
2026-04-15 13:15:50,639 - Episodio: 478/800 | Reward:  274.62 | Temp: 0.022 | MA (100 ep):  220.09
2026-04-15 13:15:51,316 - Episodio: 479/800 | Reward:   19.23 | Temp: 0.021 | MA (100 ep):  217.54
2026-04-15 13:15:52,088 - Episodio: 480/800 | Reward:  266.01 | Temp: 0.021 | MA (100 ep):  217.84
2026-04-15 13:15:53,002 - Episodio: 481/800 | Reward:  240.22 | Temp: 0.021 | MA (100 ep):  219.71
2026-04-15 13:15:53,870 - Episodio: 482/800 | Reward:  275.81 | Temp: 0.021 | MA (100 ep):  219.85
2026-04-15 13:15:54,637 - Episodio: 483/800 | Reward:  297.59 | Temp: 0.021 | MA (100 ep):  222.83
2026-04-15 13:15:55,484 - Episodio: 484/800 | Reward:  256.51 | Temp: 0.020 | MA (100 ep):  223.90
2026-04-15 13:15:56,475 - Episodio: 485/800 | Reward:  283.72 | Temp: 0.020 | MA (100 ep):  225.14
2026-04-15 13:15:57,059 - Episodio: 486/800 | Reward:   48.83 | Temp: 0.020 | MA (100 ep):  223.00
2026-04-15 13:15:57,782 - Episodio: 487/800 | Reward:  293.72 | Temp: 0.020 | MA (100 ep):  224.26
2026-04-15 13:15:58,671 - Episodio: 488/800 | Reward:  297.00 | Temp: 0.020 | MA (100 ep):  224.63
2026-04-15 13:15:59,710 - Episodio: 489/800 | Reward:  277.95 | Temp: 0.020 | MA (100 ep):  224.60
2026-04-15 13:16:00,441 - Episodio: 490/800 | Reward:  247.23 | Temp: 0.020 | MA (100 ep):  224.14
2026-04-15 13:16:01,724 - Episodio: 491/800 | Reward:  258.78 | Temp: 0.019 | MA (100 ep):  224.30
2026-04-15 13:16:02,131 - Episodio: 492/800 | Reward:  -55.17 | Temp: 0.019 | MA (100 ep):  221.11
2026-04-15 13:16:02,911 - Episodio: 493/800 | Reward:  302.84 | Temp: 0.019 | MA (100 ep):  221.51
2026-04-15 13:16:03,895 - Episodio: 494/800 | Reward:  278.46 | Temp: 0.019 | MA (100 ep):  221.37
2026-04-15 13:16:04,672 - Episodio: 495/800 | Reward:  260.29 | Temp: 0.019 | MA (100 ep):  221.48
2026-04-15 13:16:05,855 - Episodio: 496/800 | Reward:  280.43 | Temp: 0.019 | MA (100 ep):  221.78
2026-04-15 13:16:06,769 - Episodio: 497/800 | Reward:  269.30 | Temp: 0.018 | MA (100 ep):  222.08
2026-04-15 13:16:07,462 - Episodio: 498/800 | Reward:  251.97 | Temp: 0.018 | MA (100 ep):  223.06
2026-04-15 13:16:08,148 - Episodio: 499/800 | Reward:  214.87 | Temp: 0.018 | MA (100 ep):  223.31
2026-04-15 13:16:08,927 - Episodio: 500/800 | Reward:  239.60 | Temp: 0.018 | MA (100 ep):  225.06
2026-04-15 13:16:08,927 - --- Inizio Evaluation run all'Episodio 500 ---
2026-04-15 13:16:12,732 - *** EVALUATION | Epi: 500 | Mean Reward (50 Run):  255.58 ± 50.62 ***
2026-04-15 13:16:12,732 - --- Fine Evaluation ---
2026-04-15 13:16:13,657 - Episodio: 501/800 | Reward:  289.11 | Temp: 0.018 | MA (100 ep):  225.39
2026-04-15 13:16:14,891 - Episodio: 502/800 | Reward:  290.99 | Temp: 0.018 | MA (100 ep):  225.24
2026-04-15 13:16:15,491 - Episodio: 503/800 | Reward:  275.63 | Temp: 0.018 | MA (100 ep):  225.65
2026-04-15 13:16:19,342 - Episodio: 504/800 | Reward:  131.07 | Temp: 0.017 | MA (100 ep):  224.30
2026-04-15 13:16:19,996 - Episodio: 505/800 | Reward:  257.48 | Temp: 0.017 | MA (100 ep):  224.25
2026-04-15 13:16:21,065 - Episodio: 506/800 | Reward:  287.09 | Temp: 0.017 | MA (100 ep):  224.40
2026-04-15 13:16:21,766 - Episodio: 507/800 | Reward:  269.94 | Temp: 0.017 | MA (100 ep):  224.53
2026-04-15 13:16:22,635 - Episodio: 508/800 | Reward:  286.84 | Temp: 0.017 | MA (100 ep):  225.01
2026-04-15 13:16:23,514 - Episodio: 509/800 | Reward:  247.28 | Temp: 0.017 | MA (100 ep):  227.25
2026-04-15 13:16:24,161 - Episodio: 510/800 | Reward:  286.47 | Temp: 0.017 | MA (100 ep):  227.62
2026-04-15 13:16:24,902 - Episodio: 511/800 | Reward:  260.75 | Temp: 0.016 | MA (100 ep):  227.34
2026-04-15 13:16:25,628 - Episodio: 512/800 | Reward:  288.67 | Temp: 0.016 | MA (100 ep):  227.44
2026-04-15 13:16:26,258 - Episodio: 513/800 | Reward:  259.67 | Temp: 0.016 | MA (100 ep):  230.17
2026-04-15 13:16:27,946 - Episodio: 514/800 | Reward:  300.15 | Temp: 0.016 | MA (100 ep):  232.72
2026-04-15 13:16:28,676 - Episodio: 515/800 | Reward:  311.07 | Temp: 0.016 | MA (100 ep):  233.30
2026-04-15 13:16:29,527 - Episodio: 516/800 | Reward:  262.91 | Temp: 0.016 | MA (100 ep):  233.25
2026-04-15 13:16:30,359 - Episodio: 517/800 | Reward:  241.15 | Temp: 0.016 | MA (100 ep):  235.03
2026-04-15 13:16:31,176 - Episodio: 518/800 | Reward:  274.38 | Temp: 0.016 | MA (100 ep):  235.05
2026-04-15 13:16:31,762 - Episodio: 519/800 | Reward:  277.51 | Temp: 0.015 | MA (100 ep):  235.18
2026-04-15 13:16:32,474 - Episodio: 520/800 | Reward:  294.59 | Temp: 0.015 | MA (100 ep):  236.57
2026-04-15 13:16:33,405 - Episodio: 521/800 | Reward:  283.96 | Temp: 0.015 | MA (100 ep):  236.81
2026-04-15 13:16:34,247 - Episodio: 522/800 | Reward:  284.72 | Temp: 0.015 | MA (100 ep):  237.19
2026-04-15 13:16:36,866 - Episodio: 523/800 | Reward:  252.47 | Temp: 0.015 | MA (100 ep):  237.49
2026-04-15 13:16:37,249 - Episodio: 524/800 | Reward:   -1.91 | Temp: 0.015 | MA (100 ep):  234.49
2026-04-15 13:16:37,978 - Episodio: 525/800 | Reward:  291.90 | Temp: 0.015 | MA (100 ep):  236.10
2026-04-15 13:16:38,558 - Episodio: 526/800 | Reward:  277.66 | Temp: 0.015 | MA (100 ep):  238.84
2026-04-15 13:16:39,208 - Episodio: 527/800 | Reward:  220.65 | Temp: 0.015 | MA (100 ep):  242.05
2026-04-15 13:16:40,040 - Episodio: 528/800 | Reward:  267.64 | Temp: 0.014 | MA (100 ep):  241.90
2026-04-15 13:16:40,707 - Episodio: 529/800 | Reward:  234.76 | Temp: 0.014 | MA (100 ep):  241.63
2026-04-15 13:16:41,323 - Episodio: 530/800 | Reward:  264.39 | Temp: 0.014 | MA (100 ep):  241.50
2026-04-15 13:16:42,169 - Episodio: 531/800 | Reward:  309.15 | Temp: 0.014 | MA (100 ep):  241.68
2026-04-15 13:16:42,754 - Episodio: 532/800 | Reward:  248.03 | Temp: 0.014 | MA (100 ep):  241.27
2026-04-15 13:16:43,355 - Episodio: 533/800 | Reward:  258.76 | Temp: 0.014 | MA (100 ep):  241.47
2026-04-15 13:16:43,956 - Episodio: 534/800 | Reward:  290.19 | Temp: 0.014 | MA (100 ep):  241.87
2026-04-15 13:16:44,752 - Episodio: 535/800 | Reward:  292.78 | Temp: 0.014 | MA (100 ep):  243.26
2026-04-15 13:16:45,796 - Episodio: 536/800 | Reward:  315.58 | Temp: 0.013 | MA (100 ep):  243.82
2026-04-15 13:16:46,531 - Episodio: 537/800 | Reward:  288.27 | Temp: 0.013 | MA (100 ep):  243.80
2026-04-15 13:16:47,207 - Episodio: 538/800 | Reward:  280.96 | Temp: 0.013 | MA (100 ep):  244.10
2026-04-15 13:16:48,076 - Episodio: 539/800 | Reward:  293.19 | Temp: 0.013 | MA (100 ep):  244.60
2026-04-15 13:16:48,735 - Episodio: 540/800 | Reward:  274.09 | Temp: 0.013 | MA (100 ep):  244.87
2026-04-15 13:16:49,754 - Episodio: 541/800 | Reward:  283.05 | Temp: 0.013 | MA (100 ep):  245.04
2026-04-15 13:16:50,945 - Episodio: 542/800 | Reward:  254.57 | Temp: 0.013 | MA (100 ep):  244.92
2026-04-15 13:16:51,598 - Episodio: 543/800 | Reward:  264.25 | Temp: 0.013 | MA (100 ep):  248.04
2026-04-15 13:16:52,122 - Episodio: 544/800 | Reward:  -42.39 | Temp: 0.013 | MA (100 ep):  244.92
2026-04-15 13:16:53,395 - Episodio: 545/800 | Reward:  279.76 | Temp: 0.013 | MA (100 ep):  247.21
2026-04-15 13:16:54,152 - Episodio: 546/800 | Reward:  258.95 | Temp: 0.012 | MA (100 ep):  247.19
2026-04-15 13:16:54,778 - Episodio: 547/800 | Reward:  258.56 | Temp: 0.012 | MA (100 ep):  247.01
2026-04-15 13:16:55,449 - Episodio: 548/800 | Reward:  288.03 | Temp: 0.012 | MA (100 ep):  247.24
2026-04-15 13:16:56,150 - Episodio: 549/800 | Reward:  297.13 | Temp: 0.012 | MA (100 ep):  247.22
2026-04-15 13:16:56,769 - Episodio: 550/800 | Reward:  266.14 | Temp: 0.012 | MA (100 ep):  247.12
2026-04-15 13:16:56,769 - --- Inizio Evaluation run all'Episodio 550 ---
2026-04-15 13:17:00,173 - *** EVALUATION | Epi: 550 | Mean Reward (50 Run):  264.87 ± 21.22 ***
2026-04-15 13:17:00,173 - --- Fine Evaluation ---
2026-04-15 13:17:00,945 - Episodio: 551/800 | Reward:  267.55 | Temp: 0.012 | MA (100 ep):  247.04
2026-04-15 13:17:02,019 - Episodio: 552/800 | Reward:  279.11 | Temp: 0.012 | MA (100 ep):  247.07
2026-04-15 13:17:02,917 - Episodio: 553/800 | Reward:  254.47 | Temp: 0.012 | MA (100 ep):  246.93
2026-04-15 13:17:03,596 - Episodio: 554/800 | Reward:  288.40 | Temp: 0.012 | MA (100 ep):  247.34
2026-04-15 13:17:04,260 - Episodio: 555/800 | Reward:  287.53 | Temp: 0.012 | MA (100 ep):  249.92
2026-04-15 13:17:05,174 - Episodio: 556/800 | Reward:  292.16 | Temp: 0.011 | MA (100 ep):  250.41
2026-04-15 13:17:05,697 - Episodio: 557/800 | Reward:  261.50 | Temp: 0.011 | MA (100 ep):  250.13
2026-04-15 13:17:06,832 - Episodio: 558/800 | Reward:  295.59 | Temp: 0.011 | MA (100 ep):  251.14
2026-04-15 13:17:07,470 - Episodio: 559/800 | Reward:  292.87 | Temp: 0.011 | MA (100 ep):  251.21
2026-04-15 13:17:08,155 - Episodio: 560/800 | Reward:  288.43 | Temp: 0.011 | MA (100 ep):  254.98
2026-04-15 13:17:08,818 - Episodio: 561/800 | Reward:  268.33 | Temp: 0.011 | MA (100 ep):  254.79
2026-04-15 13:17:09,642 - Episodio: 562/800 | Reward:  264.85 | Temp: 0.011 | MA (100 ep):  254.72
2026-04-15 13:17:10,363 - Episodio: 563/800 | Reward:  263.54 | Temp: 0.011 | MA (100 ep):  254.62
2026-04-15 13:17:11,516 - Episodio: 564/800 | Reward:  313.67 | Temp: 0.011 | MA (100 ep):  255.23
2026-04-15 13:17:12,470 - Episodio: 565/800 | Reward:  307.63 | Temp: 0.011 | MA (100 ep):  256.14
2026-04-15 13:17:13,248 - Episodio: 566/800 | Reward:  281.70 | Temp: 0.011 | MA (100 ep):  255.89
2026-04-15 13:17:14,750 - Episodio: 567/800 | Reward:  277.34 | Temp: 0.011 | MA (100 ep):  255.99
2026-04-15 13:17:15,536 - Episodio: 568/800 | Reward:  289.91 | Temp: 0.010 | MA (100 ep):  257.35
2026-04-15 13:17:16,258 - Episodio: 569/800 | Reward:  276.72 | Temp: 0.010 | MA (100 ep):  257.38
2026-04-15 13:17:16,927 - Episodio: 570/800 | Reward:  283.02 | Temp: 0.010 | MA (100 ep):  257.86
2026-04-15 13:17:17,629 - Episodio: 571/800 | Reward:  273.36 | Temp: 0.010 | MA (100 ep):  259.03
2026-04-15 13:17:18,247 - Episodio: 572/800 | Reward:  271.43 | Temp: 0.010 | MA (100 ep):  258.71
2026-04-15 13:17:19,094 - Episodio: 573/800 | Reward:  288.09 | Temp: 0.010 | MA (100 ep):  259.02
2026-04-15 13:17:19,899 - Episodio: 574/800 | Reward:  273.28 | Temp: 0.010 | MA (100 ep):  259.40
2026-04-15 13:17:20,698 - Episodio: 575/800 | Reward:  262.89 | Temp: 0.010 | MA (100 ep):  259.43
2026-04-15 13:17:24,445 - Episodio: 576/800 | Reward:  184.72 | Temp: 0.010 | MA (100 ep):  258.82
2026-04-15 13:17:25,231 - Episodio: 577/800 | Reward:  301.28 | Temp: 0.010 | MA (100 ep):  258.97
2026-04-15 13:17:25,874 - Episodio: 578/800 | Reward:  265.97 | Temp: 0.010 | MA (100 ep):  258.89
2026-04-15 13:17:26,490 - Episodio: 579/800 | Reward:  273.82 | Temp: 0.010 | MA (100 ep):  261.43
2026-04-15 13:17:27,205 - Episodio: 580/800 | Reward:  284.32 | Temp: 0.010 | MA (100 ep):  261.61
2026-04-15 13:17:28,376 - Episodio: 581/800 | Reward:  270.97 | Temp: 0.010 | MA (100 ep):  261.92
2026-04-15 13:17:29,043 - Episodio: 582/800 | Reward:  285.04 | Temp: 0.010 | MA (100 ep):  262.01
2026-04-15 13:17:29,791 - Episodio: 583/800 | Reward:  298.72 | Temp: 0.010 | MA (100 ep):  262.03
2026-04-15 13:17:30,436 - Episodio: 584/800 | Reward:  267.43 | Temp: 0.010 | MA (100 ep):  262.14
2026-04-15 13:17:31,194 - Episodio: 585/800 | Reward:  260.54 | Temp: 0.010 | MA (100 ep):  261.90
2026-04-15 13:17:31,981 - Episodio: 586/800 | Reward:  278.31 | Temp: 0.010 | MA (100 ep):  264.20
2026-04-15 13:17:32,577 - Episodio: 587/800 | Reward:  290.56 | Temp: 0.010 | MA (100 ep):  264.17
2026-04-15 13:17:33,190 - Episodio: 588/800 | Reward:  251.46 | Temp: 0.010 | MA (100 ep):  263.71
2026-04-15 13:17:33,955 - Episodio: 589/800 | Reward:  282.04 | Temp: 0.010 | MA (100 ep):  263.75
2026-04-15 13:17:35,082 - Episodio: 590/800 | Reward:  276.66 | Temp: 0.010 | MA (100 ep):  264.05
2026-04-15 13:17:35,845 - Episodio: 591/800 | Reward:  271.60 | Temp: 0.010 | MA (100 ep):  264.17
2026-04-15 13:17:36,594 - Episodio: 592/800 | Reward:  273.29 | Temp: 0.010 | MA (100 ep):  267.46
2026-04-15 13:17:37,351 - Episodio: 593/800 | Reward:  257.11 | Temp: 0.010 | MA (100 ep):  267.00
2026-04-15 13:17:38,574 - Episodio: 594/800 | Reward:  245.61 | Temp: 0.010 | MA (100 ep):  266.67
2026-04-15 13:17:40,554 - Episodio: 595/800 | Reward:  264.57 | Temp: 0.010 | MA (100 ep):  266.72
2026-04-15 13:17:41,388 - Episodio: 596/800 | Reward:  269.05 | Temp: 0.010 | MA (100 ep):  266.60
2026-04-15 13:17:42,996 - Episodio: 597/800 | Reward:  284.46 | Temp: 0.010 | MA (100 ep):  266.75
2026-04-15 13:17:43,532 - Episodio: 598/800 | Reward:  284.60 | Temp: 0.010 | MA (100 ep):  267.08
2026-04-15 13:17:44,508 - Episodio: 599/800 | Reward:  280.94 | Temp: 0.010 | MA (100 ep):  267.74
2026-04-15 13:17:45,160 - Episodio: 600/800 | Reward:  260.63 | Temp: 0.010 | MA (100 ep):  267.95
2026-04-15 13:17:45,160 - --- Inizio Evaluation run all'Episodio 600 ---
2026-04-15 13:17:48,380 - *** EVALUATION | Epi: 600 | Mean Reward (50 Run):  267.62 ± 32.34 ***
2026-04-15 13:17:48,380 - --- Fine Evaluation ---
2026-04-15 13:17:49,028 - Episodio: 601/800 | Reward:  250.77 | Temp: 0.010 | MA (100 ep):  267.57
2026-04-15 13:17:49,988 - Episodio: 602/800 | Reward:  264.20 | Temp: 0.010 | MA (100 ep):  267.30
2026-04-15 13:17:50,559 - Episodio: 603/800 | Reward:  253.69 | Temp: 0.010 | MA (100 ep):  267.08
2026-04-15 13:17:51,182 - Episodio: 604/800 | Reward:  266.77 | Temp: 0.010 | MA (100 ep):  268.44
2026-04-15 13:17:51,820 - Episodio: 605/800 | Reward:  265.41 | Temp: 0.010 | MA (100 ep):  268.52
2026-04-15 13:17:52,724 - Episodio: 606/800 | Reward:  282.15 | Temp: 0.010 | MA (100 ep):  268.47
2026-04-15 13:17:53,694 - Episodio: 607/800 | Reward:  261.88 | Temp: 0.010 | MA (100 ep):  268.39
2026-04-15 13:17:54,027 - Episodio: 608/800 | Reward:   32.90 | Temp: 0.010 | MA (100 ep):  265.85
2026-04-15 13:17:55,022 - Episodio: 609/800 | Reward:  234.02 | Temp: 0.010 | MA (100 ep):  265.71
2026-04-15 13:17:55,864 - Episodio: 610/800 | Reward:  283.77 | Temp: 0.010 | MA (100 ep):  265.69
2026-04-15 13:17:56,564 - Episodio: 611/800 | Reward:  266.53 | Temp: 0.010 | MA (100 ep):  265.75
2026-04-15 13:17:57,253 - Episodio: 612/800 | Reward:  264.99 | Temp: 0.010 | MA (100 ep):  265.51
2026-04-15 13:17:57,948 - Episodio: 613/800 | Reward:  300.82 | Temp: 0.010 | MA (100 ep):  265.92
2026-04-15 13:17:58,778 - Episodio: 614/800 | Reward:  253.14 | Temp: 0.010 | MA (100 ep):  265.45
2026-04-15 13:17:59,395 - Episodio: 615/800 | Reward:  307.00 | Temp: 0.010 | MA (100 ep):  265.41
2026-04-15 13:18:00,177 - Episodio: 616/800 | Reward:  276.16 | Temp: 0.010 | MA (100 ep):  265.54
2026-04-15 13:18:00,900 - Episodio: 617/800 | Reward:  278.04 | Temp: 0.010 | MA (100 ep):  265.91
2026-04-15 13:18:01,699 - Episodio: 618/800 | Reward:  306.30 | Temp: 0.010 | MA (100 ep):  266.23
2026-04-15 13:18:02,305 - Episodio: 619/800 | Reward:  260.62 | Temp: 0.010 | MA (100 ep):  266.06
2026-04-15 13:18:03,000 - Episodio: 620/800 | Reward:  278.37 | Temp: 0.010 | MA (100 ep):  265.90
2026-04-15 13:18:03,759 - Episodio: 621/800 | Reward:  308.55 | Temp: 0.010 | MA (100 ep):  266.14
2026-04-15 13:18:04,502 - Episodio: 622/800 | Reward:  281.03 | Temp: 0.010 | MA (100 ep):  266.11
2026-04-15 13:18:05,204 - Episodio: 623/800 | Reward:  275.30 | Temp: 0.010 | MA (100 ep):  266.34
2026-04-15 13:18:05,775 - Episodio: 624/800 | Reward:  302.62 | Temp: 0.010 | MA (100 ep):  269.38
2026-04-15 13:18:06,601 - Episodio: 625/800 | Reward:  260.26 | Temp: 0.010 | MA (100 ep):  269.07
2026-04-15 13:18:07,209 - Episodio: 626/800 | Reward:  264.76 | Temp: 0.010 | MA (100 ep):  268.94
2026-04-15 13:18:08,036 - Episodio: 627/800 | Reward:  276.70 | Temp: 0.010 | MA (100 ep):  269.50
2026-04-15 13:18:08,550 - Episodio: 628/800 | Reward:  270.87 | Temp: 0.010 | MA (100 ep):  269.53
2026-04-15 13:18:09,389 - Episodio: 629/800 | Reward:  299.05 | Temp: 0.010 | MA (100 ep):  270.17
2026-04-15 13:18:10,165 - Episodio: 630/800 | Reward:  284.09 | Temp: 0.010 | MA (100 ep):  270.37
2026-04-15 13:18:10,892 - Episodio: 631/800 | Reward:  295.26 | Temp: 0.010 | MA (100 ep):  270.23
2026-04-15 13:18:11,430 - Episodio: 632/800 | Reward:  282.87 | Temp: 0.010 | MA (100 ep):  270.58
2026-04-15 13:18:12,139 - Episodio: 633/800 | Reward:  269.32 | Temp: 0.010 | MA (100 ep):  270.68
2026-04-15 13:18:12,913 - Episodio: 634/800 | Reward:  288.60 | Temp: 0.010 | MA (100 ep):  270.67
2026-04-15 13:18:13,228 - Episodio: 635/800 | Reward: -142.28 | Temp: 0.010 | MA (100 ep):  266.32
2026-04-15 13:18:13,916 - Episodio: 636/800 | Reward:  265.62 | Temp: 0.010 | MA (100 ep):  265.82
2026-04-15 13:18:14,631 - Episodio: 637/800 | Reward:  308.44 | Temp: 0.010 | MA (100 ep):  266.02
2026-04-15 13:18:15,153 - Episodio: 638/800 | Reward:  293.66 | Temp: 0.010 | MA (100 ep):  266.15
2026-04-15 13:18:15,890 - Episodio: 639/800 | Reward:  261.32 | Temp: 0.010 | MA (100 ep):  265.83
2026-04-15 13:18:16,442 - Episodio: 640/800 | Reward:  303.87 | Temp: 0.010 | MA (100 ep):  266.13
2026-04-15 13:18:17,203 - Episodio: 641/800 | Reward:  304.95 | Temp: 0.010 | MA (100 ep):  266.34
2026-04-15 13:18:17,842 - Episodio: 642/800 | Reward:  255.08 | Temp: 0.010 | MA (100 ep):  266.35
2026-04-15 13:18:18,440 - Episodio: 643/800 | Reward:  245.78 | Temp: 0.010 | MA (100 ep):  266.17
2026-04-15 13:18:19,663 - Episodio: 644/800 | Reward:  279.90 | Temp: 0.010 | MA (100 ep):  269.39
2026-04-15 13:18:21,907 - Episodio: 645/800 | Reward:  262.71 | Temp: 0.010 | MA (100 ep):  269.22
2026-04-15 13:18:22,501 - Episodio: 646/800 | Reward:  266.34 | Temp: 0.010 | MA (100 ep):  269.29
2026-04-15 13:18:23,284 - Episodio: 647/800 | Reward:  287.98 | Temp: 0.010 | MA (100 ep):  269.59
2026-04-15 13:18:23,857 - Episodio: 648/800 | Reward:  287.88 | Temp: 0.010 | MA (100 ep):  269.58
2026-04-15 13:18:24,625 - Episodio: 649/800 | Reward:  271.94 | Temp: 0.010 | MA (100 ep):  269.33
2026-04-15 13:18:25,524 - Episodio: 650/800 | Reward:  274.32 | Temp: 0.010 | MA (100 ep):  269.41
2026-04-15 13:18:25,524 - --- Inizio Evaluation run all'Episodio 650 ---
2026-04-15 13:18:28,858 - *** EVALUATION | Epi: 650 | Mean Reward (50 Run):  268.32 ± 27.46 ***
2026-04-15 13:18:28,858 - --- Fine Evaluation ---
2026-04-15 13:18:29,850 - Episodio: 651/800 | Reward:  288.93 | Temp: 0.010 | MA (100 ep):  269.63
2026-04-15 13:18:30,722 - Episodio: 652/800 | Reward:  295.38 | Temp: 0.010 | MA (100 ep):  269.79
2026-04-15 13:18:31,982 - Episodio: 653/800 | Reward:  270.96 | Temp: 0.010 | MA (100 ep):  269.96
2026-04-15 13:18:32,793 - Episodio: 654/800 | Reward:  281.30 | Temp: 0.010 | MA (100 ep):  269.88
2026-04-15 13:18:33,353 - Episodio: 655/800 | Reward:  293.03 | Temp: 0.010 | MA (100 ep):  269.94
2026-04-15 13:18:34,095 - Episodio: 656/800 | Reward:  284.07 | Temp: 0.010 | MA (100 ep):  269.86
2026-04-15 13:18:34,926 - Episodio: 657/800 | Reward:  285.21 | Temp: 0.010 | MA (100 ep):  270.10
2026-04-15 13:18:35,528 - Episodio: 658/800 | Reward:  275.39 | Temp: 0.010 | MA (100 ep):  269.89
2026-04-15 13:18:36,594 - Episodio: 659/800 | Reward:  275.03 | Temp: 0.010 | MA (100 ep):  269.72
2026-04-15 13:18:37,519 - Episodio: 660/800 | Reward:  293.22 | Temp: 0.010 | MA (100 ep):  269.76
2026-04-15 13:18:38,070 - Episodio: 661/800 | Reward:  262.03 | Temp: 0.010 | MA (100 ep):  269.70
2026-04-15 13:18:38,672 - Episodio: 662/800 | Reward:  251.03 | Temp: 0.010 | MA (100 ep):  269.56
2026-04-15 13:18:39,262 - Episodio: 663/800 | Reward:  289.46 | Temp: 0.010 | MA (100 ep):  269.82
2026-04-15 13:18:39,855 - Episodio: 664/800 | Reward:  296.59 | Temp: 0.010 | MA (100 ep):  269.65
2026-04-15 13:18:40,607 - Episodio: 665/800 | Reward:  301.96 | Temp: 0.010 | MA (100 ep):  269.59
2026-04-15 13:18:41,462 - Episodio: 666/800 | Reward:  251.90 | Temp: 0.010 | MA (100 ep):  269.30
2026-04-15 13:18:43,987 - Episodio: 667/800 | Reward:  270.85 | Temp: 0.010 | MA (100 ep):  269.23
2026-04-15 13:18:44,694 - Episodio: 668/800 | Reward:  245.70 | Temp: 0.010 | MA (100 ep):  268.79
2026-04-15 13:18:45,326 - Episodio: 669/800 | Reward:  284.72 | Temp: 0.010 | MA (100 ep):  268.87
2026-04-15 13:18:46,019 - Episodio: 670/800 | Reward:  300.65 | Temp: 0.010 | MA (100 ep):  269.04
2026-04-15 13:18:46,631 - Episodio: 671/800 | Reward:  274.71 | Temp: 0.010 | MA (100 ep):  269.06
2026-04-15 13:18:47,423 - Episodio: 672/800 | Reward:  297.49 | Temp: 0.010 | MA (100 ep):  269.32
2026-04-15 13:18:48,274 - Episodio: 673/800 | Reward:  311.33 | Temp: 0.010 | MA (100 ep):  269.55
2026-04-15 13:18:48,896 - Episodio: 674/800 | Reward:  250.27 | Temp: 0.010 | MA (100 ep):  269.32
2026-04-15 13:18:49,756 - Episodio: 675/800 | Reward:  278.30 | Temp: 0.010 | MA (100 ep):  269.48
2026-04-15 13:18:50,561 - Episodio: 676/800 | Reward:  276.79 | Temp: 0.010 | MA (100 ep):  270.40
2026-04-15 13:18:51,320 - Episodio: 677/800 | Reward:  268.85 | Temp: 0.010 | MA (100 ep):  270.07
2026-04-15 13:18:51,967 - Episodio: 678/800 | Reward:  253.98 | Temp: 0.010 | MA (100 ep):  269.95
2026-04-15 13:18:52,822 - Episodio: 679/800 | Reward:  292.34 | Temp: 0.010 | MA (100 ep):  270.14
2026-04-15 13:18:53,099 - Episodio: 680/800 | Reward: -341.60 | Temp: 0.010 | MA (100 ep):  263.88
2026-04-15 13:18:53,775 - Episodio: 681/800 | Reward:  269.22 | Temp: 0.010 | MA (100 ep):  263.86
2026-04-15 13:18:54,585 - Episodio: 682/800 | Reward:  290.91 | Temp: 0.010 | MA (100 ep):  263.92
2026-04-15 13:18:55,358 - Episodio: 683/800 | Reward:  242.68 | Temp: 0.010 | MA (100 ep):  263.36
2026-04-15 13:18:56,336 - Episodio: 684/800 | Reward:  272.65 | Temp: 0.010 | MA (100 ep):  263.41
2026-04-15 13:18:57,305 - Episodio: 685/800 | Reward:  283.66 | Temp: 0.010 | MA (100 ep):  263.64
2026-04-15 13:18:57,957 - Episodio: 686/800 | Reward:  259.24 | Temp: 0.010 | MA (100 ep):  263.45
2026-04-15 13:18:59,675 - Episodio: 687/800 | Reward:  228.21 | Temp: 0.010 | MA (100 ep):  262.83
2026-04-15 13:19:00,576 - Episodio: 688/800 | Reward:  212.62 | Temp: 0.010 | MA (100 ep):  262.44
2026-04-15 13:19:01,521 - Episodio: 689/800 | Reward:  288.00 | Temp: 0.010 | MA (100 ep):  262.50
2026-04-15 13:19:02,136 - Episodio: 690/800 | Reward:  261.49 | Temp: 0.010 | MA (100 ep):  262.35
2026-04-15 13:19:03,257 - Episodio: 691/800 | Reward:  259.07 | Temp: 0.010 | MA (100 ep):  262.22
2026-04-15 13:19:03,845 - Episodio: 692/800 | Reward:  281.55 | Temp: 0.010 | MA (100 ep):  262.30
2026-04-15 13:19:04,550 - Episodio: 693/800 | Reward:  280.31 | Temp: 0.010 | MA (100 ep):  262.54
2026-04-15 13:19:05,190 - Episodio: 694/800 | Reward:  241.73 | Temp: 0.010 | MA (100 ep):  262.50
2026-04-15 13:19:05,807 - Episodio: 695/800 | Reward:  237.94 | Temp: 0.010 | MA (100 ep):  262.23
2026-04-15 13:19:06,516 - Episodio: 696/800 | Reward:  287.57 | Temp: 0.010 | MA (100 ep):  262.42
2026-04-15 13:19:07,121 - Episodio: 697/800 | Reward:  282.48 | Temp: 0.010 | MA (100 ep):  262.40
2026-04-15 13:19:07,753 - Episodio: 698/800 | Reward:  299.05 | Temp: 0.010 | MA (100 ep):  262.54
2026-04-15 13:19:08,490 - Episodio: 699/800 | Reward:  269.38 | Temp: 0.010 | MA (100 ep):  262.43
2026-04-15 13:19:09,076 - Episodio: 700/800 | Reward:  269.34 | Temp: 0.010 | MA (100 ep):  262.51
2026-04-15 13:19:09,076 - --- Inizio Evaluation run all'Episodio 700 ---
2026-04-15 13:19:12,502 - *** EVALUATION | Epi: 700 | Mean Reward (50 Run):  271.99 ± 25.44 ***
2026-04-15 13:19:12,502 - --- Fine Evaluation ---
2026-04-15 13:19:13,244 - Episodio: 701/800 | Reward:  280.91 | Temp: 0.010 | MA (100 ep):  262.81
2026-04-15 13:19:13,906 - Episodio: 702/800 | Reward:  266.85 | Temp: 0.010 | MA (100 ep):  262.84
2026-04-15 13:19:14,544 - Episodio: 703/800 | Reward:  269.53 | Temp: 0.010 | MA (100 ep):  263.00
2026-04-15 13:19:16,175 - Episodio: 704/800 | Reward:  261.41 | Temp: 0.010 | MA (100 ep):  262.95
2026-04-15 13:19:16,784 - Episodio: 705/800 | Reward:  257.27 | Temp: 0.010 | MA (100 ep):  262.86
2026-04-15 13:19:17,388 - Episodio: 706/800 | Reward:  263.90 | Temp: 0.010 | MA (100 ep):  262.68
2026-04-15 13:19:17,957 - Episodio: 707/800 | Reward:  280.48 | Temp: 0.010 | MA (100 ep):  262.87
2026-04-15 13:19:18,812 - Episodio: 708/800 | Reward:  276.58 | Temp: 0.010 | MA (100 ep):  265.30
2026-04-15 13:19:19,769 - Episodio: 709/800 | Reward:  292.25 | Temp: 0.010 | MA (100 ep):  265.89
2026-04-15 13:19:20,557 - Episodio: 710/800 | Reward:  294.07 | Temp: 0.010 | MA (100 ep):  265.99
2026-04-15 13:19:23,135 - Episodio: 711/800 | Reward:  205.34 | Temp: 0.010 | MA (100 ep):  265.38
2026-04-15 13:19:23,689 - Episodio: 712/800 | Reward:  272.04 | Temp: 0.010 | MA (100 ep):  265.45
2026-04-15 13:19:25,910 - Episodio: 713/800 | Reward:  243.94 | Temp: 0.010 | MA (100 ep):  264.88
2026-04-15 13:19:26,559 - Episodio: 714/800 | Reward:   56.07 | Temp: 0.010 | MA (100 ep):  262.91
2026-04-15 13:19:27,144 - Episodio: 715/800 | Reward:  254.40 | Temp: 0.010 | MA (100 ep):  262.38
2026-04-15 13:19:28,059 - Episodio: 716/800 | Reward:  289.31 | Temp: 0.010 | MA (100 ep):  262.51
2026-04-15 13:19:28,721 - Episodio: 717/800 | Reward:   43.87 | Temp: 0.010 | MA (100 ep):  260.17
2026-04-15 13:19:29,337 - Episodio: 718/800 | Reward:  275.84 | Temp: 0.010 | MA (100 ep):  259.87
2026-04-15 13:19:29,904 - Episodio: 719/800 | Reward:  253.84 | Temp: 0.010 | MA (100 ep):  259.80
2026-04-15 13:19:30,665 - Episodio: 720/800 | Reward:  263.66 | Temp: 0.010 | MA (100 ep):  259.65
2026-04-15 13:19:31,700 - Episodio: 721/800 | Reward:  260.76 | Temp: 0.010 | MA (100 ep):  259.17
2026-04-15 13:19:32,258 - Episodio: 722/800 | Reward:  260.26 | Temp: 0.010 | MA (100 ep):  258.97
2026-04-15 13:19:33,547 - Episodio: 723/800 | Reward:  195.95 | Temp: 0.010 | MA (100 ep):  258.17
2026-04-15 13:19:34,314 - Episodio: 724/800 | Reward:  276.00 | Temp: 0.010 | MA (100 ep):  257.91
2026-04-15 13:19:34,945 - Episodio: 725/800 | Reward:  261.25 | Temp: 0.010 | MA (100 ep):  257.92
2026-04-15 13:19:36,504 - Episodio: 726/800 | Reward:  259.86 | Temp: 0.010 | MA (100 ep):  257.87
2026-04-15 13:19:36,857 - Episodio: 727/800 | Reward:   21.25 | Temp: 0.010 | MA (100 ep):  255.31
2026-04-15 13:19:37,670 - Episodio: 728/800 | Reward:  301.90 | Temp: 0.010 | MA (100 ep):  255.62
2026-04-15 13:19:38,431 - Episodio: 729/800 | Reward:  251.24 | Temp: 0.010 | MA (100 ep):  255.15
2026-04-15 13:19:39,475 - Episodio: 730/800 | Reward:  254.99 | Temp: 0.010 | MA (100 ep):  254.85
2026-04-15 13:19:40,051 - Episodio: 731/800 | Reward:  265.34 | Temp: 0.010 | MA (100 ep):  254.56
2026-04-15 13:19:40,931 - Episodio: 732/800 | Reward:  262.26 | Temp: 0.010 | MA (100 ep):  254.35
2026-04-15 13:19:42,274 - Episodio: 733/800 | Reward:  257.81 | Temp: 0.010 | MA (100 ep):  254.23
2026-04-15 13:19:43,060 - Episodio: 734/800 | Reward:  258.07 | Temp: 0.010 | MA (100 ep):  253.93
2026-04-15 13:19:43,734 - Episodio: 735/800 | Reward:  259.97 | Temp: 0.010 | MA (100 ep):  257.95
2026-04-15 13:19:44,723 - Episodio: 736/800 | Reward:  303.09 | Temp: 0.010 | MA (100 ep):  258.33
2026-04-15 13:19:45,589 - Episodio: 737/800 | Reward:  297.46 | Temp: 0.010 | MA (100 ep):  258.22
2026-04-15 13:19:46,219 - Episodio: 738/800 | Reward:  287.71 | Temp: 0.010 | MA (100 ep):  258.16
2026-04-15 13:19:46,875 - Episodio: 739/800 | Reward:  262.63 | Temp: 0.010 | MA (100 ep):  258.17
2026-04-15 13:19:47,462 - Episodio: 740/800 | Reward:  255.96 | Temp: 0.010 | MA (100 ep):  257.69
2026-04-15 13:19:48,471 - Episodio: 741/800 | Reward:  282.54 | Temp: 0.010 | MA (100 ep):  257.47
2026-04-15 13:19:49,243 - Episodio: 742/800 | Reward:  301.22 | Temp: 0.010 | MA (100 ep):  257.93
2026-04-15 13:19:49,845 - Episodio: 743/800 | Reward:  310.96 | Temp: 0.010 | MA (100 ep):  258.58
2026-04-15 13:19:50,510 - Episodio: 744/800 | Reward:  269.56 | Temp: 0.010 | MA (100 ep):  258.48
2026-04-15 13:19:51,157 - Episodio: 745/800 | Reward:  296.80 | Temp: 0.010 | MA (100 ep):  258.82
2026-04-15 13:19:51,809 - Episodio: 746/800 | Reward:  269.65 | Temp: 0.010 | MA (100 ep):  258.85
2026-04-15 13:19:52,558 - Episodio: 747/800 | Reward:  294.85 | Temp: 0.010 | MA (100 ep):  258.92
2026-04-15 13:19:53,136 - Episodio: 748/800 | Reward:  254.39 | Temp: 0.010 | MA (100 ep):  258.58
2026-04-15 13:19:53,618 - Episodio: 749/800 | Reward:  288.52 | Temp: 0.010 | MA (100 ep):  258.75
2026-04-15 13:19:54,405 - Episodio: 750/800 | Reward:  298.87 | Temp: 0.010 | MA (100 ep):  259.00
2026-04-15 13:19:54,405 - --- Inizio Evaluation run all'Episodio 750 ---
2026-04-15 13:19:59,008 - *** EVALUATION | Epi: 750 | Mean Reward (50 Run):  261.12 ± 43.75 ***
2026-04-15 13:19:59,008 - --- Fine Evaluation ---
2026-04-15 13:19:59,705 - Episodio: 751/800 | Reward:  277.61 | Temp: 0.010 | MA (100 ep):  258.88
2026-04-15 13:20:00,389 - Episodio: 752/800 | Reward:  265.44 | Temp: 0.010 | MA (100 ep):  258.58
2026-04-15 13:20:01,155 - Episodio: 753/800 | Reward:  318.26 | Temp: 0.010 | MA (100 ep):  259.06
2026-04-15 13:20:02,189 - Episodio: 754/800 | Reward:  270.54 | Temp: 0.010 | MA (100 ep):  258.95
2026-04-15 13:20:02,935 - Episodio: 755/800 | Reward:  260.79 | Temp: 0.010 | MA (100 ep):  258.63
2026-04-15 13:20:03,523 - Episodio: 756/800 | Reward:  282.38 | Temp: 0.010 | MA (100 ep):  258.61
2026-04-15 13:20:04,122 - Episodio: 757/800 | Reward:  282.76 | Temp: 0.010 | MA (100 ep):  258.58
2026-04-15 13:20:05,481 - Episodio: 758/800 | Reward:  242.70 | Temp: 0.010 | MA (100 ep):  258.26
2026-04-15 13:20:06,037 - Episodio: 759/800 | Reward:  270.71 | Temp: 0.010 | MA (100 ep):  258.21
2026-04-15 13:20:06,453 - Episodio: 760/800 | Reward:   62.66 | Temp: 0.010 | MA (100 ep):  255.91
2026-04-15 13:20:07,168 - Episodio: 761/800 | Reward:  274.32 | Temp: 0.010 | MA (100 ep):  256.03
2026-04-15 13:20:07,757 - Episodio: 762/800 | Reward:  277.79 | Temp: 0.010 | MA (100 ep):  256.30
2026-04-15 13:20:08,433 - Episodio: 763/800 | Reward:  259.45 | Temp: 0.010 | MA (100 ep):  256.00
2026-04-15 13:20:09,585 - Episodio: 764/800 | Reward:  269.51 | Temp: 0.010 | MA (100 ep):  255.73
2026-04-15 13:20:10,327 - Episodio: 765/800 | Reward:  251.84 | Temp: 0.010 | MA (100 ep):  255.23
2026-04-15 13:20:10,800 - Episodio: 766/800 | Reward:  287.25 | Temp: 0.010 | MA (100 ep):  255.58
2026-04-15 13:20:11,531 - Episodio: 767/800 | Reward:  264.45 | Temp: 0.010 | MA (100 ep):  255.52
2026-04-15 13:20:12,092 - Episodio: 768/800 | Reward:  268.16 | Temp: 0.010 | MA (100 ep):  255.74
2026-04-15 13:20:12,656 - Episodio: 769/800 | Reward:  275.76 | Temp: 0.010 | MA (100 ep):  255.65
2026-04-15 13:20:13,214 - Episodio: 770/800 | Reward:  278.42 | Temp: 0.010 | MA (100 ep):  255.43
2026-04-15 13:20:13,846 - Episodio: 771/800 | Reward:  248.82 | Temp: 0.010 | MA (100 ep):  255.17
2026-04-15 13:20:14,583 - Episodio: 772/800 | Reward:  284.62 | Temp: 0.010 | MA (100 ep):  255.04
2026-04-15 13:20:15,131 - Episodio: 773/800 | Reward:  278.70 | Temp: 0.010 | MA (100 ep):  254.72
2026-04-15 13:20:15,693 - Episodio: 774/800 | Reward:  276.95 | Temp: 0.010 | MA (100 ep):  254.98
2026-04-15 13:20:17,747 - Episodio: 775/800 | Reward:  265.18 | Temp: 0.010 | MA (100 ep):  254.85
2026-04-15 13:20:18,742 - Episodio: 776/800 | Reward:  252.24 | Temp: 0.010 | MA (100 ep):  254.61
2026-04-15 13:20:19,404 - Episodio: 777/800 | Reward:  266.10 | Temp: 0.010 | MA (100 ep):  254.58
2026-04-15 13:20:20,119 - Episodio: 778/800 | Reward:  292.35 | Temp: 0.010 | MA (100 ep):  254.96
2026-04-15 13:20:20,768 - Episodio: 779/800 | Reward:  297.49 | Temp: 0.010 | MA (100 ep):  255.01
2026-04-15 13:20:21,516 - Episodio: 780/800 | Reward:  289.82 | Temp: 0.010 | MA (100 ep):  261.33
2026-04-15 13:20:22,130 - Episodio: 781/800 | Reward:   60.74 | Temp: 0.010 | MA (100 ep):  259.24
2026-04-15 13:20:22,700 - Episodio: 782/800 | Reward:  270.93 | Temp: 0.010 | MA (100 ep):  259.04
2026-04-15 13:20:23,080 - Episodio: 783/800 | Reward:   -1.69 | Temp: 0.010 | MA (100 ep):  256.60
2026-04-15 13:20:23,969 - Episodio: 784/800 | Reward:  260.85 | Temp: 0.010 | MA (100 ep):  256.48
2026-04-15 13:20:24,582 - Episodio: 785/800 | Reward:  256.51 | Temp: 0.010 | MA (100 ep):  256.21
2026-04-15 13:20:25,318 - Episodio: 786/800 | Reward:  259.14 | Temp: 0.010 | MA (100 ep):  256.21
2026-04-15 13:20:25,702 - Episodio: 787/800 | Reward:    8.02 | Temp: 0.010 | MA (100 ep):  254.01
2026-04-15 13:20:26,582 - Episodio: 788/800 | Reward:  257.62 | Temp: 0.010 | MA (100 ep):  254.46
2026-04-15 13:20:27,183 - Episodio: 789/800 | Reward:  247.80 | Temp: 0.010 | MA (100 ep):  254.06
2026-04-15 13:20:28,034 - Episodio: 790/800 | Reward:  307.88 | Temp: 0.010 | MA (100 ep):  254.52
2026-04-15 13:20:28,769 - Episodio: 791/800 | Reward:  250.59 | Temp: 0.010 | MA (100 ep):  254.43
2026-04-15 13:20:29,353 - Episodio: 792/800 | Reward:  254.15 | Temp: 0.010 | MA (100 ep):  254.16
2026-04-15 13:20:29,983 - Episodio: 793/800 | Reward:  269.39 | Temp: 0.010 | MA (100 ep):  254.05
2026-04-15 13:20:31,257 - Episodio: 794/800 | Reward:  268.30 | Temp: 0.010 | MA (100 ep):  254.32
2026-04-15 13:20:32,095 - Episodio: 795/800 | Reward:  277.84 | Temp: 0.010 | MA (100 ep):  254.72
2026-04-15 13:20:32,971 - Episodio: 796/800 | Reward:  277.96 | Temp: 0.010 | MA (100 ep):  254.62
2026-04-15 13:20:33,842 - Episodio: 797/800 | Reward:  307.86 | Temp: 0.010 | MA (100 ep):  254.87
2026-04-15 13:20:34,458 - Episodio: 798/800 | Reward:  244.36 | Temp: 0.010 | MA (100 ep):  254.33
2026-04-15 13:20:35,185 - Episodio: 799/800 | Reward:  272.80 | Temp: 0.010 | MA (100 ep):  254.36
2026-04-15 13:20:35,777 - Episodio: 800/800 | Reward:  256.72 | Temp: 0.010 | MA (100 ep):  254.24
2026-04-15 13:20:35,777 - --- Inizio Evaluation run all'Episodio 800 ---
2026-04-15 13:20:38,811 - *** EVALUATION | Epi: 800 | Mean Reward (50 Run):  264.58 ± 51.29 ***
2026-04-15 13:20:38,811 - --- Fine Evaluation ---
2026-04-15 13:20:38,815 - Model run 2 saved in temp/model_expected_sarsa_run2_20260415_124055.pth.
2026-04-15 13:20:38,815 - ========== INIZIO RUN 3/5 ==========
2026-04-15 13:20:38,844 - Episodio: 001/800 | Reward: -118.46 | Temp: 0.992 | MA (100 ep): -118.46
2026-04-15 13:20:39,190 - Episodio: 002/800 | Reward: -247.28 | Temp: 0.984 | MA (100 ep): -182.87
2026-04-15 13:20:39,526 - Episodio: 003/800 | Reward: -264.63 | Temp: 0.976 | MA (100 ep): -210.12
2026-04-15 13:20:40,241 - Episodio: 004/800 | Reward: -192.94 | Temp: 0.968 | MA (100 ep): -205.83
2026-04-15 13:20:40,572 - Episodio: 005/800 | Reward: -286.70 | Temp: 0.961 | MA (100 ep): -222.00
2026-04-15 13:20:40,877 - Episodio: 006/800 | Reward: -163.32 | Temp: 0.953 | MA (100 ep): -212.22
2026-04-15 13:20:41,238 - Episodio: 007/800 | Reward: -228.19 | Temp: 0.945 | MA (100 ep): -214.50
2026-04-15 13:20:41,741 - Episodio: 008/800 | Reward: -214.19 | Temp: 0.938 | MA (100 ep): -214.46
2026-04-15 13:20:42,374 - Episodio: 009/800 | Reward:  -21.41 | Temp: 0.930 | MA (100 ep): -193.01
2026-04-15 13:20:42,976 - Episodio: 010/800 | Reward:  -87.12 | Temp: 0.923 | MA (100 ep): -182.42
2026-04-15 13:20:43,603 - Episodio: 011/800 | Reward: -197.28 | Temp: 0.915 | MA (100 ep): -183.77
2026-04-15 13:20:44,366 - Episodio: 012/800 | Reward: -273.86 | Temp: 0.908 | MA (100 ep): -191.28
2026-04-15 13:20:44,816 - Episodio: 013/800 | Reward: -244.23 | Temp: 0.901 | MA (100 ep): -195.35
2026-04-15 13:20:45,414 - Episodio: 014/800 | Reward: -158.77 | Temp: 0.894 | MA (100 ep): -192.74
2026-04-15 13:20:46,428 - Episodio: 015/800 | Reward: -156.81 | Temp: 0.886 | MA (100 ep): -190.35
2026-04-15 13:20:46,877 - Episodio: 016/800 | Reward: -154.92 | Temp: 0.879 | MA (100 ep): -188.13
2026-04-15 13:20:47,593 - Episodio: 017/800 | Reward: -245.59 | Temp: 0.872 | MA (100 ep): -191.51
2026-04-15 13:20:48,235 - Episodio: 018/800 | Reward: -266.57 | Temp: 0.865 | MA (100 ep): -195.68
2026-04-15 13:20:48,736 - Episodio: 019/800 | Reward: -361.80 | Temp: 0.858 | MA (100 ep): -204.42
2026-04-15 13:20:49,154 - Episodio: 020/800 | Reward:   29.09 | Temp: 0.852 | MA (100 ep): -192.75
2026-04-15 13:20:49,868 - Episodio: 021/800 | Reward: -190.27 | Temp: 0.845 | MA (100 ep): -192.63
2026-04-15 13:20:50,717 - Episodio: 022/800 | Reward:  -49.81 | Temp: 0.838 | MA (100 ep): -186.14
2026-04-15 13:20:51,729 - Episodio: 023/800 | Reward:  -49.29 | Temp: 0.831 | MA (100 ep): -180.19
2026-04-15 13:20:52,167 - Episodio: 024/800 | Reward: -135.75 | Temp: 0.825 | MA (100 ep): -178.34
2026-04-15 13:20:52,939 - Episodio: 025/800 | Reward:  -54.95 | Temp: 0.818 | MA (100 ep): -173.40
2026-04-15 13:20:54,126 - Episodio: 026/800 | Reward:  -56.12 | Temp: 0.812 | MA (100 ep): -168.89
2026-04-15 13:20:54,812 - Episodio: 027/800 | Reward:  -52.77 | Temp: 0.805 | MA (100 ep): -164.59
2026-04-15 13:20:55,741 - Episodio: 028/800 | Reward:  -14.71 | Temp: 0.799 | MA (100 ep): -159.24
2026-04-15 13:20:56,711 - Episodio: 029/800 | Reward:  -11.64 | Temp: 0.792 | MA (100 ep): -154.15
2026-04-15 13:20:57,872 - Episodio: 030/800 | Reward: -136.45 | Temp: 0.786 | MA (100 ep): -153.56
2026-04-15 13:20:58,899 - Episodio: 031/800 | Reward:  -59.88 | Temp: 0.780 | MA (100 ep): -150.54
2026-04-15 13:20:59,497 - Episodio: 032/800 | Reward:  -38.09 | Temp: 0.773 | MA (100 ep): -147.02
2026-04-15 13:21:00,065 - Episodio: 033/800 | Reward:  -30.24 | Temp: 0.767 | MA (100 ep): -143.48
2026-04-15 13:21:00,949 - Episodio: 034/800 | Reward:   -5.55 | Temp: 0.761 | MA (100 ep): -139.43
2026-04-15 13:21:01,407 - Episodio: 035/800 | Reward: -224.32 | Temp: 0.755 | MA (100 ep): -141.85
2026-04-15 13:21:02,062 - Episodio: 036/800 | Reward:  -42.46 | Temp: 0.749 | MA (100 ep): -139.09
2026-04-15 13:21:02,689 - Episodio: 037/800 | Reward:  -85.17 | Temp: 0.743 | MA (100 ep): -137.63
2026-04-15 13:21:03,538 - Episodio: 038/800 | Reward:   13.97 | Temp: 0.737 | MA (100 ep): -133.64
2026-04-15 13:21:04,151 - Episodio: 039/800 | Reward: -176.26 | Temp: 0.731 | MA (100 ep): -134.74
2026-04-15 13:21:05,413 - Episodio: 040/800 | Reward: -139.68 | Temp: 0.725 | MA (100 ep): -134.86
2026-04-15 13:21:05,942 - Episodio: 041/800 | Reward:  -21.00 | Temp: 0.719 | MA (100 ep): -132.08
2026-04-15 13:21:07,098 - Episodio: 042/800 | Reward:  -92.31 | Temp: 0.714 | MA (100 ep): -131.14
2026-04-15 13:21:07,793 - Episodio: 043/800 | Reward: -138.09 | Temp: 0.708 | MA (100 ep): -131.30
2026-04-15 13:21:08,801 - Episodio: 044/800 | Reward: -345.11 | Temp: 0.702 | MA (100 ep): -136.16
2026-04-15 13:21:09,605 - Episodio: 045/800 | Reward:   20.23 | Temp: 0.697 | MA (100 ep): -132.68
2026-04-15 13:21:11,904 - Episodio: 046/800 | Reward:  -43.23 | Temp: 0.691 | MA (100 ep): -130.74
2026-04-15 13:21:12,237 - Episodio: 047/800 | Reward:  -59.12 | Temp: 0.686 | MA (100 ep): -129.21
2026-04-15 13:21:13,363 - Episodio: 048/800 | Reward:    6.22 | Temp: 0.680 | MA (100 ep): -126.39
2026-04-15 13:21:16,545 - Episodio: 049/800 | Reward: -187.28 | Temp: 0.675 | MA (100 ep): -127.63
2026-04-15 13:21:19,384 - Episodio: 050/800 | Reward:  -98.05 | Temp: 0.669 | MA (100 ep): -127.04
2026-04-15 13:21:19,384 - --- Inizio Evaluation run all'Episodio 50 ---
2026-04-15 13:21:27,656 - *** EVALUATION | Epi: 050 | Mean Reward (50 Run): -158.34 ± 67.93 ***
2026-04-15 13:21:27,656 - --- Fine Evaluation ---
2026-04-15 13:21:30,079 - Episodio: 051/800 | Reward: -146.29 | Temp: 0.664 | MA (100 ep): -127.42
2026-04-15 13:21:32,281 - Episodio: 052/800 | Reward:  -95.91 | Temp: 0.659 | MA (100 ep): -126.81
2026-04-15 13:21:35,299 - Episodio: 053/800 | Reward: -124.18 | Temp: 0.653 | MA (100 ep): -126.76
2026-04-15 13:21:36,431 - Episodio: 054/800 | Reward: -173.23 | Temp: 0.648 | MA (100 ep): -127.63
2026-04-15 13:21:38,164 - Episodio: 055/800 | Reward: -155.39 | Temp: 0.643 | MA (100 ep): -128.13
2026-04-15 13:21:40,483 - Episodio: 056/800 | Reward: -118.21 | Temp: 0.638 | MA (100 ep): -127.95
2026-04-15 13:21:42,389 - Episodio: 057/800 | Reward: -204.70 | Temp: 0.633 | MA (100 ep): -129.30
2026-04-15 13:21:43,854 - Episodio: 058/800 | Reward: -155.31 | Temp: 0.628 | MA (100 ep): -129.75
2026-04-15 13:21:45,286 - Episodio: 059/800 | Reward:  -49.38 | Temp: 0.623 | MA (100 ep): -128.39
2026-04-15 13:21:46,689 - Episodio: 060/800 | Reward: -157.71 | Temp: 0.618 | MA (100 ep): -128.87
2026-04-15 13:21:47,491 - Episodio: 061/800 | Reward: -267.30 | Temp: 0.613 | MA (100 ep): -131.14
2026-04-15 13:21:48,923 - Episodio: 062/800 | Reward: -124.58 | Temp: 0.608 | MA (100 ep): -131.04
2026-04-15 13:21:50,509 - Episodio: 063/800 | Reward:  -81.21 | Temp: 0.603 | MA (100 ep): -130.25
2026-04-15 13:21:53,129 - Episodio: 064/800 | Reward:  -88.16 | Temp: 0.598 | MA (100 ep): -129.59
2026-04-15 13:21:54,009 - Episodio: 065/800 | Reward:  -88.51 | Temp: 0.593 | MA (100 ep): -128.96
2026-04-15 13:21:55,851 - Episodio: 066/800 | Reward: -148.56 | Temp: 0.589 | MA (100 ep): -129.25
2026-04-15 13:21:56,551 - Episodio: 067/800 | Reward: -105.25 | Temp: 0.584 | MA (100 ep): -128.90
2026-04-15 13:21:56,972 - Episodio: 068/800 | Reward:  -51.35 | Temp: 0.579 | MA (100 ep): -127.76
2026-04-15 13:21:57,528 - Episodio: 069/800 | Reward:   22.91 | Temp: 0.575 | MA (100 ep): -125.57
2026-04-15 13:21:57,932 - Episodio: 070/800 | Reward: -185.97 | Temp: 0.570 | MA (100 ep): -126.44
2026-04-15 13:21:59,927 - Episodio: 071/800 | Reward:  -51.94 | Temp: 0.565 | MA (100 ep): -125.39
2026-04-15 13:22:00,821 - Episodio: 072/800 | Reward: -146.63 | Temp: 0.561 | MA (100 ep): -125.68
2026-04-15 13:22:02,115 - Episodio: 073/800 | Reward:    2.25 | Temp: 0.556 | MA (100 ep): -123.93
2026-04-15 13:22:04,340 - Episodio: 074/800 | Reward: -117.53 | Temp: 0.552 | MA (100 ep): -123.84
2026-04-15 13:22:05,453 - Episodio: 075/800 | Reward:  -91.40 | Temp: 0.547 | MA (100 ep): -123.41
2026-04-15 13:22:06,827 - Episodio: 076/800 | Reward:  -11.91 | Temp: 0.543 | MA (100 ep): -121.94
2026-04-15 13:22:08,724 - Episodio: 077/800 | Reward:  -67.20 | Temp: 0.539 | MA (100 ep): -121.23
2026-04-15 13:22:10,059 - Episodio: 078/800 | Reward:  -22.36 | Temp: 0.534 | MA (100 ep): -119.96
2026-04-15 13:22:11,616 - Episodio: 079/800 | Reward:  -28.18 | Temp: 0.530 | MA (100 ep): -118.80
2026-04-15 13:22:12,139 - Episodio: 080/800 | Reward:   11.23 | Temp: 0.526 | MA (100 ep): -117.18
2026-04-15 13:22:12,580 - Episodio: 081/800 | Reward:  -55.80 | Temp: 0.522 | MA (100 ep): -116.42
2026-04-15 13:22:14,536 - Episodio: 082/800 | Reward:  200.59 | Temp: 0.518 | MA (100 ep): -112.55
2026-04-15 13:22:16,125 - Episodio: 083/800 | Reward: -190.53 | Temp: 0.513 | MA (100 ep): -113.49
2026-04-15 13:22:16,886 - Episodio: 084/800 | Reward:   13.55 | Temp: 0.509 | MA (100 ep): -111.98
2026-04-15 13:22:17,251 - Episodio: 085/800 | Reward:   -9.01 | Temp: 0.505 | MA (100 ep): -110.77
2026-04-15 13:22:18,623 - Episodio: 086/800 | Reward:  236.54 | Temp: 0.501 | MA (100 ep): -106.73
2026-04-15 13:22:19,727 - Episodio: 087/800 | Reward:  251.95 | Temp: 0.497 | MA (100 ep): -102.61
2026-04-15 13:22:22,838 - Episodio: 088/800 | Reward: -208.75 | Temp: 0.493 | MA (100 ep): -103.81
2026-04-15 13:22:24,247 - Episodio: 089/800 | Reward:  -41.40 | Temp: 0.489 | MA (100 ep): -103.11
2026-04-15 13:22:26,096 - Episodio: 090/800 | Reward:  252.10 | Temp: 0.485 | MA (100 ep):  -99.17
2026-04-15 13:22:27,231 - Episodio: 091/800 | Reward: -117.29 | Temp: 0.481 | MA (100 ep):  -99.36
2026-04-15 13:22:30,420 - Episodio: 092/800 | Reward: -202.54 | Temp: 0.478 | MA (100 ep): -100.49
2026-04-15 13:22:33,070 - Episodio: 093/800 | Reward:  217.93 | Temp: 0.474 | MA (100 ep):  -97.06
2026-04-15 13:22:34,161 - Episodio: 094/800 | Reward: -131.17 | Temp: 0.470 | MA (100 ep):  -97.43
2026-04-15 13:22:37,649 - Episodio: 095/800 | Reward:  -90.51 | Temp: 0.466 | MA (100 ep):  -97.35
2026-04-15 13:22:38,543 - Episodio: 096/800 | Reward:  241.17 | Temp: 0.463 | MA (100 ep):  -93.83
2026-04-15 13:22:40,145 - Episodio: 097/800 | Reward: -139.90 | Temp: 0.459 | MA (100 ep):  -94.30
2026-04-15 13:22:41,569 - Episodio: 098/800 | Reward: -151.64 | Temp: 0.455 | MA (100 ep):  -94.89
2026-04-15 13:22:42,069 - Episodio: 099/800 | Reward:  -63.69 | Temp: 0.451 | MA (100 ep):  -94.57
2026-04-15 13:22:45,581 - Episodio: 100/800 | Reward:  -45.43 | Temp: 0.448 | MA (100 ep):  -94.08
2026-04-15 13:22:45,581 - --- Inizio Evaluation run all'Episodio 100 ---
2026-04-15 13:22:53,101 - *** EVALUATION | Epi: 100 | Mean Reward (50 Run):  -87.72 ± 88.43 ***
2026-04-15 13:22:53,101 - --- Fine Evaluation ---
2026-04-15 13:22:53,995 - Episodio: 101/800 | Reward:  -58.87 | Temp: 0.444 | MA (100 ep):  -93.48
2026-04-15 13:22:57,526 - Episodio: 102/800 | Reward:  -81.70 | Temp: 0.441 | MA (100 ep):  -91.83
2026-04-15 13:23:01,030 - Episodio: 103/800 | Reward:  -77.31 | Temp: 0.437 | MA (100 ep):  -89.95
2026-04-15 13:23:03,291 - Episodio: 104/800 | Reward: -164.93 | Temp: 0.434 | MA (100 ep):  -89.67
2026-04-15 13:23:06,865 - Episodio: 105/800 | Reward:  -61.93 | Temp: 0.430 | MA (100 ep):  -87.43
2026-04-15 13:23:10,440 - Episodio: 106/800 | Reward:  -70.56 | Temp: 0.427 | MA (100 ep):  -86.50
2026-04-15 13:23:13,992 - Episodio: 107/800 | Reward:  -57.00 | Temp: 0.423 | MA (100 ep):  -84.79
2026-04-15 13:23:14,477 - Episodio: 108/800 | Reward:   13.74 | Temp: 0.420 | MA (100 ep):  -82.51
2026-04-15 13:23:16,014 - Episodio: 109/800 | Reward: -103.17 | Temp: 0.417 | MA (100 ep):  -83.33
2026-04-15 13:23:19,016 - Episodio: 110/800 | Reward: -192.57 | Temp: 0.413 | MA (100 ep):  -84.38
2026-04-15 13:23:22,581 - Episodio: 111/800 | Reward:  -73.09 | Temp: 0.410 | MA (100 ep):  -83.14
2026-04-15 13:23:23,621 - Episodio: 112/800 | Reward:  -64.32 | Temp: 0.407 | MA (100 ep):  -81.04
2026-04-15 13:23:27,032 - Episodio: 113/800 | Reward:  -58.21 | Temp: 0.403 | MA (100 ep):  -79.18
2026-04-15 13:23:27,545 - Episodio: 114/800 | Reward:   -7.03 | Temp: 0.400 | MA (100 ep):  -77.67
2026-04-15 13:23:31,153 - Episodio: 115/800 | Reward:  -43.80 | Temp: 0.397 | MA (100 ep):  -76.54
2026-04-15 13:23:31,975 - Episodio: 116/800 | Reward:  -53.90 | Temp: 0.394 | MA (100 ep):  -75.53
2026-04-15 13:23:35,066 - Episodio: 117/800 | Reward: -183.95 | Temp: 0.391 | MA (100 ep):  -74.91
2026-04-15 13:23:38,675 - Episodio: 118/800 | Reward:  -87.25 | Temp: 0.388 | MA (100 ep):  -73.12
2026-04-15 13:23:42,253 - Episodio: 119/800 | Reward: -103.48 | Temp: 0.384 | MA (100 ep):  -70.53
2026-04-15 13:23:45,743 - Episodio: 120/800 | Reward:  -58.43 | Temp: 0.381 | MA (100 ep):  -71.41
2026-04-15 13:23:49,248 - Episodio: 121/800 | Reward:  -57.82 | Temp: 0.378 | MA (100 ep):  -70.08
2026-04-15 13:23:52,866 - Episodio: 122/800 | Reward:  -64.85 | Temp: 0.375 | MA (100 ep):  -70.23
2026-04-15 13:23:53,506 - Episodio: 123/800 | Reward:  -33.36 | Temp: 0.372 | MA (100 ep):  -70.07
2026-04-15 13:23:57,254 - Episodio: 124/800 | Reward:  -64.99 | Temp: 0.369 | MA (100 ep):  -69.37
2026-04-15 13:24:00,851 - Episodio: 125/800 | Reward:  -37.79 | Temp: 0.366 | MA (100 ep):  -69.19
2026-04-15 13:24:04,444 - Episodio: 126/800 | Reward:  -57.20 | Temp: 0.363 | MA (100 ep):  -69.21
2026-04-15 13:24:05,297 - Episodio: 127/800 | Reward:  275.29 | Temp: 0.361 | MA (100 ep):  -65.93
2026-04-15 13:24:05,873 - Episodio: 128/800 | Reward:  -49.34 | Temp: 0.358 | MA (100 ep):  -66.27
2026-04-15 13:24:06,381 - Episodio: 129/800 | Reward:   35.26 | Temp: 0.355 | MA (100 ep):  -65.80
2026-04-15 13:24:06,830 - Episodio: 130/800 | Reward:    0.88 | Temp: 0.352 | MA (100 ep):  -64.43
2026-04-15 13:24:07,374 - Episodio: 131/800 | Reward:    3.90 | Temp: 0.349 | MA (100 ep):  -63.79
2026-04-15 13:24:11,065 - Episodio: 132/800 | Reward:  -41.29 | Temp: 0.346 | MA (100 ep):  -63.82
2026-04-15 13:24:14,669 - Episodio: 133/800 | Reward:   -8.79 | Temp: 0.344 | MA (100 ep):  -63.61
2026-04-15 13:24:15,830 - Episodio: 134/800 | Reward:  269.37 | Temp: 0.341 | MA (100 ep):  -60.86
2026-04-15 13:24:19,412 - Episodio: 135/800 | Reward:  -43.04 | Temp: 0.338 | MA (100 ep):  -59.05
2026-04-15 13:24:23,116 - Episodio: 136/800 | Reward:  -26.60 | Temp: 0.335 | MA (100 ep):  -58.89
2026-04-15 13:24:26,682 - Episodio: 137/800 | Reward:  -11.40 | Temp: 0.333 | MA (100 ep):  -58.15
2026-04-15 13:24:30,300 - Episodio: 138/800 | Reward:  -68.31 | Temp: 0.330 | MA (100 ep):  -58.97
2026-04-15 13:24:33,899 - Episodio: 139/800 | Reward:  -14.85 | Temp: 0.327 | MA (100 ep):  -57.36
2026-04-15 13:24:37,551 - Episodio: 140/800 | Reward:   -8.26 | Temp: 0.325 | MA (100 ep):  -56.04
2026-04-15 13:24:37,993 - Episodio: 141/800 | Reward:  -19.26 | Temp: 0.322 | MA (100 ep):  -56.03
2026-04-15 13:24:41,544 - Episodio: 142/800 | Reward:  -63.65 | Temp: 0.320 | MA (100 ep):  -55.74
2026-04-15 13:24:41,915 - Episodio: 143/800 | Reward:  -23.33 | Temp: 0.317 | MA (100 ep):  -54.59
2026-04-15 13:24:45,716 - Episodio: 144/800 | Reward:  -46.67 | Temp: 0.315 | MA (100 ep):  -51.61
2026-04-15 13:24:49,429 - Episodio: 145/800 | Reward:    4.60 | Temp: 0.312 | MA (100 ep):  -51.77
2026-04-15 13:24:53,050 - Episodio: 146/800 | Reward:    8.20 | Temp: 0.310 | MA (100 ep):  -51.25
2026-04-15 13:24:56,677 - Episodio: 147/800 | Reward:  -59.09 | Temp: 0.307 | MA (100 ep):  -51.25
2026-04-15 13:25:00,491 - Episodio: 148/800 | Reward:    5.15 | Temp: 0.305 | MA (100 ep):  -51.26
2026-04-15 13:25:04,236 - Episodio: 149/800 | Reward:   -2.69 | Temp: 0.302 | MA (100 ep):  -49.42
2026-04-15 13:25:07,920 - Episodio: 150/800 | Reward:  -25.48 | Temp: 0.300 | MA (100 ep):  -48.69
2026-04-15 13:25:07,920 - --- Inizio Evaluation run all'Episodio 150 ---
2026-04-15 13:25:20,747 - *** EVALUATION | Epi: 150 | Mean Reward (50 Run):  -10.01 ± 37.96 ***
2026-04-15 13:25:20,747 - --- Fine Evaluation ---
2026-04-15 13:25:24,409 - Episodio: 151/800 | Reward:   22.43 | Temp: 0.297 | MA (100 ep):  -47.00
2026-04-15 13:25:28,051 - Episodio: 152/800 | Reward:  -28.90 | Temp: 0.295 | MA (100 ep):  -46.33
2026-04-15 13:25:31,651 - Episodio: 153/800 | Reward:  -35.68 | Temp: 0.293 | MA (100 ep):  -45.45
2026-04-15 13:25:35,373 - Episodio: 154/800 | Reward:  -19.16 | Temp: 0.290 | MA (100 ep):  -43.91
2026-04-15 13:25:39,012 - Episodio: 155/800 | Reward:  -48.54 | Temp: 0.288 | MA (100 ep):  -42.84
2026-04-15 13:25:42,714 - Episodio: 156/800 | Reward:  -19.01 | Temp: 0.286 | MA (100 ep):  -41.85
2026-04-15 13:25:46,248 - Episodio: 157/800 | Reward:   17.54 | Temp: 0.283 | MA (100 ep):  -39.62
2026-04-15 13:25:49,991 - Episodio: 158/800 | Reward:    2.09 | Temp: 0.281 | MA (100 ep):  -38.05
2026-04-15 13:25:52,229 - Episodio: 159/800 | Reward:  241.43 | Temp: 0.279 | MA (100 ep):  -35.14
2026-04-15 13:25:53,853 - Episodio: 160/800 | Reward:  271.89 | Temp: 0.277 | MA (100 ep):  -30.85
2026-04-15 13:25:56,232 - Episodio: 161/800 | Reward:  183.52 | Temp: 0.274 | MA (100 ep):  -26.34
2026-04-15 13:25:56,845 - Episodio: 162/800 | Reward:  -17.07 | Temp: 0.272 | MA (100 ep):  -25.26
2026-04-15 13:25:58,637 - Episodio: 163/800 | Reward:  236.18 | Temp: 0.270 | MA (100 ep):  -22.09
2026-04-15 13:26:02,376 - Episodio: 164/800 | Reward:  -24.90 | Temp: 0.268 | MA (100 ep):  -21.46
2026-04-15 13:26:04,211 - Episodio: 165/800 | Reward:  195.00 | Temp: 0.266 | MA (100 ep):  -18.62
2026-04-15 13:26:05,296 - Episodio: 166/800 | Reward:   -2.91 | Temp: 0.264 | MA (100 ep):  -17.16
2026-04-15 13:26:08,097 - Episodio: 167/800 | Reward:  199.03 | Temp: 0.261 | MA (100 ep):  -14.12
2026-04-15 13:26:11,705 - Episodio: 168/800 | Reward:    0.63 | Temp: 0.259 | MA (100 ep):  -13.60
2026-04-15 13:26:13,209 - Episodio: 169/800 | Reward:  213.78 | Temp: 0.257 | MA (100 ep):  -11.69
2026-04-15 13:26:15,246 - Episodio: 170/800 | Reward:  230.20 | Temp: 0.255 | MA (100 ep):   -7.53
2026-04-15 13:26:18,974 - Episodio: 171/800 | Reward:  -39.65 | Temp: 0.253 | MA (100 ep):   -7.41
2026-04-15 13:26:22,636 - Episodio: 172/800 | Reward:   -4.02 | Temp: 0.251 | MA (100 ep):   -5.98
2026-04-15 13:26:24,079 - Episodio: 173/800 | Reward:  217.30 | Temp: 0.249 | MA (100 ep):   -3.83
2026-04-15 13:26:25,810 - Episodio: 174/800 | Reward:  221.81 | Temp: 0.247 | MA (100 ep):   -0.44
2026-04-15 13:26:27,334 - Episodio: 175/800 | Reward:  233.97 | Temp: 0.245 | MA (100 ep):    2.82
2026-04-15 13:26:29,203 - Episodio: 176/800 | Reward:  199.49 | Temp: 0.243 | MA (100 ep):    4.93
2026-04-15 13:26:30,607 - Episodio: 177/800 | Reward:  238.67 | Temp: 0.241 | MA (100 ep):    7.99
2026-04-15 13:26:32,010 - Episodio: 178/800 | Reward:   10.78 | Temp: 0.239 | MA (100 ep):    8.32
2026-04-15 13:26:35,609 - Episodio: 179/800 | Reward:  137.32 | Temp: 0.237 | MA (100 ep):    9.97
2026-04-15 13:26:37,036 - Episodio: 180/800 | Reward:  199.06 | Temp: 0.236 | MA (100 ep):   11.85
2026-04-15 13:26:37,967 - Episodio: 181/800 | Reward: -226.61 | Temp: 0.234 | MA (100 ep):   10.14
2026-04-15 13:26:41,625 - Episodio: 182/800 | Reward:   94.91 | Temp: 0.232 | MA (100 ep):    9.09
2026-04-15 13:26:43,925 - Episodio: 183/800 | Reward:  237.46 | Temp: 0.230 | MA (100 ep):   13.37
2026-04-15 13:26:46,891 - Episodio: 184/800 | Reward:  283.28 | Temp: 0.228 | MA (100 ep):   16.07
2026-04-15 13:26:48,466 - Episodio: 185/800 | Reward:  222.22 | Temp: 0.226 | MA (100 ep):   18.38
2026-04-15 13:26:51,562 - Episodio: 186/800 | Reward:  149.86 | Temp: 0.224 | MA (100 ep):   17.51
2026-04-15 13:26:53,528 - Episodio: 187/800 | Reward:  202.44 | Temp: 0.223 | MA (100 ep):   17.02
2026-04-15 13:26:55,055 - Episodio: 188/800 | Reward:  286.47 | Temp: 0.221 | MA (100 ep):   21.97
2026-04-15 13:26:58,386 - Episodio: 189/800 | Reward:  267.64 | Temp: 0.219 | MA (100 ep):   25.06
2026-04-15 13:26:59,862 - Episodio: 190/800 | Reward:  265.49 | Temp: 0.217 | MA (100 ep):   25.19
2026-04-15 13:27:01,362 - Episodio: 191/800 | Reward:  242.75 | Temp: 0.216 | MA (100 ep):   28.79
2026-04-15 13:27:02,820 - Episodio: 192/800 | Reward:  249.57 | Temp: 0.214 | MA (100 ep):   33.31
2026-04-15 13:27:06,382 - Episodio: 193/800 | Reward:  197.55 | Temp: 0.212 | MA (100 ep):   33.11
2026-04-15 13:27:08,099 - Episodio: 194/800 | Reward:  271.70 | Temp: 0.211 | MA (100 ep):   37.14
2026-04-15 13:27:09,426 - Episodio: 195/800 | Reward:  253.49 | Temp: 0.209 | MA (100 ep):   40.58
2026-04-15 13:27:11,188 - Episodio: 196/800 | Reward:  -70.26 | Temp: 0.207 | MA (100 ep):   37.46
2026-04-15 13:27:12,671 - Episodio: 197/800 | Reward:  258.24 | Temp: 0.205 | MA (100 ep):   41.45
2026-04-15 13:27:13,735 - Episodio: 198/800 | Reward:  275.79 | Temp: 0.204 | MA (100 ep):   45.72
2026-04-15 13:27:16,316 - Episodio: 199/800 | Reward:  310.90 | Temp: 0.202 | MA (100 ep):   49.47
2026-04-15 13:27:17,995 - Episodio: 200/800 | Reward:  248.00 | Temp: 0.201 | MA (100 ep):   52.40
2026-04-15 13:27:17,995 - --- Inizio Evaluation run all'Episodio 200 ---
2026-04-15 13:27:25,462 - *** EVALUATION | Epi: 200 | Mean Reward (50 Run):   33.62 ± 200.36 ***
2026-04-15 13:27:25,462 - --- Fine Evaluation ---
2026-04-15 13:27:27,403 - Episodio: 201/800 | Reward: -113.29 | Temp: 0.199 | MA (100 ep):   51.86
2026-04-15 13:27:28,019 - Episodio: 202/800 | Reward:   96.07 | Temp: 0.197 | MA (100 ep):   53.63
2026-04-15 13:27:31,738 - Episodio: 203/800 | Reward:  -44.57 | Temp: 0.196 | MA (100 ep):   53.96
2026-04-15 13:27:32,886 - Episodio: 204/800 | Reward:  241.36 | Temp: 0.194 | MA (100 ep):   58.02
2026-04-15 13:27:33,803 - Episodio: 205/800 | Reward:  -77.44 | Temp: 0.193 | MA (100 ep):   57.87
2026-04-15 13:27:35,358 - Episodio: 206/800 | Reward:   -4.42 | Temp: 0.191 | MA (100 ep):   58.53
2026-04-15 13:27:35,886 - Episodio: 207/800 | Reward:   65.55 | Temp: 0.190 | MA (100 ep):   59.76
2026-04-15 13:27:37,368 - Episodio: 208/800 | Reward:  -46.35 | Temp: 0.188 | MA (100 ep):   59.15
2026-04-15 13:27:38,298 - Episodio: 209/800 | Reward:  -40.42 | Temp: 0.187 | MA (100 ep):   59.78
2026-04-15 13:27:39,342 - Episodio: 210/800 | Reward:  266.77 | Temp: 0.185 | MA (100 ep):   64.38
2026-04-15 13:27:39,847 - Episodio: 211/800 | Reward:  -35.87 | Temp: 0.184 | MA (100 ep):   64.75
2026-04-15 13:27:40,346 - Episodio: 212/800 | Reward:  -42.51 | Temp: 0.182 | MA (100 ep):   64.97
2026-04-15 13:27:41,617 - Episodio: 213/800 | Reward:  231.39 | Temp: 0.181 | MA (100 ep):   67.86
2026-04-15 13:27:43,504 - Episodio: 214/800 | Reward:  263.27 | Temp: 0.179 | MA (100 ep):   70.57
2026-04-15 13:27:44,078 - Episodio: 215/800 | Reward:    0.46 | Temp: 0.178 | MA (100 ep):   71.01
2026-04-15 13:27:45,241 - Episodio: 216/800 | Reward:   12.01 | Temp: 0.176 | MA (100 ep):   71.67
2026-04-15 13:27:45,808 - Episodio: 217/800 | Reward:   17.85 | Temp: 0.175 | MA (100 ep):   73.68
2026-04-15 13:27:46,144 - Episodio: 218/800 | Reward:   -2.73 | Temp: 0.174 | MA (100 ep):   74.53
2026-04-15 13:27:47,265 - Episodio: 219/800 | Reward:  274.86 | Temp: 0.172 | MA (100 ep):   78.31
2026-04-15 13:27:47,815 - Episodio: 220/800 | Reward:   52.08 | Temp: 0.171 | MA (100 ep):   79.42
2026-04-15 13:27:48,790 - Episodio: 221/800 | Reward:  -60.28 | Temp: 0.169 | MA (100 ep):   79.39
2026-04-15 13:27:49,530 - Episodio: 222/800 | Reward:   20.43 | Temp: 0.168 | MA (100 ep):   80.25
2026-04-15 13:27:50,145 - Episodio: 223/800 | Reward:   17.33 | Temp: 0.167 | MA (100 ep):   80.75
2026-04-15 13:27:50,519 - Episodio: 224/800 | Reward:   21.38 | Temp: 0.165 | MA (100 ep):   81.62
2026-04-15 13:27:50,944 - Episodio: 225/800 | Reward:  -14.23 | Temp: 0.164 | MA (100 ep):   81.85
2026-04-15 13:27:51,994 - Episodio: 226/800 | Reward:  -74.82 | Temp: 0.163 | MA (100 ep):   81.68
2026-04-15 13:27:52,868 - Episodio: 227/800 | Reward:   -6.69 | Temp: 0.161 | MA (100 ep):   78.86
2026-04-15 13:27:53,685 - Episodio: 228/800 | Reward:  294.45 | Temp: 0.160 | MA (100 ep):   82.29
2026-04-15 13:27:54,411 - Episodio: 229/800 | Reward:  -82.05 | Temp: 0.159 | MA (100 ep):   81.12
2026-04-15 13:27:54,983 - Episodio: 230/800 | Reward:  -19.74 | Temp: 0.158 | MA (100 ep):   80.92
2026-04-15 13:27:55,509 - Episodio: 231/800 | Reward:   46.81 | Temp: 0.156 | MA (100 ep):   81.34
2026-04-15 13:27:56,500 - Episodio: 232/800 | Reward:  -16.57 | Temp: 0.155 | MA (100 ep):   81.59
2026-04-15 13:27:56,985 - Episodio: 233/800 | Reward:   22.16 | Temp: 0.154 | MA (100 ep):   81.90
2026-04-15 13:27:57,359 - Episodio: 234/800 | Reward:  -22.84 | Temp: 0.153 | MA (100 ep):   78.98
2026-04-15 13:27:57,906 - Episodio: 235/800 | Reward:    3.38 | Temp: 0.151 | MA (100 ep):   79.44
2026-04-15 13:27:58,419 - Episodio: 236/800 | Reward:   45.20 | Temp: 0.150 | MA (100 ep):   80.16
2026-04-15 13:27:58,814 - Episodio: 237/800 | Reward:  -32.74 | Temp: 0.149 | MA (100 ep):   79.95
2026-04-15 13:27:59,321 - Episodio: 238/800 | Reward:   29.82 | Temp: 0.148 | MA (100 ep):   80.93
2026-04-15 13:27:59,748 - Episodio: 239/800 | Reward:   40.97 | Temp: 0.147 | MA (100 ep):   81.49
2026-04-15 13:28:00,683 - Episodio: 240/800 | Reward:  252.23 | Temp: 0.145 | MA (100 ep):   84.09
2026-04-15 13:28:01,547 - Episodio: 241/800 | Reward:  329.45 | Temp: 0.144 | MA (100 ep):   87.58
2026-04-15 13:28:02,090 - Episodio: 242/800 | Reward:  -40.56 | Temp: 0.143 | MA (100 ep):   87.81
2026-04-15 13:28:02,536 - Episodio: 243/800 | Reward:   -0.94 | Temp: 0.142 | MA (100 ep):   88.03
2026-04-15 13:28:03,048 - Episodio: 244/800 | Reward:    9.53 | Temp: 0.141 | MA (100 ep):   88.60
2026-04-15 13:28:05,994 - Episodio: 245/800 | Reward:  286.53 | Temp: 0.140 | MA (100 ep):   91.42
2026-04-15 13:28:06,404 - Episodio: 246/800 | Reward:   -5.80 | Temp: 0.139 | MA (100 ep):   91.28
2026-04-15 13:28:07,200 - Episodio: 247/800 | Reward:   15.57 | Temp: 0.138 | MA (100 ep):   92.02
2026-04-15 13:28:07,731 - Episodio: 248/800 | Reward:    4.87 | Temp: 0.136 | MA (100 ep):   92.02
2026-04-15 13:28:08,112 - Episodio: 249/800 | Reward:  -29.53 | Temp: 0.135 | MA (100 ep):   91.75
2026-04-15 13:28:08,632 - Episodio: 250/800 | Reward:  -11.34 | Temp: 0.134 | MA (100 ep):   91.89
2026-04-15 13:28:08,632 - --- Inizio Evaluation run all'Episodio 250 ---
2026-04-15 13:28:11,016 - *** EVALUATION | Epi: 250 | Mean Reward (50 Run):   26.26 ± 53.53 ***
2026-04-15 13:28:11,016 - --- Fine Evaluation ---
2026-04-15 13:28:11,579 - Episodio: 251/800 | Reward:   64.19 | Temp: 0.133 | MA (100 ep):   92.31
2026-04-15 13:28:12,186 - Episodio: 252/800 | Reward:   56.40 | Temp: 0.132 | MA (100 ep):   93.16
2026-04-15 13:28:12,599 - Episodio: 253/800 | Reward:  -28.13 | Temp: 0.131 | MA (100 ep):   93.24
2026-04-15 13:28:13,023 - Episodio: 254/800 | Reward:   48.91 | Temp: 0.130 | MA (100 ep):   93.92
2026-04-15 13:28:13,534 - Episodio: 255/800 | Reward:   18.67 | Temp: 0.129 | MA (100 ep):   94.59
2026-04-15 13:28:13,944 - Episodio: 256/800 | Reward:  -33.69 | Temp: 0.128 | MA (100 ep):   94.44
2026-04-15 13:28:14,423 - Episodio: 257/800 | Reward:   37.56 | Temp: 0.127 | MA (100 ep):   94.64
2026-04-15 13:28:15,071 - Episodio: 258/800 | Reward:   23.66 | Temp: 0.126 | MA (100 ep):   94.86
2026-04-15 13:28:15,472 - Episodio: 259/800 | Reward:   -8.09 | Temp: 0.125 | MA (100 ep):   92.37
2026-04-15 13:28:16,014 - Episodio: 260/800 | Reward:   25.95 | Temp: 0.124 | MA (100 ep):   89.91
2026-04-15 13:28:16,496 - Episodio: 261/800 | Reward:   10.38 | Temp: 0.123 | MA (100 ep):   88.17
2026-04-15 13:28:16,862 - Episodio: 262/800 | Reward:    3.71 | Temp: 0.122 | MA (100 ep):   88.38
2026-04-15 13:28:17,495 - Episodio: 263/800 | Reward:   57.06 | Temp: 0.121 | MA (100 ep):   86.59
2026-04-15 13:28:17,858 - Episodio: 264/800 | Reward:  -29.85 | Temp: 0.120 | MA (100 ep):   86.54
2026-04-15 13:28:18,294 - Episodio: 265/800 | Reward:   -6.92 | Temp: 0.119 | MA (100 ep):   84.52
2026-04-15 13:28:19,324 - Episodio: 266/800 | Reward:  291.63 | Temp: 0.118 | MA (100 ep):   87.47
2026-04-15 13:28:19,795 - Episodio: 267/800 | Reward:   28.52 | Temp: 0.117 | MA (100 ep):   85.76
2026-04-15 13:28:20,142 - Episodio: 268/800 | Reward:   13.56 | Temp: 0.116 | MA (100 ep):   85.89
2026-04-15 13:28:21,038 - Episodio: 269/800 | Reward:  271.81 | Temp: 0.115 | MA (100 ep):   86.47
2026-04-15 13:28:21,336 - Episodio: 270/800 | Reward:    0.75 | Temp: 0.114 | MA (100 ep):   84.18
2026-04-15 13:28:21,686 - Episodio: 271/800 | Reward:  -28.80 | Temp: 0.113 | MA (100 ep):   84.29
2026-04-15 13:28:22,061 - Episodio: 272/800 | Reward:  -45.83 | Temp: 0.113 | MA (100 ep):   83.87
2026-04-15 13:28:22,848 - Episodio: 273/800 | Reward:   -9.11 | Temp: 0.112 | MA (100 ep):   81.60
2026-04-15 13:28:23,323 - Episodio: 274/800 | Reward:  -31.25 | Temp: 0.111 | MA (100 ep):   79.07
2026-04-15 13:28:23,847 - Episodio: 275/800 | Reward:   31.40 | Temp: 0.110 | MA (100 ep):   77.05
2026-04-15 13:28:24,413 - Episodio: 276/800 | Reward:   57.14 | Temp: 0.109 | MA (100 ep):   75.62
2026-04-15 13:28:25,080 - Episodio: 277/800 | Reward:   43.59 | Temp: 0.108 | MA (100 ep):   73.67
2026-04-15 13:28:25,454 - Episodio: 278/800 | Reward:   13.39 | Temp: 0.107 | MA (100 ep):   73.70
2026-04-15 13:28:26,225 - Episodio: 279/800 | Reward:  309.97 | Temp: 0.106 | MA (100 ep):   75.43
2026-04-15 13:28:27,027 - Episodio: 280/800 | Reward:  -14.09 | Temp: 0.106 | MA (100 ep):   73.29
2026-04-15 13:28:27,629 - Episodio: 281/800 | Reward:  286.23 | Temp: 0.105 | MA (100 ep):   78.42
2026-04-15 13:28:27,998 - Episodio: 282/800 | Reward:   12.53 | Temp: 0.104 | MA (100 ep):   77.60
2026-04-15 13:28:28,761 - Episodio: 283/800 | Reward:  270.83 | Temp: 0.103 | MA (100 ep):   77.93
2026-04-15 13:28:29,153 - Episodio: 284/800 | Reward:  -27.72 | Temp: 0.102 | MA (100 ep):   74.82
2026-04-15 13:28:29,702 - Episodio: 285/800 | Reward:   27.40 | Temp: 0.101 | MA (100 ep):   72.87
2026-04-15 13:28:30,100 - Episodio: 286/800 | Reward:  -10.85 | Temp: 0.101 | MA (100 ep):   71.27
2026-04-15 13:28:30,544 - Episodio: 287/800 | Reward:  -27.28 | Temp: 0.100 | MA (100 ep):   68.97
2026-04-15 13:28:31,491 - Episodio: 288/800 | Reward:  222.00 | Temp: 0.099 | MA (100 ep):   68.33
2026-04-15 13:28:32,469 - Episodio: 289/800 | Reward:  299.95 | Temp: 0.098 | MA (100 ep):   68.65
2026-04-15 13:28:32,926 - Episodio: 290/800 | Reward:   36.79 | Temp: 0.097 | MA (100 ep):   66.36
2026-04-15 13:28:33,415 - Episodio: 291/800 | Reward:   -0.71 | Temp: 0.097 | MA (100 ep):   63.93
2026-04-15 13:28:34,489 - Episodio: 292/800 | Reward:  238.17 | Temp: 0.096 | MA (100 ep):   63.81
2026-04-15 13:28:35,245 - Episodio: 293/800 | Reward:  233.44 | Temp: 0.095 | MA (100 ep):   64.17
2026-04-15 13:28:36,127 - Episodio: 294/800 | Reward:  183.74 | Temp: 0.094 | MA (100 ep):   63.29
2026-04-15 13:28:36,953 - Episodio: 295/800 | Reward:  246.95 | Temp: 0.094 | MA (100 ep):   63.23
2026-04-15 13:28:37,673 - Episodio: 296/800 | Reward:  294.34 | Temp: 0.093 | MA (100 ep):   66.87
2026-04-15 13:28:38,770 - Episodio: 297/800 | Reward:  258.76 | Temp: 0.092 | MA (100 ep):   66.88
2026-04-15 13:28:39,539 - Episodio: 298/800 | Reward:  310.75 | Temp: 0.091 | MA (100 ep):   67.23
2026-04-15 13:28:40,829 - Episodio: 299/800 | Reward:  277.80 | Temp: 0.091 | MA (100 ep):   66.90
2026-04-15 13:28:41,174 - Episodio: 300/800 | Reward:  -24.20 | Temp: 0.090 | MA (100 ep):   64.18
2026-04-15 13:28:41,174 - --- Inizio Evaluation run all'Episodio 300 ---
2026-04-15 13:28:48,691 - *** EVALUATION | Epi: 300 | Mean Reward (50 Run):  158.92 ± 107.17 ***
2026-04-15 13:28:48,691 - --- Fine Evaluation ---
2026-04-15 13:28:49,882 - Episodio: 301/800 | Reward:  303.45 | Temp: 0.089 | MA (100 ep):   68.34
2026-04-15 13:28:50,522 - Episodio: 302/800 | Reward:  250.02 | Temp: 0.088 | MA (100 ep):   69.88
2026-04-15 13:28:52,606 - Episodio: 303/800 | Reward:  -31.74 | Temp: 0.088 | MA (100 ep):   70.01
2026-04-15 13:28:54,656 - Episodio: 304/800 | Reward:  220.09 | Temp: 0.087 | MA (100 ep):   69.80
2026-04-15 13:28:55,403 - Episodio: 305/800 | Reward:  219.90 | Temp: 0.086 | MA (100 ep):   72.77
2026-04-15 13:28:56,670 - Episodio: 306/800 | Reward:  244.21 | Temp: 0.086 | MA (100 ep):   75.26
2026-04-15 13:28:58,028 - Episodio: 307/800 | Reward:  276.96 | Temp: 0.085 | MA (100 ep):   77.37
2026-04-15 13:28:59,163 - Episodio: 308/800 | Reward:  269.33 | Temp: 0.084 | MA (100 ep):   80.53
2026-04-15 13:28:59,903 - Episodio: 309/800 | Reward:  224.92 | Temp: 0.084 | MA (100 ep):   83.18
2026-04-15 13:29:00,793 - Episodio: 310/800 | Reward:  290.04 | Temp: 0.083 | MA (100 ep):   83.41
2026-04-15 13:29:02,300 - Episodio: 311/800 | Reward:  291.87 | Temp: 0.082 | MA (100 ep):   86.69
2026-04-15 13:29:02,657 - Episodio: 312/800 | Reward:    7.52 | Temp: 0.082 | MA (100 ep):   87.19
2026-04-15 13:29:03,053 - Episodio: 313/800 | Reward:   25.13 | Temp: 0.081 | MA (100 ep):   85.13
2026-04-15 13:29:04,695 - Episodio: 314/800 | Reward:  223.70 | Temp: 0.080 | MA (100 ep):   84.73
2026-04-15 13:29:05,815 - Episodio: 315/800 | Reward:  -66.97 | Temp: 0.080 | MA (100 ep):   84.06
2026-04-15 13:29:06,633 - Episodio: 316/800 | Reward:  261.56 | Temp: 0.079 | MA (100 ep):   86.55
2026-04-15 13:29:09,750 - Episodio: 317/800 | Reward: -178.56 | Temp: 0.078 | MA (100 ep):   84.59
2026-04-15 13:29:11,107 - Episodio: 318/800 | Reward:  305.53 | Temp: 0.078 | MA (100 ep):   87.67
2026-04-15 13:29:11,991 - Episodio: 319/800 | Reward:  267.46 | Temp: 0.077 | MA (100 ep):   87.60
2026-04-15 13:29:13,204 - Episodio: 320/800 | Reward:  169.51 | Temp: 0.077 | MA (100 ep):   88.77
2026-04-15 13:29:14,183 - Episodio: 321/800 | Reward:  308.16 | Temp: 0.076 | MA (100 ep):   92.46
2026-04-15 13:29:15,224 - Episodio: 322/800 | Reward:  314.23 | Temp: 0.075 | MA (100 ep):   95.40
2026-04-15 13:29:16,850 - Episodio: 323/800 | Reward:  233.98 | Temp: 0.075 | MA (100 ep):   97.56
2026-04-15 13:29:18,630 - Episodio: 324/800 | Reward:  208.26 | Temp: 0.074 | MA (100 ep):   99.43
2026-04-15 13:29:20,788 - Episodio: 325/800 | Reward:  234.40 | Temp: 0.074 | MA (100 ep):  101.92
2026-04-15 13:29:21,593 - Episodio: 326/800 | Reward:  266.69 | Temp: 0.073 | MA (100 ep):  105.33
2026-04-15 13:29:22,381 - Episodio: 327/800 | Reward:  274.53 | Temp: 0.072 | MA (100 ep):  108.14
2026-04-15 13:29:22,696 - Episodio: 328/800 | Reward:   -3.28 | Temp: 0.072 | MA (100 ep):  105.17
2026-04-15 13:29:23,562 - Episodio: 329/800 | Reward:  247.23 | Temp: 0.071 | MA (100 ep):  108.46
2026-04-15 13:29:23,878 - Episodio: 330/800 | Reward:  -25.49 | Temp: 0.071 | MA (100 ep):  108.40
2026-04-15 13:29:24,248 - Episodio: 331/800 | Reward:   28.28 | Temp: 0.070 | MA (100 ep):  108.22
2026-04-15 13:29:25,724 - Episodio: 332/800 | Reward:  273.76 | Temp: 0.069 | MA (100 ep):  111.12
2026-04-15 13:29:28,378 - Episodio: 333/800 | Reward: -248.24 | Temp: 0.069 | MA (100 ep):  108.42
2026-04-15 13:29:29,805 - Episodio: 334/800 | Reward:  -99.18 | Temp: 0.068 | MA (100 ep):  107.65
2026-04-15 13:29:31,130 - Episodio: 335/800 | Reward: -174.97 | Temp: 0.068 | MA (100 ep):  105.87
2026-04-15 13:29:34,792 - Episodio: 336/800 | Reward:   47.69 | Temp: 0.067 | MA (100 ep):  105.89
2026-04-15 13:29:35,065 - Episodio: 337/800 | Reward:  -67.38 | Temp: 0.067 | MA (100 ep):  105.55
2026-04-15 13:29:36,397 - Episodio: 338/800 | Reward:  246.90 | Temp: 0.066 | MA (100 ep):  107.72
2026-04-15 13:29:36,930 - Episodio: 339/800 | Reward:  -30.20 | Temp: 0.066 | MA (100 ep):  107.01
2026-04-15 13:29:38,072 - Episodio: 340/800 | Reward:  255.74 | Temp: 0.065 | MA (100 ep):  107.04
2026-04-15 13:29:38,304 - Episodio: 341/800 | Reward:  -73.44 | Temp: 0.065 | MA (100 ep):  103.01
2026-04-15 13:29:39,566 - Episodio: 342/800 | Reward:  268.64 | Temp: 0.064 | MA (100 ep):  106.11
2026-04-15 13:29:42,601 - Episodio: 343/800 | Reward:  132.95 | Temp: 0.064 | MA (100 ep):  107.44
2026-04-15 13:29:43,485 - Episodio: 344/800 | Reward:  271.57 | Temp: 0.063 | MA (100 ep):  110.06
2026-04-15 13:29:44,541 - Episodio: 345/800 | Reward: -311.26 | Temp: 0.063 | MA (100 ep):  104.09
2026-04-15 13:29:44,832 - Episodio: 346/800 | Reward: -127.49 | Temp: 0.062 | MA (100 ep):  102.87
2026-04-15 13:29:46,154 - Episodio: 347/800 | Reward:  233.70 | Temp: 0.062 | MA (100 ep):  105.05
2026-04-15 13:29:47,119 - Episodio: 348/800 | Reward:  264.04 | Temp: 0.061 | MA (100 ep):  107.64
2026-04-15 13:29:47,725 - Episodio: 349/800 | Reward:   -2.64 | Temp: 0.061 | MA (100 ep):  107.91
2026-04-15 13:29:51,473 - Episodio: 350/800 | Reward:   24.54 | Temp: 0.060 | MA (100 ep):  108.27
2026-04-15 13:29:51,473 - --- Inizio Evaluation run all'Episodio 350 ---
2026-04-15 13:29:56,931 - *** EVALUATION | Epi: 350 | Mean Reward (50 Run):  142.48 ± 154.91 ***
2026-04-15 13:29:56,931 - --- Fine Evaluation ---
2026-04-15 13:29:58,417 - Episodio: 351/800 | Reward:  247.57 | Temp: 0.060 | MA (100 ep):  110.10
2026-04-15 13:29:59,174 - Episodio: 352/800 | Reward:   13.65 | Temp: 0.059 | MA (100 ep):  109.68
2026-04-15 13:30:00,441 - Episodio: 353/800 | Reward:  268.41 | Temp: 0.059 | MA (100 ep):  112.64
2026-04-15 13:30:03,731 - Episodio: 354/800 | Reward:  158.17 | Temp: 0.058 | MA (100 ep):  113.73
2026-04-15 13:30:07,500 - Episodio: 355/800 | Reward:   22.15 | Temp: 0.058 | MA (100 ep):  113.77
2026-04-15 13:30:08,254 - Episodio: 356/800 | Reward: -330.86 | Temp: 0.057 | MA (100 ep):  110.80
2026-04-15 13:30:09,236 - Episodio: 357/800 | Reward:  -79.68 | Temp: 0.057 | MA (100 ep):  109.63
2026-04-15 13:30:10,008 - Episodio: 358/800 | Reward: -280.39 | Temp: 0.056 | MA (100 ep):  106.59
2026-04-15 13:30:10,997 - Episodio: 359/800 | Reward:  217.90 | Temp: 0.056 | MA (100 ep):  108.85
2026-04-15 13:30:11,914 - Episodio: 360/800 | Reward:  -23.36 | Temp: 0.055 | MA (100 ep):  108.35
2026-04-15 13:30:15,602 - Episodio: 361/800 | Reward:   30.34 | Temp: 0.055 | MA (100 ep):  108.55
2026-04-15 13:30:17,072 - Episodio: 362/800 | Reward:  249.51 | Temp: 0.055 | MA (100 ep):  111.01
2026-04-15 13:30:17,940 - Episodio: 363/800 | Reward:  245.55 | Temp: 0.054 | MA (100 ep):  112.89
2026-04-15 13:30:18,838 - Episodio: 364/800 | Reward:  217.96 | Temp: 0.054 | MA (100 ep):  115.37
2026-04-15 13:30:19,828 - Episodio: 365/800 | Reward:  -16.64 | Temp: 0.053 | MA (100 ep):  115.28
2026-04-15 13:30:21,961 - Episodio: 366/800 | Reward:  208.53 | Temp: 0.053 | MA (100 ep):  114.44
2026-04-15 13:30:24,859 - Episodio: 367/800 | Reward:  222.43 | Temp: 0.052 | MA (100 ep):  116.38
2026-04-15 13:30:25,754 - Episodio: 368/800 | Reward:  245.96 | Temp: 0.052 | MA (100 ep):  118.71
2026-04-15 13:30:26,690 - Episodio: 369/800 | Reward:  259.67 | Temp: 0.052 | MA (100 ep):  118.59
2026-04-15 13:30:27,618 - Episodio: 370/800 | Reward:  232.63 | Temp: 0.051 | MA (100 ep):  120.90
2026-04-15 13:30:28,613 - Episodio: 371/800 | Reward:  278.59 | Temp: 0.051 | MA (100 ep):  123.98
2026-04-15 13:30:29,749 - Episodio: 372/800 | Reward:  256.77 | Temp: 0.050 | MA (100 ep):  127.00
2026-04-15 13:30:30,696 - Episodio: 373/800 | Reward:  241.51 | Temp: 0.050 | MA (100 ep):  129.51
2026-04-15 13:30:31,965 - Episodio: 374/800 | Reward:  209.85 | Temp: 0.050 | MA (100 ep):  131.92
2026-04-15 13:30:32,853 - Episodio: 375/800 | Reward:  234.10 | Temp: 0.049 | MA (100 ep):  133.95
2026-04-15 13:30:34,063 - Episodio: 376/800 | Reward:  247.26 | Temp: 0.049 | MA (100 ep):  135.85
2026-04-15 13:30:35,218 - Episodio: 377/800 | Reward:  229.35 | Temp: 0.048 | MA (100 ep):  137.71
2026-04-15 13:30:36,210 - Episodio: 378/800 | Reward:  273.81 | Temp: 0.048 | MA (100 ep):  140.31
2026-04-15 13:30:38,218 - Episodio: 379/800 | Reward:  225.24 | Temp: 0.048 | MA (100 ep):  139.46
2026-04-15 13:30:39,282 - Episodio: 380/800 | Reward:  240.51 | Temp: 0.047 | MA (100 ep):  142.01
2026-04-15 13:30:39,613 - Episodio: 381/800 | Reward: -382.86 | Temp: 0.047 | MA (100 ep):  135.32
2026-04-15 13:30:40,953 - Episodio: 382/800 | Reward:  271.95 | Temp: 0.047 | MA (100 ep):  137.91
2026-04-15 13:30:42,200 - Episodio: 383/800 | Reward:  217.34 | Temp: 0.046 | MA (100 ep):  137.38
2026-04-15 13:30:43,487 - Episodio: 384/800 | Reward:  215.99 | Temp: 0.046 | MA (100 ep):  139.82
2026-04-15 13:30:47,311 - Episodio: 385/800 | Reward:   -6.19 | Temp: 0.045 | MA (100 ep):  139.48
2026-04-15 13:30:48,506 - Episodio: 386/800 | Reward:  262.30 | Temp: 0.045 | MA (100 ep):  142.21
2026-04-15 13:30:49,033 - Episodio: 387/800 | Reward:  -63.64 | Temp: 0.045 | MA (100 ep):  141.85
2026-04-15 13:30:50,699 - Episodio: 388/800 | Reward:  227.48 | Temp: 0.044 | MA (100 ep):  141.90
2026-04-15 13:30:51,329 - Episodio: 389/800 | Reward:  -30.76 | Temp: 0.044 | MA (100 ep):  138.60
2026-04-15 13:30:52,490 - Episodio: 390/800 | Reward:  239.59 | Temp: 0.044 | MA (100 ep):  140.62
2026-04-15 13:30:55,586 - Episodio: 391/800 | Reward:  -55.33 | Temp: 0.043 | MA (100 ep):  140.08
2026-04-15 13:30:56,597 - Episodio: 392/800 | Reward:  240.78 | Temp: 0.043 | MA (100 ep):  140.10
2026-04-15 13:30:58,146 - Episodio: 393/800 | Reward:  269.07 | Temp: 0.043 | MA (100 ep):  140.46
2026-04-15 13:30:59,237 - Episodio: 394/800 | Reward:  243.03 | Temp: 0.042 | MA (100 ep):  141.05
2026-04-15 13:31:00,343 - Episodio: 395/800 | Reward:  300.64 | Temp: 0.042 | MA (100 ep):  141.59
2026-04-15 13:31:01,164 - Episodio: 396/800 | Reward:  291.71 | Temp: 0.042 | MA (100 ep):  141.56
2026-04-15 13:31:03,432 - Episodio: 397/800 | Reward:  276.07 | Temp: 0.041 | MA (100 ep):  141.74
2026-04-15 13:31:05,014 - Episodio: 398/800 | Reward:  255.83 | Temp: 0.041 | MA (100 ep):  141.19
2026-04-15 13:31:05,681 - Episodio: 399/800 | Reward:  229.96 | Temp: 0.041 | MA (100 ep):  140.71
2026-04-15 13:31:06,748 - Episodio: 400/800 | Reward:  251.21 | Temp: 0.040 | MA (100 ep):  143.46
2026-04-15 13:31:06,748 - --- Inizio Evaluation run all'Episodio 400 ---
2026-04-15 13:31:10,244 - *** EVALUATION | Epi: 400 | Mean Reward (50 Run):  101.98 ± 173.54 ***
2026-04-15 13:31:10,244 - --- Fine Evaluation ---
2026-04-15 13:31:11,286 - Episodio: 401/800 | Reward:  255.14 | Temp: 0.040 | MA (100 ep):  142.98
2026-04-15 13:31:13,612 - Episodio: 402/800 | Reward:  228.67 | Temp: 0.040 | MA (100 ep):  142.77
2026-04-15 13:31:16,312 - Episodio: 403/800 | Reward:  206.11 | Temp: 0.039 | MA (100 ep):  145.15
2026-04-15 13:31:17,580 - Episodio: 404/800 | Reward:  232.16 | Temp: 0.039 | MA (100 ep):  145.27
2026-04-15 13:31:18,278 - Episodio: 405/800 | Reward:  236.44 | Temp: 0.039 | MA (100 ep):  145.43
2026-04-15 13:31:19,877 - Episodio: 406/800 | Reward:  -15.73 | Temp: 0.038 | MA (100 ep):  142.83
2026-04-15 13:31:20,801 - Episodio: 407/800 | Reward:   13.16 | Temp: 0.038 | MA (100 ep):  140.19
2026-04-15 13:31:21,842 - Episodio: 408/800 | Reward:  272.95 | Temp: 0.038 | MA (100 ep):  140.23
2026-04-15 13:31:23,258 - Episodio: 409/800 | Reward:  244.61 | Temp: 0.037 | MA (100 ep):  140.43
2026-04-15 13:31:24,076 - Episodio: 410/800 | Reward:  271.89 | Temp: 0.037 | MA (100 ep):  140.25
2026-04-15 13:31:24,739 - Episodio: 411/800 | Reward:  267.55 | Temp: 0.037 | MA (100 ep):  140.00
2026-04-15 13:31:26,354 - Episodio: 412/800 | Reward:  238.05 | Temp: 0.037 | MA (100 ep):  142.31
2026-04-15 13:31:27,057 - Episodio: 413/800 | Reward:  268.25 | Temp: 0.036 | MA (100 ep):  144.74
2026-04-15 13:31:28,145 - Episodio: 414/800 | Reward:  246.71 | Temp: 0.036 | MA (100 ep):  144.97
2026-04-15 13:31:29,231 - Episodio: 415/800 | Reward:  271.36 | Temp: 0.036 | MA (100 ep):  148.35
2026-04-15 13:31:30,057 - Episodio: 416/800 | Reward:  304.08 | Temp: 0.035 | MA (100 ep):  148.78
2026-04-15 13:31:30,744 - Episodio: 417/800 | Reward:  259.91 | Temp: 0.035 | MA (100 ep):  153.16
2026-04-15 13:31:31,501 - Episodio: 418/800 | Reward:  302.97 | Temp: 0.035 | MA (100 ep):  153.14
2026-04-15 13:31:34,465 - Episodio: 419/800 | Reward:  238.11 | Temp: 0.035 | MA (100 ep):  152.84
2026-04-15 13:31:35,265 - Episodio: 420/800 | Reward:  252.26 | Temp: 0.034 | MA (100 ep):  153.67
2026-04-15 13:31:35,788 - Episodio: 421/800 | Reward:   17.45 | Temp: 0.034 | MA (100 ep):  150.76
2026-04-15 13:31:36,872 - Episodio: 422/800 | Reward:  262.43 | Temp: 0.034 | MA (100 ep):  150.25
2026-04-15 13:31:39,160 - Episodio: 423/800 | Reward:  258.50 | Temp: 0.033 | MA (100 ep):  150.49
2026-04-15 13:31:40,574 - Episodio: 424/800 | Reward:  242.73 | Temp: 0.033 | MA (100 ep):  150.84
2026-04-15 13:31:41,598 - Episodio: 425/800 | Reward:  277.62 | Temp: 0.033 | MA (100 ep):  151.27
2026-04-15 13:31:42,308 - Episodio: 426/800 | Reward:  227.54 | Temp: 0.033 | MA (100 ep):  150.88
2026-04-15 13:31:43,989 - Episodio: 427/800 | Reward:  193.92 | Temp: 0.032 | MA (100 ep):  150.07
2026-04-15 13:31:45,221 - Episodio: 428/800 | Reward:  286.09 | Temp: 0.032 | MA (100 ep):  152.96
2026-04-15 13:31:46,269 - Episodio: 429/800 | Reward:  228.69 | Temp: 0.032 | MA (100 ep):  152.78
2026-04-15 13:31:48,858 - Episodio: 430/800 | Reward:  199.14 | Temp: 0.032 | MA (100 ep):  155.02
2026-04-15 13:31:49,752 - Episodio: 431/800 | Reward:  277.83 | Temp: 0.031 | MA (100 ep):  157.52
2026-04-15 13:31:50,982 - Episodio: 432/800 | Reward:  269.24 | Temp: 0.031 | MA (100 ep):  157.47
2026-04-15 13:31:51,990 - Episodio: 433/800 | Reward:  266.46 | Temp: 0.031 | MA (100 ep):  162.62
2026-04-15 13:31:52,717 - Episodio: 434/800 | Reward:  261.81 | Temp: 0.031 | MA (100 ep):  166.23
2026-04-15 13:31:53,529 - Episodio: 435/800 | Reward:  290.27 | Temp: 0.030 | MA (100 ep):  170.88
2026-04-15 13:31:54,273 - Episodio: 436/800 | Reward:  -37.93 | Temp: 0.030 | MA (100 ep):  170.03
2026-04-15 13:31:55,003 - Episodio: 437/800 | Reward:  217.63 | Temp: 0.030 | MA (100 ep):  172.88
2026-04-15 13:31:56,002 - Episodio: 438/800 | Reward:  263.89 | Temp: 0.030 | MA (100 ep):  173.05
2026-04-15 13:31:56,556 - Episodio: 439/800 | Reward:    8.40 | Temp: 0.029 | MA (100 ep):  173.43
2026-04-15 13:31:57,754 - Episodio: 440/800 | Reward:  293.41 | Temp: 0.029 | MA (100 ep):  173.81
2026-04-15 13:31:58,951 - Episodio: 441/800 | Reward:  243.56 | Temp: 0.029 | MA (100 ep):  176.98
2026-04-15 13:32:00,754 - Episodio: 442/800 | Reward:  239.51 | Temp: 0.029 | MA (100 ep):  176.69
2026-04-15 13:32:01,766 - Episodio: 443/800 | Reward:  -84.67 | Temp: 0.028 | MA (100 ep):  174.51
2026-04-15 13:32:02,385 - Episodio: 444/800 | Reward:   -8.83 | Temp: 0.028 | MA (100 ep):  171.71
2026-04-15 13:32:05,648 - Episodio: 445/800 | Reward:  198.82 | Temp: 0.028 | MA (100 ep):  176.81
2026-04-15 13:32:06,026 - Episodio: 446/800 | Reward:  -94.98 | Temp: 0.028 | MA (100 ep):  177.13
2026-04-15 13:32:06,601 - Episodio: 447/800 | Reward:  -62.31 | Temp: 0.028 | MA (100 ep):  174.17
2026-04-15 13:32:07,240 - Episodio: 448/800 | Reward:  252.41 | Temp: 0.027 | MA (100 ep):  174.06
2026-04-15 13:32:08,069 - Episodio: 449/800 | Reward:  219.63 | Temp: 0.027 | MA (100 ep):  176.28
2026-04-15 13:32:08,847 - Episodio: 450/800 | Reward:  252.76 | Temp: 0.027 | MA (100 ep):  178.56
2026-04-15 13:32:08,863 - --- Inizio Evaluation run all'Episodio 450 ---
2026-04-15 13:32:12,504 - *** EVALUATION | Epi: 450 | Mean Reward (50 Run):  107.59 ± 153.37 ***
2026-04-15 13:32:12,504 - --- Fine Evaluation ---
2026-04-15 13:32:13,074 - Episodio: 451/800 | Reward:  269.59 | Temp: 0.027 | MA (100 ep):  178.78
2026-04-15 13:32:13,578 - Episodio: 452/800 | Reward:  -87.53 | Temp: 0.027 | MA (100 ep):  177.77
2026-04-15 13:32:14,237 - Episodio: 453/800 | Reward:  -19.31 | Temp: 0.026 | MA (100 ep):  174.89
2026-04-15 13:32:15,167 - Episodio: 454/800 | Reward:  282.33 | Temp: 0.026 | MA (100 ep):  176.14
2026-04-15 13:32:16,944 - Episodio: 455/800 | Reward:  253.18 | Temp: 0.026 | MA (100 ep):  178.45
2026-04-15 13:32:17,488 - Episodio: 456/800 | Reward: -122.31 | Temp: 0.026 | MA (100 ep):  180.53
2026-04-15 13:32:18,231 - Episodio: 457/800 | Reward:  264.63 | Temp: 0.025 | MA (100 ep):  183.98
2026-04-15 13:32:18,783 - Episodio: 458/800 | Reward:  -15.41 | Temp: 0.025 | MA (100 ep):  186.62
2026-04-15 13:32:19,732 - Episodio: 459/800 | Reward:  263.15 | Temp: 0.025 | MA (100 ep):  187.08
2026-04-15 13:32:20,422 - Episodio: 460/800 | Reward:  -69.51 | Temp: 0.025 | MA (100 ep):  186.62
2026-04-15 13:32:20,770 - Episodio: 461/800 | Reward:  -37.43 | Temp: 0.025 | MA (100 ep):  185.94
2026-04-15 13:32:21,763 - Episodio: 462/800 | Reward:  230.63 | Temp: 0.024 | MA (100 ep):  185.75
2026-04-15 13:32:22,935 - Episodio: 463/800 | Reward:  276.85 | Temp: 0.024 | MA (100 ep):  186.06
2026-04-15 13:32:23,742 - Episodio: 464/800 | Reward:  250.84 | Temp: 0.024 | MA (100 ep):  186.39
2026-04-15 13:32:24,827 - Episodio: 465/800 | Reward:  287.63 | Temp: 0.024 | MA (100 ep):  189.43
2026-04-15 13:32:25,830 - Episodio: 466/800 | Reward:  249.37 | Temp: 0.024 | MA (100 ep):  189.84
2026-04-15 13:32:26,428 - Episodio: 467/800 | Reward:  258.82 | Temp: 0.023 | MA (100 ep):  190.21
2026-04-15 13:32:27,220 - Episodio: 468/800 | Reward:   19.26 | Temp: 0.023 | MA (100 ep):  187.94
2026-04-15 13:32:28,091 - Episodio: 469/800 | Reward:  283.21 | Temp: 0.023 | MA (100 ep):  188.17
2026-04-15 13:32:29,434 - Episodio: 470/800 | Reward:  211.59 | Temp: 0.023 | MA (100 ep):  187.96
2026-04-15 13:32:30,081 - Episodio: 471/800 | Reward:  230.65 | Temp: 0.023 | MA (100 ep):  187.48
2026-04-15 13:32:33,780 - Episodio: 472/800 | Reward:  -32.23 | Temp: 0.023 | MA (100 ep):  184.59
2026-04-15 13:32:34,760 - Episodio: 473/800 | Reward:  281.31 | Temp: 0.022 | MA (100 ep):  184.99
2026-04-15 13:32:35,434 - Episodio: 474/800 | Reward:  277.22 | Temp: 0.022 | MA (100 ep):  185.67
2026-04-15 13:32:36,022 - Episodio: 475/800 | Reward:  -27.24 | Temp: 0.022 | MA (100 ep):  183.05
2026-04-15 13:32:37,053 - Episodio: 476/800 | Reward:  266.70 | Temp: 0.022 | MA (100 ep):  183.25
2026-04-15 13:32:37,910 - Episodio: 477/800 | Reward:  244.12 | Temp: 0.022 | MA (100 ep):  183.40
2026-04-15 13:32:39,161 - Episodio: 478/800 | Reward:  261.98 | Temp: 0.022 | MA (100 ep):  183.28
2026-04-15 13:32:40,286 - Episodio: 479/800 | Reward:  267.92 | Temp: 0.021 | MA (100 ep):  183.70
2026-04-15 13:32:40,967 - Episodio: 480/800 | Reward:  266.88 | Temp: 0.021 | MA (100 ep):  183.97
2026-04-15 13:32:41,959 - Episodio: 481/800 | Reward:  177.78 | Temp: 0.021 | MA (100 ep):  189.57
2026-04-15 13:32:42,336 - Episodio: 482/800 | Reward:   25.93 | Temp: 0.021 | MA (100 ep):  187.11
2026-04-15 13:32:43,074 - Episodio: 483/800 | Reward:    9.58 | Temp: 0.021 | MA (100 ep):  185.04
2026-04-15 13:32:44,575 - Episodio: 484/800 | Reward:  205.63 | Temp: 0.020 | MA (100 ep):  184.93
2026-04-15 13:32:45,411 - Episodio: 485/800 | Reward:  268.02 | Temp: 0.020 | MA (100 ep):  187.67
2026-04-15 13:32:46,186 - Episodio: 486/800 | Reward:  264.03 | Temp: 0.020 | MA (100 ep):  187.69
2026-04-15 13:32:47,260 - Episodio: 487/800 | Reward:  238.29 | Temp: 0.020 | MA (100 ep):  190.71
2026-04-15 13:32:48,019 - Episodio: 488/800 | Reward:  290.76 | Temp: 0.020 | MA (100 ep):  191.34
2026-04-15 13:32:48,892 - Episodio: 489/800 | Reward:  275.69 | Temp: 0.020 | MA (100 ep):  194.41
2026-04-15 13:32:51,099 - Episodio: 490/800 | Reward:  217.53 | Temp: 0.020 | MA (100 ep):  194.19
2026-04-15 13:32:51,999 - Episodio: 491/800 | Reward:  253.75 | Temp: 0.019 | MA (100 ep):  197.28
2026-04-15 13:32:53,020 - Episodio: 492/800 | Reward:  276.07 | Temp: 0.019 | MA (100 ep):  197.63
2026-04-15 13:32:54,154 - Episodio: 493/800 | Reward:  240.52 | Temp: 0.019 | MA (100 ep):  197.35
2026-04-15 13:32:54,768 - Episodio: 494/800 | Reward:   25.72 | Temp: 0.019 | MA (100 ep):  195.17
2026-04-15 13:32:55,846 - Episodio: 495/800 | Reward:  270.97 | Temp: 0.019 | MA (100 ep):  194.88
2026-04-15 13:32:56,897 - Episodio: 496/800 | Reward:  255.67 | Temp: 0.019 | MA (100 ep):  194.52
2026-04-15 13:32:57,590 - Episodio: 497/800 | Reward:  274.58 | Temp: 0.018 | MA (100 ep):  194.50
2026-04-15 13:32:58,994 - Episodio: 498/800 | Reward:  235.92 | Temp: 0.018 | MA (100 ep):  194.30
2026-04-15 13:32:59,986 - Episodio: 499/800 | Reward:  244.45 | Temp: 0.018 | MA (100 ep):  194.45
2026-04-15 13:33:00,648 - Episodio: 500/800 | Reward:  241.43 | Temp: 0.018 | MA (100 ep):  194.35
2026-04-15 13:33:00,662 - --- Inizio Evaluation run all'Episodio 500 ---
2026-04-15 13:33:04,309 - *** EVALUATION | Epi: 500 | Mean Reward (50 Run):  108.37 ± 168.82 ***
2026-04-15 13:33:04,309 - --- Fine Evaluation ---
2026-04-15 13:33:05,271 - Episodio: 501/800 | Reward:  211.66 | Temp: 0.018 | MA (100 ep):  193.91
2026-04-15 13:33:06,162 - Episodio: 502/800 | Reward:  265.21 | Temp: 0.018 | MA (100 ep):  194.28
2026-04-15 13:33:06,875 - Episodio: 503/800 | Reward:  274.58 | Temp: 0.018 | MA (100 ep):  194.96
2026-04-15 13:33:07,747 - Episodio: 504/800 | Reward:  257.67 | Temp: 0.017 | MA (100 ep):  195.22
2026-04-15 13:33:08,595 - Episodio: 505/800 | Reward:  301.40 | Temp: 0.017 | MA (100 ep):  195.87
2026-04-15 13:33:09,452 - Episodio: 506/800 | Reward:  263.07 | Temp: 0.017 | MA (100 ep):  198.66
2026-04-15 13:33:10,381 - Episodio: 507/800 | Reward:  248.42 | Temp: 0.017 | MA (100 ep):  201.01
2026-04-15 13:33:11,086 - Episodio: 508/800 | Reward:  261.83 | Temp: 0.017 | MA (100 ep):  200.90
2026-04-15 13:33:14,792 - Episodio: 509/800 | Reward:  172.73 | Temp: 0.017 | MA (100 ep):  200.18
2026-04-15 13:33:15,656 - Episodio: 510/800 | Reward:  269.23 | Temp: 0.017 | MA (100 ep):  200.15
2026-04-15 13:33:16,452 - Episodio: 511/800 | Reward:  300.63 | Temp: 0.016 | MA (100 ep):  200.48
2026-04-15 13:33:17,418 - Episodio: 512/800 | Reward:  258.42 | Temp: 0.016 | MA (100 ep):  200.69
2026-04-15 13:33:18,272 - Episodio: 513/800 | Reward:  258.74 | Temp: 0.016 | MA (100 ep):  200.59
2026-04-15 13:33:19,021 - Episodio: 514/800 | Reward:  260.38 | Temp: 0.016 | MA (100 ep):  200.73
2026-04-15 13:33:19,688 - Episodio: 515/800 | Reward:  271.40 | Temp: 0.016 | MA (100 ep):  200.73
2026-04-15 13:33:20,808 - Episodio: 516/800 | Reward:  236.47 | Temp: 0.016 | MA (100 ep):  200.05
2026-04-15 13:33:22,271 - Episodio: 517/800 | Reward:  236.68 | Temp: 0.016 | MA (100 ep):  199.82
2026-04-15 13:33:23,302 - Episodio: 518/800 | Reward:  240.48 | Temp: 0.016 | MA (100 ep):  199.20
2026-04-15 13:33:24,454 - Episodio: 519/800 | Reward:    8.90 | Temp: 0.015 | MA (100 ep):  196.90
2026-04-15 13:33:25,854 - Episodio: 520/800 | Reward:  256.59 | Temp: 0.015 | MA (100 ep):  196.95
2026-04-15 13:33:26,518 - Episodio: 521/800 | Reward:  285.06 | Temp: 0.015 | MA (100 ep):  199.62
2026-04-15 13:33:27,133 - Episodio: 522/800 | Reward:  255.40 | Temp: 0.015 | MA (100 ep):  199.55
2026-04-15 13:33:27,776 - Episodio: 523/800 | Reward:  269.75 | Temp: 0.015 | MA (100 ep):  199.67
2026-04-15 13:33:28,426 - Episodio: 524/800 | Reward:  270.98 | Temp: 0.015 | MA (100 ep):  199.95
2026-04-15 13:33:29,418 - Episodio: 525/800 | Reward:  237.05 | Temp: 0.015 | MA (100 ep):  199.54
2026-04-15 13:33:30,114 - Episodio: 526/800 | Reward:  286.96 | Temp: 0.015 | MA (100 ep):  200.14
2026-04-15 13:33:31,244 - Episodio: 527/800 | Reward:  302.01 | Temp: 0.015 | MA (100 ep):  201.22
2026-04-15 13:33:31,649 - Episodio: 528/800 | Reward:  -67.95 | Temp: 0.014 | MA (100 ep):  197.68
2026-04-15 13:33:32,934 - Episodio: 529/800 | Reward:  262.12 | Temp: 0.014 | MA (100 ep):  198.01
2026-04-15 13:33:33,651 - Episodio: 530/800 | Reward:  271.00 | Temp: 0.014 | MA (100 ep):  198.73
2026-04-15 13:33:37,410 - Episodio: 531/800 | Reward:  152.45 | Temp: 0.014 | MA (100 ep):  197.48
2026-04-15 13:33:38,928 - Episodio: 532/800 | Reward:  252.31 | Temp: 0.014 | MA (100 ep):  197.31
2026-04-15 13:33:39,757 - Episodio: 533/800 | Reward:  268.46 | Temp: 0.014 | MA (100 ep):  197.33
2026-04-15 13:33:40,534 - Episodio: 534/800 | Reward:  258.81 | Temp: 0.014 | MA (100 ep):  197.30
2026-04-15 13:33:41,459 - Episodio: 535/800 | Reward:  256.36 | Temp: 0.014 | MA (100 ep):  196.96
2026-04-15 13:33:42,145 - Episodio: 536/800 | Reward:  296.05 | Temp: 0.013 | MA (100 ep):  200.30
2026-04-15 13:33:42,900 - Episodio: 537/800 | Reward:  269.68 | Temp: 0.013 | MA (100 ep):  200.82
2026-04-15 13:33:43,927 - Episodio: 538/800 | Reward:  281.97 | Temp: 0.013 | MA (100 ep):  201.00
2026-04-15 13:33:44,908 - Episodio: 539/800 | Reward:  246.09 | Temp: 0.013 | MA (100 ep):  203.38
2026-04-15 13:33:45,679 - Episodio: 540/800 | Reward:  280.13 | Temp: 0.013 | MA (100 ep):  203.24
2026-04-15 13:33:46,640 - Episodio: 541/800 | Reward:  285.98 | Temp: 0.013 | MA (100 ep):  203.67
2026-04-15 13:33:47,700 - Episodio: 542/800 | Reward:  260.70 | Temp: 0.013 | MA (100 ep):  203.88
2026-04-15 13:33:50,332 - Episodio: 543/800 | Reward:  176.08 | Temp: 0.013 | MA (100 ep):  206.49
2026-04-15 13:33:51,092 - Episodio: 544/800 | Reward:  290.22 | Temp: 0.013 | MA (100 ep):  209.48
2026-04-15 13:33:51,863 - Episodio: 545/800 | Reward:  251.76 | Temp: 0.013 | MA (100 ep):  210.01
2026-04-15 13:33:52,833 - Episodio: 546/800 | Reward:  271.01 | Temp: 0.012 | MA (100 ep):  213.67
2026-04-15 13:33:53,449 - Episodio: 547/800 | Reward:  271.94 | Temp: 0.012 | MA (100 ep):  217.01
2026-04-15 13:33:54,083 - Episodio: 548/800 | Reward:  267.09 | Temp: 0.012 | MA (100 ep):  217.16
2026-04-15 13:33:55,108 - Episodio: 549/800 | Reward:  266.75 | Temp: 0.012 | MA (100 ep):  217.63
2026-04-15 13:33:56,181 - Episodio: 550/800 | Reward:  225.08 | Temp: 0.012 | MA (100 ep):  217.35
2026-04-15 13:33:56,181 - --- Inizio Evaluation run all'Episodio 550 ---
2026-04-15 13:33:59,209 - *** EVALUATION | Epi: 550 | Mean Reward (50 Run):  213.95 ± 184.62 ***
2026-04-15 13:33:59,209 - --- Fine Evaluation ---
2026-04-15 13:34:00,134 - Episodio: 551/800 | Reward:  264.38 | Temp: 0.012 | MA (100 ep):  217.30
2026-04-15 13:34:00,757 - Episodio: 552/800 | Reward:  254.56 | Temp: 0.012 | MA (100 ep):  220.72
2026-04-15 13:34:01,707 - Episodio: 553/800 | Reward:  295.30 | Temp: 0.012 | MA (100 ep):  223.87
2026-04-15 13:34:02,385 - Episodio: 554/800 | Reward:  270.20 | Temp: 0.012 | MA (100 ep):  223.74
2026-04-15 13:34:03,115 - Episodio: 555/800 | Reward:  255.28 | Temp: 0.012 | MA (100 ep):  223.76
2026-04-15 13:34:03,836 - Episodio: 556/800 | Reward:  237.24 | Temp: 0.011 | MA (100 ep):  227.36
2026-04-15 13:34:04,248 - Episodio: 557/800 | Reward: -474.10 | Temp: 0.011 | MA (100 ep):  219.97
2026-04-15 13:34:04,840 - Episodio: 558/800 | Reward:  269.14 | Temp: 0.011 | MA (100 ep):  222.82
2026-04-15 13:34:05,597 - Episodio: 559/800 | Reward:  210.27 | Temp: 0.011 | MA (100 ep):  222.29
2026-04-15 13:34:06,384 - Episodio: 560/800 | Reward:  242.64 | Temp: 0.011 | MA (100 ep):  225.41
2026-04-15 13:34:07,930 - Episodio: 561/800 | Reward:  205.60 | Temp: 0.011 | MA (100 ep):  227.84
2026-04-15 13:34:08,841 - Episodio: 562/800 | Reward:  293.39 | Temp: 0.011 | MA (100 ep):  228.47
2026-04-15 13:34:09,625 - Episodio: 563/800 | Reward:  281.60 | Temp: 0.011 | MA (100 ep):  228.52
2026-04-15 13:34:10,311 - Episodio: 564/800 | Reward:  266.97 | Temp: 0.011 | MA (100 ep):  228.68
2026-04-15 13:34:11,288 - Episodio: 565/800 | Reward:  291.11 | Temp: 0.011 | MA (100 ep):  228.71
2026-04-15 13:34:11,978 - Episodio: 566/800 | Reward:  252.11 | Temp: 0.011 | MA (100 ep):  228.74
2026-04-15 13:34:12,792 - Episodio: 567/800 | Reward:  235.03 | Temp: 0.011 | MA (100 ep):  228.50
2026-04-15 13:34:13,882 - Episodio: 568/800 | Reward:   61.02 | Temp: 0.010 | MA (100 ep):  228.92
2026-04-15 13:34:14,608 - Episodio: 569/800 | Reward:  242.44 | Temp: 0.010 | MA (100 ep):  228.51
2026-04-15 13:34:15,089 - Episodio: 570/800 | Reward:  288.80 | Temp: 0.010 | MA (100 ep):  229.28
2026-04-15 13:34:16,162 - Episodio: 571/800 | Reward:  282.32 | Temp: 0.010 | MA (100 ep):  229.80
2026-04-15 13:34:17,021 - Episodio: 572/800 | Reward:  285.90 | Temp: 0.010 | MA (100 ep):  232.98
2026-04-15 13:34:17,848 - Episodio: 573/800 | Reward:  204.37 | Temp: 0.010 | MA (100 ep):  232.21
2026-04-15 13:34:18,615 - Episodio: 574/800 | Reward:  278.27 | Temp: 0.010 | MA (100 ep):  232.22
2026-04-15 13:34:19,464 - Episodio: 575/800 | Reward:  303.53 | Temp: 0.010 | MA (100 ep):  235.53
2026-04-15 13:34:20,403 - Episodio: 576/800 | Reward:  296.00 | Temp: 0.010 | MA (100 ep):  235.82
2026-04-15 13:34:21,367 - Episodio: 577/800 | Reward:  238.05 | Temp: 0.010 | MA (100 ep):  235.76
2026-04-15 13:34:22,334 - Episodio: 578/800 | Reward:  260.48 | Temp: 0.010 | MA (100 ep):  235.75
2026-04-15 13:34:23,159 - Episodio: 579/800 | Reward:  250.97 | Temp: 0.010 | MA (100 ep):  235.58
2026-04-15 13:34:23,874 - Episodio: 580/800 | Reward:  287.64 | Temp: 0.010 | MA (100 ep):  235.79
2026-04-15 13:34:24,553 - Episodio: 581/800 | Reward:  301.47 | Temp: 0.010 | MA (100 ep):  237.02
2026-04-15 13:34:25,483 - Episodio: 582/800 | Reward:  297.58 | Temp: 0.010 | MA (100 ep):  239.74
2026-04-15 13:34:26,035 - Episodio: 583/800 | Reward:  267.07 | Temp: 0.010 | MA (100 ep):  242.31
2026-04-15 13:34:27,204 - Episodio: 584/800 | Reward:  271.99 | Temp: 0.010 | MA (100 ep):  242.98
2026-04-15 13:34:27,961 - Episodio: 585/800 | Reward:  213.88 | Temp: 0.010 | MA (100 ep):  242.44
2026-04-15 13:34:28,425 - Episodio: 586/800 | Reward:  -60.64 | Temp: 0.010 | MA (100 ep):  239.19
2026-04-15 13:34:29,171 - Episodio: 587/800 | Reward:  283.10 | Temp: 0.010 | MA (100 ep):  239.64
2026-04-15 13:34:29,966 - Episodio: 588/800 | Reward:  280.61 | Temp: 0.010 | MA (100 ep):  239.54
2026-04-15 13:34:30,641 - Episodio: 589/800 | Reward:  270.20 | Temp: 0.010 | MA (100 ep):  239.48
2026-04-15 13:34:31,440 - Episodio: 590/800 | Reward:  286.01 | Temp: 0.010 | MA (100 ep):  240.17
2026-04-15 13:34:32,099 - Episodio: 591/800 | Reward:  292.22 | Temp: 0.010 | MA (100 ep):  240.55
2026-04-15 13:34:32,758 - Episodio: 592/800 | Reward:  271.62 | Temp: 0.010 | MA (100 ep):  240.51
2026-04-15 13:34:33,717 - Episodio: 593/800 | Reward:  284.78 | Temp: 0.010 | MA (100 ep):  240.95
2026-04-15 13:34:34,497 - Episodio: 594/800 | Reward:  259.83 | Temp: 0.010 | MA (100 ep):  243.29
2026-04-15 13:34:35,109 - Episodio: 595/800 | Reward:   -0.18 | Temp: 0.010 | MA (100 ep):  240.58
2026-04-15 13:34:36,162 - Episodio: 596/800 | Reward:  245.40 | Temp: 0.010 | MA (100 ep):  240.48
2026-04-15 13:34:36,817 - Episodio: 597/800 | Reward:  265.71 | Temp: 0.010 | MA (100 ep):  240.39
2026-04-15 13:34:37,609 - Episodio: 598/800 | Reward:  276.99 | Temp: 0.010 | MA (100 ep):  240.80
2026-04-15 13:34:38,603 - Episodio: 599/800 | Reward:  236.62 | Temp: 0.010 | MA (100 ep):  240.72
2026-04-15 13:34:39,422 - Episodio: 600/800 | Reward:  313.59 | Temp: 0.010 | MA (100 ep):  241.44
2026-04-15 13:34:39,422 - --- Inizio Evaluation run all'Episodio 600 ---
2026-04-15 13:34:43,070 - *** EVALUATION | Epi: 600 | Mean Reward (50 Run):  238.27 ± 81.74 ***
2026-04-15 13:34:43,070 - --- Fine Evaluation ---
2026-04-15 13:34:43,731 - Episodio: 601/800 | Reward:  278.07 | Temp: 0.010 | MA (100 ep):  242.11
2026-04-15 13:34:44,692 - Episodio: 602/800 | Reward:  319.59 | Temp: 0.010 | MA (100 ep):  242.65
2026-04-15 13:34:45,316 - Episodio: 603/800 | Reward:  233.07 | Temp: 0.010 | MA (100 ep):  242.23
2026-04-15 13:34:46,240 - Episodio: 604/800 | Reward:  249.48 | Temp: 0.010 | MA (100 ep):  242.15
2026-04-15 13:34:46,847 - Episodio: 605/800 | Reward:  285.90 | Temp: 0.010 | MA (100 ep):  242.00
2026-04-15 13:34:47,666 - Episodio: 606/800 | Reward:  294.68 | Temp: 0.010 | MA (100 ep):  242.31
2026-04-15 13:34:48,772 - Episodio: 607/800 | Reward:  -25.22 | Temp: 0.010 | MA (100 ep):  239.58
2026-04-15 13:34:49,624 - Episodio: 608/800 | Reward:  286.88 | Temp: 0.010 | MA (100 ep):  239.83
2026-04-15 13:34:50,370 - Episodio: 609/800 | Reward:  269.71 | Temp: 0.010 | MA (100 ep):  240.80
2026-04-15 13:34:51,247 - Episodio: 610/800 | Reward:  278.66 | Temp: 0.010 | MA (100 ep):  240.89
2026-04-15 13:34:52,086 - Episodio: 611/800 | Reward:  263.71 | Temp: 0.010 | MA (100 ep):  240.52
2026-04-15 13:34:52,767 - Episodio: 612/800 | Reward:  282.90 | Temp: 0.010 | MA (100 ep):  240.77
2026-04-15 13:34:53,885 - Episodio: 613/800 | Reward:  297.73 | Temp: 0.010 | MA (100 ep):  241.16
2026-04-15 13:34:54,612 - Episodio: 614/800 | Reward:  249.60 | Temp: 0.010 | MA (100 ep):  241.05
2026-04-15 13:34:56,048 - Episodio: 615/800 | Reward:  280.76 | Temp: 0.010 | MA (100 ep):  241.14
2026-04-15 13:34:56,865 - Episodio: 616/800 | Reward:  304.91 | Temp: 0.010 | MA (100 ep):  241.83
2026-04-15 13:34:57,687 - Episodio: 617/800 | Reward:  268.39 | Temp: 0.010 | MA (100 ep):  242.14
2026-04-15 13:34:58,708 - Episodio: 618/800 | Reward:  294.98 | Temp: 0.010 | MA (100 ep):  242.69
2026-04-15 13:34:59,517 - Episodio: 619/800 | Reward:  299.83 | Temp: 0.010 | MA (100 ep):  245.60
2026-04-15 13:35:00,741 - Episodio: 620/800 | Reward:  277.27 | Temp: 0.010 | MA (100 ep):  245.81
2026-04-15 13:35:01,820 - Episodio: 621/800 | Reward:  258.55 | Temp: 0.010 | MA (100 ep):  245.54
2026-04-15 13:35:02,372 - Episodio: 622/800 | Reward:  283.49 | Temp: 0.010 | MA (100 ep):  245.82
2026-04-15 13:35:03,605 - Episodio: 623/800 | Reward:  244.89 | Temp: 0.010 | MA (100 ep):  245.57
2026-04-15 13:35:04,398 - Episodio: 624/800 | Reward:  236.64 | Temp: 0.010 | MA (100 ep):  245.23
2026-04-15 13:35:05,164 - Episodio: 625/800 | Reward:  281.19 | Temp: 0.010 | MA (100 ep):  245.67
2026-04-15 13:35:05,830 - Episodio: 626/800 | Reward:  260.93 | Temp: 0.010 | MA (100 ep):  245.41
2026-04-15 13:35:06,515 - Episodio: 627/800 | Reward:  307.64 | Temp: 0.010 | MA (100 ep):  245.47
2026-04-15 13:35:07,483 - Episodio: 628/800 | Reward:  285.12 | Temp: 0.010 | MA (100 ep):  249.00
2026-04-15 13:35:08,186 - Episodio: 629/800 | Reward:  271.35 | Temp: 0.010 | MA (100 ep):  249.09
2026-04-15 13:35:08,846 - Episodio: 630/800 | Reward:   79.67 | Temp: 0.010 | MA (100 ep):  247.18
2026-04-15 13:35:09,344 - Episodio: 631/800 | Reward:  288.34 | Temp: 0.010 | MA (100 ep):  248.54
2026-04-15 13:35:10,189 - Episodio: 632/800 | Reward:  245.40 | Temp: 0.010 | MA (100 ep):  248.47
2026-04-15 13:35:10,824 - Episodio: 633/800 | Reward:  241.96 | Temp: 0.010 | MA (100 ep):  248.20
2026-04-15 13:35:11,515 - Episodio: 634/800 | Reward:   73.72 | Temp: 0.010 | MA (100 ep):  246.35
2026-04-15 13:35:12,423 - Episodio: 635/800 | Reward:  293.32 | Temp: 0.010 | MA (100 ep):  246.72
2026-04-15 13:35:13,229 - Episodio: 636/800 | Reward:  295.78 | Temp: 0.010 | MA (100 ep):  246.72
2026-04-15 13:35:15,115 - Episodio: 637/800 | Reward:  287.72 | Temp: 0.010 | MA (100 ep):  246.90
2026-04-15 13:35:15,973 - Episodio: 638/800 | Reward:  317.31 | Temp: 0.010 | MA (100 ep):  247.25
2026-04-15 13:35:16,855 - Episodio: 639/800 | Reward:  285.53 | Temp: 0.010 | MA (100 ep):  247.65
2026-04-15 13:35:17,455 - Episodio: 640/800 | Reward:  266.82 | Temp: 0.010 | MA (100 ep):  247.51
2026-04-15 13:35:18,155 - Episodio: 641/800 | Reward:  262.93 | Temp: 0.010 | MA (100 ep):  247.28
2026-04-15 13:35:18,900 - Episodio: 642/800 | Reward:  260.85 | Temp: 0.010 | MA (100 ep):  247.28
2026-04-15 13:35:19,699 - Episodio: 643/800 | Reward:  288.13 | Temp: 0.010 | MA (100 ep):  248.40
2026-04-15 13:35:20,400 - Episodio: 644/800 | Reward:  255.34 | Temp: 0.010 | MA (100 ep):  248.06
2026-04-15 13:35:21,271 - Episodio: 645/800 | Reward:  291.86 | Temp: 0.010 | MA (100 ep):  248.46
2026-04-15 13:35:24,942 - Episodio: 646/800 | Reward:  127.69 | Temp: 0.010 | MA (100 ep):  247.02
2026-04-15 13:35:25,854 - Episodio: 647/800 | Reward:  290.23 | Temp: 0.010 | MA (100 ep):  247.21
2026-04-15 13:35:26,552 - Episodio: 648/800 | Reward:  249.99 | Temp: 0.010 | MA (100 ep):  247.03
2026-04-15 13:35:26,948 - Episodio: 649/800 | Reward:   61.69 | Temp: 0.010 | MA (100 ep):  244.98
2026-04-15 13:35:27,447 - Episodio: 650/800 | Reward:   66.35 | Temp: 0.010 | MA (100 ep):  243.40
2026-04-15 13:35:27,447 - --- Inizio Evaluation run all'Episodio 650 ---
2026-04-15 13:35:30,954 - *** EVALUATION | Epi: 650 | Mean Reward (50 Run):  244.82 ± 101.97 ***
2026-04-15 13:35:30,954 - --- Fine Evaluation ---
2026-04-15 13:35:31,983 - Episodio: 651/800 | Reward:  272.79 | Temp: 0.010 | MA (100 ep):  243.48
2026-04-15 13:35:32,712 - Episodio: 652/800 | Reward:  307.02 | Temp: 0.010 | MA (100 ep):  244.01
2026-04-15 13:35:33,471 - Episodio: 653/800 | Reward:  300.62 | Temp: 0.010 | MA (100 ep):  244.06
2026-04-15 13:35:34,357 - Episodio: 654/800 | Reward:  282.73 | Temp: 0.010 | MA (100 ep):  244.18
2026-04-15 13:35:35,366 - Episodio: 655/800 | Reward:  291.63 | Temp: 0.010 | MA (100 ep):  244.55
2026-04-15 13:35:36,198 - Episodio: 656/800 | Reward:  289.56 | Temp: 0.010 | MA (100 ep):  245.07
2026-04-15 13:35:36,881 - Episodio: 657/800 | Reward:  283.85 | Temp: 0.010 | MA (100 ep):  252.65
2026-04-15 13:35:37,598 - Episodio: 658/800 | Reward:  261.35 | Temp: 0.010 | MA (100 ep):  252.57
2026-04-15 13:35:38,404 - Episodio: 659/800 | Reward:  288.86 | Temp: 0.010 | MA (100 ep):  253.36
2026-04-15 13:35:39,220 - Episodio: 660/800 | Reward:  285.15 | Temp: 0.010 | MA (100 ep):  253.78
2026-04-15 13:35:39,993 - Episodio: 661/800 | Reward:  289.70 | Temp: 0.010 | MA (100 ep):  254.62
2026-04-15 13:35:41,163 - Episodio: 662/800 | Reward:  269.17 | Temp: 0.010 | MA (100 ep):  254.38
2026-04-15 13:35:41,914 - Episodio: 663/800 | Reward:  253.68 | Temp: 0.010 | MA (100 ep):  254.10
2026-04-15 13:35:42,531 - Episodio: 664/800 | Reward:  227.30 | Temp: 0.010 | MA (100 ep):  253.71
2026-04-15 13:35:43,138 - Episodio: 665/800 | Reward:  269.12 | Temp: 0.010 | MA (100 ep):  253.49
2026-04-15 13:35:44,158 - Episodio: 666/800 | Reward:  297.35 | Temp: 0.010 | MA (100 ep):  253.94
2026-04-15 13:35:44,757 - Episodio: 667/800 | Reward:  255.03 | Temp: 0.010 | MA (100 ep):  254.14
2026-04-15 13:35:45,484 - Episodio: 668/800 | Reward:  310.12 | Temp: 0.010 | MA (100 ep):  256.63
2026-04-15 13:35:46,372 - Episodio: 669/800 | Reward:  289.22 | Temp: 0.010 | MA (100 ep):  257.10
2026-04-15 13:35:47,025 - Episodio: 670/800 | Reward:  288.46 | Temp: 0.010 | MA (100 ep):  257.09
2026-04-15 13:35:47,974 - Episodio: 671/800 | Reward:  308.19 | Temp: 0.010 | MA (100 ep):  257.35
2026-04-15 13:35:48,709 - Episodio: 672/800 | Reward:  314.61 | Temp: 0.010 | MA (100 ep):  257.64
2026-04-15 13:35:49,343 - Episodio: 673/800 | Reward:  252.49 | Temp: 0.010 | MA (100 ep):  258.12
2026-04-15 13:35:50,250 - Episodio: 674/800 | Reward:  288.48 | Temp: 0.010 | MA (100 ep):  258.22
2026-04-15 13:35:50,942 - Episodio: 675/800 | Reward:  300.52 | Temp: 0.010 | MA (100 ep):  258.19
2026-04-15 13:35:51,966 - Episodio: 676/800 | Reward:  284.33 | Temp: 0.010 | MA (100 ep):  258.08
2026-04-15 13:35:52,726 - Episodio: 677/800 | Reward:  229.64 | Temp: 0.010 | MA (100 ep):  257.99
2026-04-15 13:35:53,646 - Episodio: 678/800 | Reward:  288.29 | Temp: 0.010 | MA (100 ep):  258.27
2026-04-15 13:35:54,452 - Episodio: 679/800 | Reward:  266.53 | Temp: 0.010 | MA (100 ep):  258.43
2026-04-15 13:35:55,112 - Episodio: 680/800 | Reward:  270.94 | Temp: 0.010 | MA (100 ep):  258.26
2026-04-15 13:35:55,937 - Episodio: 681/800 | Reward:  188.48 | Temp: 0.010 | MA (100 ep):  257.13
2026-04-15 13:35:56,567 - Episodio: 682/800 | Reward:  263.52 | Temp: 0.010 | MA (100 ep):  256.79
2026-04-15 13:35:57,185 - Episodio: 683/800 | Reward:  268.92 | Temp: 0.010 | MA (100 ep):  256.81
2026-04-15 13:35:57,834 - Episodio: 684/800 | Reward:  280.17 | Temp: 0.010 | MA (100 ep):  256.89
2026-04-15 13:35:58,575 - Episodio: 685/800 | Reward:  288.67 | Temp: 0.010 | MA (100 ep):  257.64
2026-04-15 13:35:59,459 - Episodio: 686/800 | Reward:  299.77 | Temp: 0.010 | MA (100 ep):  261.24
2026-04-15 13:36:00,193 - Episodio: 687/800 | Reward:  235.07 | Temp: 0.010 | MA (100 ep):  260.76
2026-04-15 13:36:00,807 - Episodio: 688/800 | Reward:  284.40 | Temp: 0.010 | MA (100 ep):  260.80
2026-04-15 13:36:01,551 - Episodio: 689/800 | Reward:  268.43 | Temp: 0.010 | MA (100 ep):  260.78
2026-04-15 13:36:02,403 - Episodio: 690/800 | Reward:  284.94 | Temp: 0.010 | MA (100 ep):  260.77
2026-04-15 13:36:03,047 - Episodio: 691/800 | Reward:  240.82 | Temp: 0.010 | MA (100 ep):  260.26
2026-04-15 13:36:03,836 - Episodio: 692/800 | Reward:  291.73 | Temp: 0.010 | MA (100 ep):  260.46
2026-04-15 13:36:04,431 - Episodio: 693/800 | Reward:  272.27 | Temp: 0.010 | MA (100 ep):  260.33
2026-04-15 13:36:05,050 - Episodio: 694/800 | Reward:  232.93 | Temp: 0.010 | MA (100 ep):  260.06
2026-04-15 13:36:05,871 - Episodio: 695/800 | Reward:  304.92 | Temp: 0.010 | MA (100 ep):  263.11
2026-04-15 13:36:06,732 - Episodio: 696/800 | Reward:  272.48 | Temp: 0.010 | MA (100 ep):  263.38
2026-04-15 13:36:07,591 - Episodio: 697/800 | Reward:  297.97 | Temp: 0.010 | MA (100 ep):  263.71
2026-04-15 13:36:08,410 - Episodio: 698/800 | Reward:  271.48 | Temp: 0.010 | MA (100 ep):  263.65
2026-04-15 13:36:09,139 - Episodio: 699/800 | Reward:  284.57 | Temp: 0.010 | MA (100 ep):  264.13
2026-04-15 13:36:09,865 - Episodio: 700/800 | Reward:  268.62 | Temp: 0.010 | MA (100 ep):  263.68
2026-04-15 13:36:09,865 - --- Inizio Evaluation run all'Episodio 700 ---
2026-04-15 13:36:13,798 - *** EVALUATION | Epi: 700 | Mean Reward (50 Run):  276.75 ± 36.73 ***
2026-04-15 13:36:13,798 - --- Fine Evaluation ---
2026-04-15 13:36:14,916 - Episodio: 701/800 | Reward:  271.07 | Temp: 0.010 | MA (100 ep):  263.61
2026-04-15 13:36:16,383 - Episodio: 702/800 | Reward:  250.96 | Temp: 0.010 | MA (100 ep):  262.93
2026-04-15 13:36:17,211 - Episodio: 703/800 | Reward:  305.79 | Temp: 0.010 | MA (100 ep):  263.65
2026-04-15 13:36:18,128 - Episodio: 704/800 | Reward:  300.91 | Temp: 0.010 | MA (100 ep):  264.17
2026-04-15 13:36:18,859 - Episodio: 705/800 | Reward:  268.12 | Temp: 0.010 | MA (100 ep):  263.99
2026-04-15 13:36:19,565 - Episodio: 706/800 | Reward:  305.15 | Temp: 0.010 | MA (100 ep):  264.09
2026-04-15 13:36:20,641 - Episodio: 707/800 | Reward:  264.35 | Temp: 0.010 | MA (100 ep):  266.99
2026-04-15 13:36:21,396 - Episodio: 708/800 | Reward:  281.75 | Temp: 0.010 | MA (100 ep):  266.94
2026-04-15 13:36:22,168 - Episodio: 709/800 | Reward:  262.40 | Temp: 0.010 | MA (100 ep):  266.87
2026-04-15 13:36:22,927 - Episodio: 710/800 | Reward:  281.91 | Temp: 0.010 | MA (100 ep):  266.90
2026-04-15 13:36:23,781 - Episodio: 711/800 | Reward:  315.26 | Temp: 0.010 | MA (100 ep):  267.41
2026-04-15 13:36:24,427 - Episodio: 712/800 | Reward:  272.65 | Temp: 0.010 | MA (100 ep):  267.31
2026-04-15 13:36:25,280 - Episodio: 713/800 | Reward:  276.76 | Temp: 0.010 | MA (100 ep):  267.10
2026-04-15 13:36:25,975 - Episodio: 714/800 | Reward:  280.86 | Temp: 0.010 | MA (100 ep):  267.41
2026-04-15 13:36:27,950 - Episodio: 715/800 | Reward:  252.53 | Temp: 0.010 | MA (100 ep):  267.13
2026-04-15 13:36:28,631 - Episodio: 716/800 | Reward:  254.77 | Temp: 0.010 | MA (100 ep):  266.63
2026-04-15 13:36:29,469 - Episodio: 717/800 | Reward:  304.18 | Temp: 0.010 | MA (100 ep):  266.99
2026-04-15 13:36:30,129 - Episodio: 718/800 | Reward:  223.01 | Temp: 0.010 | MA (100 ep):  266.27
2026-04-15 13:36:30,932 - Episodio: 719/800 | Reward:  299.74 | Temp: 0.010 | MA (100 ep):  266.27
2026-04-15 13:36:31,580 - Episodio: 720/800 | Reward:  273.98 | Temp: 0.010 | MA (100 ep):  266.23
2026-04-15 13:36:32,386 - Episodio: 721/800 | Reward:  264.49 | Temp: 0.010 | MA (100 ep):  266.29
2026-04-15 13:36:33,271 - Episodio: 722/800 | Reward:  293.09 | Temp: 0.010 | MA (100 ep):  266.39
2026-04-15 13:36:34,173 - Episodio: 723/800 | Reward:  304.38 | Temp: 0.010 | MA (100 ep):  266.98
2026-04-15 13:36:35,026 - Episodio: 724/800 | Reward:  297.31 | Temp: 0.010 | MA (100 ep):  267.59
2026-04-15 13:36:35,690 - Episodio: 725/800 | Reward:  273.47 | Temp: 0.010 | MA (100 ep):  267.51
2026-04-15 13:36:36,506 - Episodio: 726/800 | Reward:  314.45 | Temp: 0.010 | MA (100 ep):  268.05
2026-04-15 13:36:37,046 - Episodio: 727/800 | Reward:  264.51 | Temp: 0.010 | MA (100 ep):  267.62
2026-04-15 13:36:37,637 - Episodio: 728/800 | Reward:  282.44 | Temp: 0.010 | MA (100 ep):  267.59
2026-04-15 13:36:38,502 - Episodio: 729/800 | Reward:  310.78 | Temp: 0.010 | MA (100 ep):  267.99
2026-04-15 13:36:39,213 - Episodio: 730/800 | Reward:  292.02 | Temp: 0.010 | MA (100 ep):  270.11
2026-04-15 13:36:39,783 - Episodio: 731/800 | Reward:  255.63 | Temp: 0.010 | MA (100 ep):  269.78
2026-04-15 13:36:40,618 - Episodio: 732/800 | Reward:  303.60 | Temp: 0.010 | MA (100 ep):  270.36
2026-04-15 13:36:41,422 - Episodio: 733/800 | Reward:  281.49 | Temp: 0.010 | MA (100 ep):  270.76
2026-04-15 13:36:42,283 - Episodio: 734/800 | Reward:  280.66 | Temp: 0.010 | MA (100 ep):  272.83
2026-04-15 13:36:42,985 - Episodio: 735/800 | Reward:  266.92 | Temp: 0.010 | MA (100 ep):  272.56
2026-04-15 13:36:43,505 - Episodio: 736/800 | Reward:  258.90 | Temp: 0.010 | MA (100 ep):  272.20
2026-04-15 13:36:44,280 - Episodio: 737/800 | Reward:  292.26 | Temp: 0.010 | MA (100 ep):  272.24
2026-04-15 13:36:44,985 - Episodio: 738/800 | Reward:  272.60 | Temp: 0.010 | MA (100 ep):  271.79
2026-04-15 13:36:45,888 - Episodio: 739/800 | Reward:  296.83 | Temp: 0.010 | MA (100 ep):  271.91
2026-04-15 13:36:46,662 - Episodio: 740/800 | Reward:  294.53 | Temp: 0.010 | MA (100 ep):  272.18
2026-04-15 13:36:47,308 - Episodio: 741/800 | Reward:  290.88 | Temp: 0.010 | MA (100 ep):  272.46
2026-04-15 13:36:48,020 - Episodio: 742/800 | Reward:  288.05 | Temp: 0.010 | MA (100 ep):  272.74
2026-04-15 13:36:48,648 - Episodio: 743/800 | Reward:  248.32 | Temp: 0.010 | MA (100 ep):  272.34
2026-04-15 13:36:49,382 - Episodio: 744/800 | Reward:  297.24 | Temp: 0.010 | MA (100 ep):  272.76
2026-04-15 13:36:50,003 - Episodio: 745/800 | Reward:  246.09 | Temp: 0.010 | MA (100 ep):  272.30
2026-04-15 13:36:50,697 - Episodio: 746/800 | Reward:  287.99 | Temp: 0.010 | MA (100 ep):  273.90
2026-04-15 13:36:52,028 - Episodio: 747/800 | Reward:  266.92 | Temp: 0.010 | MA (100 ep):  273.67
2026-04-15 13:36:52,659 - Episodio: 748/800 | Reward:  268.37 | Temp: 0.010 | MA (100 ep):  273.85
2026-04-15 13:36:53,209 - Episodio: 749/800 | Reward:  273.12 | Temp: 0.010 | MA (100 ep):  275.97
2026-04-15 13:36:53,757 - Episodio: 750/800 | Reward:  271.54 | Temp: 0.010 | MA (100 ep):  278.02
2026-04-15 13:36:53,757 - --- Inizio Evaluation run all'Episodio 750 ---
2026-04-15 13:36:57,024 - *** EVALUATION | Epi: 750 | Mean Reward (50 Run):  215.12 ± 135.81 ***
2026-04-15 13:36:57,026 - --- Fine Evaluation ---
2026-04-15 13:36:57,873 - Episodio: 751/800 | Reward:  319.31 | Temp: 0.010 | MA (100 ep):  278.48
2026-04-15 13:36:58,586 - Episodio: 752/800 | Reward:  240.74 | Temp: 0.010 | MA (100 ep):  277.82
2026-04-15 13:36:59,215 - Episodio: 753/800 | Reward:  296.10 | Temp: 0.010 | MA (100 ep):  277.78
2026-04-15 13:36:59,902 - Episodio: 754/800 | Reward:  269.16 | Temp: 0.010 | MA (100 ep):  277.64
2026-04-15 13:37:00,556 - Episodio: 755/800 | Reward:  306.18 | Temp: 0.010 | MA (100 ep):  277.79
2026-04-15 13:37:01,176 - Episodio: 756/800 | Reward:  253.75 | Temp: 0.010 | MA (100 ep):  277.43
2026-04-15 13:37:01,881 - Episodio: 757/800 | Reward:  267.86 | Temp: 0.010 | MA (100 ep):  277.27
2026-04-15 13:37:02,661 - Episodio: 758/800 | Reward:   46.66 | Temp: 0.010 | MA (100 ep):  275.12
2026-04-15 13:37:03,297 - Episodio: 759/800 | Reward:  266.75 | Temp: 0.010 | MA (100 ep):  274.90
2026-04-15 13:37:04,072 - Episodio: 760/800 | Reward:  292.00 | Temp: 0.010 | MA (100 ep):  274.97
2026-04-15 13:37:04,814 - Episodio: 761/800 | Reward:  283.51 | Temp: 0.010 | MA (100 ep):  274.91
2026-04-15 13:37:05,667 - Episodio: 762/800 | Reward:  288.57 | Temp: 0.010 | MA (100 ep):  275.10
2026-04-15 13:37:06,583 - Episodio: 763/800 | Reward:  307.29 | Temp: 0.010 | MA (100 ep):  275.64
2026-04-15 13:37:07,166 - Episodio: 764/800 | Reward:  255.53 | Temp: 0.010 | MA (100 ep):  275.92
2026-04-15 13:37:07,849 - Episodio: 765/800 | Reward:  267.07 | Temp: 0.010 | MA (100 ep):  275.90
2026-04-15 13:37:08,440 - Episodio: 766/800 | Reward:  291.73 | Temp: 0.010 | MA (100 ep):  275.84
2026-04-15 13:37:09,111 - Episodio: 767/800 | Reward:  277.81 | Temp: 0.010 | MA (100 ep):  276.07
2026-04-15 13:37:09,851 - Episodio: 768/800 | Reward:  282.55 | Temp: 0.010 | MA (100 ep):  275.79
2026-04-15 13:37:10,481 - Episodio: 769/800 | Reward:  272.73 | Temp: 0.010 | MA (100 ep):  275.63
2026-04-15 13:37:11,247 - Episodio: 770/800 | Reward:  295.79 | Temp: 0.010 | MA (100 ep):  275.70
2026-04-15 13:37:11,870 - Episodio: 771/800 | Reward:  268.77 | Temp: 0.010 | MA (100 ep):  275.31
2026-04-15 13:37:12,639 - Episodio: 772/800 | Reward:  277.92 | Temp: 0.010 | MA (100 ep):  274.94
2026-04-15 13:37:13,397 - Episodio: 773/800 | Reward:  286.64 | Temp: 0.010 | MA (100 ep):  275.28
2026-04-15 13:37:15,344 - Episodio: 774/800 | Reward:  221.28 | Temp: 0.010 | MA (100 ep):  274.61
2026-04-15 13:37:16,117 - Episodio: 775/800 | Reward:  265.22 | Temp: 0.010 | MA (100 ep):  274.26
2026-04-15 13:37:17,080 - Episodio: 776/800 | Reward:  312.41 | Temp: 0.010 | MA (100 ep):  274.54
2026-04-15 13:37:17,838 - Episodio: 777/800 | Reward:  300.26 | Temp: 0.010 | MA (100 ep):  275.25
2026-04-15 13:37:18,133 - Episodio: 778/800 | Reward: -263.96 | Temp: 0.010 | MA (100 ep):  269.72
2026-04-15 13:37:19,288 - Episodio: 779/800 | Reward:  280.97 | Temp: 0.010 | MA (100 ep):  269.87
2026-04-15 13:37:20,361 - Episodio: 780/800 | Reward:  280.47 | Temp: 0.010 | MA (100 ep):  269.96
2026-04-15 13:37:21,040 - Episodio: 781/800 | Reward:  286.50 | Temp: 0.010 | MA (100 ep):  270.94
2026-04-15 13:37:21,751 - Episodio: 782/800 | Reward:  256.09 | Temp: 0.010 | MA (100 ep):  270.87
2026-04-15 13:37:22,444 - Episodio: 783/800 | Reward:  275.81 | Temp: 0.010 | MA (100 ep):  270.94
2026-04-15 13:37:23,031 - Episodio: 784/800 | Reward:  252.24 | Temp: 0.010 | MA (100 ep):  270.66
2026-04-15 13:37:23,675 - Episodio: 785/800 | Reward:  261.20 | Temp: 0.010 | MA (100 ep):  270.38
2026-04-15 13:37:24,434 - Episodio: 786/800 | Reward:  265.99 | Temp: 0.010 | MA (100 ep):  270.05
2026-04-15 13:37:25,316 - Episodio: 787/800 | Reward:  300.94 | Temp: 0.010 | MA (100 ep):  270.70
2026-04-15 13:37:25,963 - Episodio: 788/800 | Reward:  278.83 | Temp: 0.010 | MA (100 ep):  270.65
2026-04-15 13:37:26,213 - Episodio: 789/800 | Reward: -200.79 | Temp: 0.010 | MA (100 ep):  265.96
2026-04-15 13:37:27,239 - Episodio: 790/800 | Reward:  299.71 | Temp: 0.010 | MA (100 ep):  266.10
2026-04-15 13:37:28,142 - Episodio: 791/800 | Reward:  322.92 | Temp: 0.010 | MA (100 ep):  266.93
2026-04-15 13:37:28,699 - Episodio: 792/800 | Reward:  286.61 | Temp: 0.010 | MA (100 ep):  266.87
2026-04-15 13:37:29,313 - Episodio: 793/800 | Reward:  256.55 | Temp: 0.010 | MA (100 ep):  266.72
2026-04-15 13:37:30,098 - Episodio: 794/800 | Reward:  295.11 | Temp: 0.010 | MA (100 ep):  267.34
2026-04-15 13:37:30,655 - Episodio: 795/800 | Reward:  256.25 | Temp: 0.010 | MA (100 ep):  266.85
2026-04-15 13:37:31,190 - Episodio: 796/800 | Reward:  248.40 | Temp: 0.010 | MA (100 ep):  266.61
2026-04-15 13:37:31,836 - Episodio: 797/800 | Reward:  278.29 | Temp: 0.010 | MA (100 ep):  266.41
2026-04-15 13:37:32,502 - Episodio: 798/800 | Reward:  272.72 | Temp: 0.010 | MA (100 ep):  266.43
2026-04-15 13:37:33,294 - Episodio: 799/800 | Reward:  275.49 | Temp: 0.010 | MA (100 ep):  266.34
2026-04-15 13:37:34,030 - Episodio: 800/800 | Reward:  278.21 | Temp: 0.010 | MA (100 ep):  266.43
2026-04-15 13:37:34,030 - --- Inizio Evaluation run all'Episodio 800 ---
2026-04-15 13:37:37,055 - *** EVALUATION | Epi: 800 | Mean Reward (50 Run):  216.31 ± 166.60 ***
2026-04-15 13:37:37,055 - --- Fine Evaluation ---
2026-04-15 13:37:37,057 - Model run 3 saved in temp/model_expected_sarsa_run3_20260415_124055.pth.
2026-04-15 13:37:37,057 - ========== INIZIO RUN 4/5 ==========
2026-04-15 13:37:37,100 - Episodio: 001/800 | Reward: -137.93 | Temp: 0.992 | MA (100 ep): -137.93
2026-04-15 13:37:37,750 - Episodio: 002/800 | Reward: -253.61 | Temp: 0.984 | MA (100 ep): -195.77
2026-04-15 13:37:38,593 - Episodio: 003/800 | Reward: -206.04 | Temp: 0.976 | MA (100 ep): -199.20
2026-04-15 13:37:39,559 - Episodio: 004/800 | Reward: -201.13 | Temp: 0.968 | MA (100 ep): -199.68
2026-04-15 13:37:40,312 - Episodio: 005/800 | Reward: -277.10 | Temp: 0.961 | MA (100 ep): -215.16
2026-04-15 13:37:41,782 - Episodio: 006/800 | Reward: -290.63 | Temp: 0.953 | MA (100 ep): -227.74
2026-04-15 13:37:42,634 - Episodio: 007/800 | Reward:  -28.41 | Temp: 0.945 | MA (100 ep): -199.27
2026-04-15 13:37:43,029 - Episodio: 008/800 | Reward: -380.81 | Temp: 0.938 | MA (100 ep): -221.96
2026-04-15 13:37:43,722 - Episodio: 009/800 | Reward:  -56.29 | Temp: 0.930 | MA (100 ep): -203.55
2026-04-15 13:37:44,142 - Episodio: 010/800 | Reward: -242.79 | Temp: 0.923 | MA (100 ep): -207.48
2026-04-15 13:37:44,638 - Episodio: 011/800 | Reward: -118.60 | Temp: 0.915 | MA (100 ep): -199.40
2026-04-15 13:37:45,552 - Episodio: 012/800 | Reward:  -38.53 | Temp: 0.908 | MA (100 ep): -185.99
2026-04-15 13:37:46,490 - Episodio: 013/800 | Reward:  -10.03 | Temp: 0.901 | MA (100 ep): -172.46
2026-04-15 13:37:47,647 - Episodio: 014/800 | Reward: -126.41 | Temp: 0.894 | MA (100 ep): -169.17
2026-04-15 13:37:48,111 - Episodio: 015/800 | Reward: -188.53 | Temp: 0.886 | MA (100 ep): -170.46
2026-04-15 13:37:48,713 - Episodio: 016/800 | Reward: -125.13 | Temp: 0.879 | MA (100 ep): -167.62
2026-04-15 13:37:49,649 - Episodio: 017/800 | Reward: -135.91 | Temp: 0.872 | MA (100 ep): -165.76
2026-04-15 13:37:50,544 - Episodio: 018/800 | Reward: -138.89 | Temp: 0.865 | MA (100 ep): -164.27
2026-04-15 13:37:51,737 - Episodio: 019/800 | Reward: -506.86 | Temp: 0.858 | MA (100 ep): -182.30
2026-04-15 13:37:52,488 - Episodio: 020/800 | Reward:   11.81 | Temp: 0.852 | MA (100 ep): -172.59
2026-04-15 13:37:53,829 - Episodio: 021/800 | Reward: -130.39 | Temp: 0.845 | MA (100 ep): -170.58
2026-04-15 13:37:54,876 - Episodio: 022/800 | Reward:  -96.35 | Temp: 0.838 | MA (100 ep): -167.21
2026-04-15 13:37:56,089 - Episodio: 023/800 | Reward:  -85.84 | Temp: 0.831 | MA (100 ep): -163.67
2026-04-15 13:37:57,186 - Episodio: 024/800 | Reward:  -88.05 | Temp: 0.825 | MA (100 ep): -160.52
2026-04-15 13:37:59,404 - Episodio: 025/800 | Reward: -491.06 | Temp: 0.818 | MA (100 ep): -173.74
2026-04-15 13:38:00,287 - Episodio: 026/800 | Reward: -146.42 | Temp: 0.812 | MA (100 ep): -172.69
2026-04-15 13:38:01,374 - Episodio: 027/800 | Reward:  -85.94 | Temp: 0.805 | MA (100 ep): -169.48
2026-04-15 13:38:05,045 - Episodio: 028/800 | Reward:    9.02 | Temp: 0.799 | MA (100 ep): -163.10
2026-04-15 13:38:06,229 - Episodio: 029/800 | Reward: -103.17 | Temp: 0.792 | MA (100 ep): -161.04
2026-04-15 13:38:07,085 - Episodio: 030/800 | Reward:  -18.12 | Temp: 0.786 | MA (100 ep): -156.27
2026-04-15 13:38:07,923 - Episodio: 031/800 | Reward: -199.41 | Temp: 0.780 | MA (100 ep): -157.66
2026-04-15 13:38:09,485 - Episodio: 032/800 | Reward:  -50.69 | Temp: 0.773 | MA (100 ep): -154.32
2026-04-15 13:38:11,777 - Episodio: 033/800 | Reward: -336.27 | Temp: 0.767 | MA (100 ep): -159.83
2026-04-15 13:38:12,678 - Episodio: 034/800 | Reward:   34.64 | Temp: 0.761 | MA (100 ep): -154.11
2026-04-15 13:38:16,081 - Episodio: 035/800 | Reward:   -5.87 | Temp: 0.755 | MA (100 ep): -149.88
2026-04-15 13:38:16,917 - Episodio: 036/800 | Reward: -251.18 | Temp: 0.749 | MA (100 ep): -152.69
2026-04-15 13:38:20,264 - Episodio: 037/800 | Reward:  -92.17 | Temp: 0.743 | MA (100 ep): -151.06
2026-04-15 13:38:23,455 - Episodio: 038/800 | Reward: -523.08 | Temp: 0.737 | MA (100 ep): -160.85
2026-04-15 13:38:24,697 - Episodio: 039/800 | Reward:  -12.05 | Temp: 0.731 | MA (100 ep): -157.03
2026-04-15 13:38:24,887 - Episodio: 040/800 | Reward: -121.61 | Temp: 0.725 | MA (100 ep): -156.15
2026-04-15 13:38:28,615 - Episodio: 041/800 | Reward:   -6.17 | Temp: 0.719 | MA (100 ep): -152.49
2026-04-15 13:38:31,972 - Episodio: 042/800 | Reward: -151.45 | Temp: 0.714 | MA (100 ep): -152.46
2026-04-15 13:38:35,457 - Episodio: 043/800 | Reward:  -34.61 | Temp: 0.708 | MA (100 ep): -149.72
2026-04-15 13:38:36,533 - Episodio: 044/800 | Reward:  -32.99 | Temp: 0.702 | MA (100 ep): -147.07
2026-04-15 13:38:36,796 - Episodio: 045/800 | Reward:  -73.75 | Temp: 0.697 | MA (100 ep): -145.44
2026-04-15 13:38:38,565 - Episodio: 046/800 | Reward: -296.32 | Temp: 0.691 | MA (100 ep): -148.72
2026-04-15 13:38:41,963 - Episodio: 047/800 | Reward:  -82.78 | Temp: 0.686 | MA (100 ep): -147.32
2026-04-15 13:38:45,426 - Episodio: 048/800 | Reward:    9.45 | Temp: 0.680 | MA (100 ep): -144.05
2026-04-15 13:38:47,535 - Episodio: 049/800 | Reward: -358.02 | Temp: 0.675 | MA (100 ep): -148.42
2026-04-15 13:38:51,046 - Episodio: 050/800 | Reward:   27.43 | Temp: 0.669 | MA (100 ep): -144.90
2026-04-15 13:38:51,046 - --- Inizio Evaluation run all'Episodio 50 ---
2026-04-15 13:39:01,377 - *** EVALUATION | Epi: 050 | Mean Reward (50 Run): -159.95 ± 114.09 ***
2026-04-15 13:39:01,377 - --- Fine Evaluation ---
2026-04-15 13:39:02,249 - Episodio: 051/800 | Reward: -108.56 | Temp: 0.664 | MA (100 ep): -144.19
2026-04-15 13:39:02,847 - Episodio: 052/800 | Reward:   27.08 | Temp: 0.659 | MA (100 ep): -140.89
2026-04-15 13:39:06,268 - Episodio: 053/800 | Reward:   -5.50 | Temp: 0.653 | MA (100 ep): -138.34
2026-04-15 13:39:08,991 - Episodio: 054/800 | Reward: -155.90 | Temp: 0.648 | MA (100 ep): -138.67
2026-04-15 13:39:11,252 - Episodio: 055/800 | Reward:  212.70 | Temp: 0.643 | MA (100 ep): -132.28
2026-04-15 13:39:14,828 - Episodio: 056/800 | Reward:  -55.08 | Temp: 0.638 | MA (100 ep): -130.90
2026-04-15 13:39:18,456 - Episodio: 057/800 | Reward:  -18.14 | Temp: 0.633 | MA (100 ep): -128.92
2026-04-15 13:39:21,983 - Episodio: 058/800 | Reward:  -89.86 | Temp: 0.628 | MA (100 ep): -128.25
2026-04-15 13:39:24,090 - Episodio: 059/800 | Reward:  -57.25 | Temp: 0.623 | MA (100 ep): -127.04
2026-04-15 13:39:27,578 - Episodio: 060/800 | Reward:  -22.91 | Temp: 0.618 | MA (100 ep): -125.31
2026-04-15 13:39:31,141 - Episodio: 061/800 | Reward:    9.53 | Temp: 0.613 | MA (100 ep): -123.10
2026-04-15 13:39:34,629 - Episodio: 062/800 | Reward:  -63.35 | Temp: 0.608 | MA (100 ep): -122.13
2026-04-15 13:39:38,113 - Episodio: 063/800 | Reward:   21.55 | Temp: 0.603 | MA (100 ep): -119.85
2026-04-15 13:39:38,432 - Episodio: 064/800 | Reward:  -44.08 | Temp: 0.598 | MA (100 ep): -118.67
2026-04-15 13:39:41,993 - Episodio: 065/800 | Reward:   83.01 | Temp: 0.593 | MA (100 ep): -115.57
2026-04-15 13:39:45,592 - Episodio: 066/800 | Reward:   76.56 | Temp: 0.589 | MA (100 ep): -112.66
2026-04-15 13:39:48,281 - Episodio: 067/800 | Reward: -150.46 | Temp: 0.584 | MA (100 ep): -113.22
2026-04-15 13:39:51,972 - Episodio: 068/800 | Reward:  -58.39 | Temp: 0.579 | MA (100 ep): -112.41
2026-04-15 13:39:55,563 - Episodio: 069/800 | Reward:   52.74 | Temp: 0.575 | MA (100 ep): -110.02
2026-04-15 13:39:58,534 - Episodio: 070/800 | Reward:  219.69 | Temp: 0.570 | MA (100 ep): -105.31
2026-04-15 13:40:02,151 - Episodio: 071/800 | Reward:  -12.43 | Temp: 0.565 | MA (100 ep): -104.00
2026-04-15 13:40:05,660 - Episodio: 072/800 | Reward:  115.35 | Temp: 0.561 | MA (100 ep): -100.95
2026-04-15 13:40:09,235 - Episodio: 073/800 | Reward:   30.41 | Temp: 0.556 | MA (100 ep):  -99.16
2026-04-15 13:40:12,793 - Episodio: 074/800 | Reward:  119.01 | Temp: 0.552 | MA (100 ep):  -96.21
2026-04-15 13:40:16,321 - Episodio: 075/800 | Reward:  -50.29 | Temp: 0.547 | MA (100 ep):  -95.59
2026-04-15 13:40:20,059 - Episodio: 076/800 | Reward:   79.32 | Temp: 0.543 | MA (100 ep):  -93.29
2026-04-15 13:40:23,657 - Episodio: 077/800 | Reward:   40.95 | Temp: 0.539 | MA (100 ep):  -91.55
2026-04-15 13:40:24,618 - Episodio: 078/800 | Reward:  226.81 | Temp: 0.534 | MA (100 ep):  -87.47
2026-04-15 13:40:28,165 - Episodio: 079/800 | Reward:  -97.91 | Temp: 0.530 | MA (100 ep):  -87.60
2026-04-15 13:40:31,760 - Episodio: 080/800 | Reward:  -15.50 | Temp: 0.526 | MA (100 ep):  -86.70
2026-04-15 13:40:32,803 - Episodio: 081/800 | Reward:  270.75 | Temp: 0.522 | MA (100 ep):  -82.29
2026-04-15 13:40:36,352 - Episodio: 082/800 | Reward:   88.77 | Temp: 0.518 | MA (100 ep):  -80.20
2026-04-15 13:40:36,797 - Episodio: 083/800 | Reward:   13.37 | Temp: 0.513 | MA (100 ep):  -79.07
2026-04-15 13:40:40,422 - Episodio: 084/800 | Reward:   88.39 | Temp: 0.509 | MA (100 ep):  -77.08
2026-04-15 13:40:44,001 - Episodio: 085/800 | Reward:  102.22 | Temp: 0.505 | MA (100 ep):  -74.97
2026-04-15 13:40:44,367 - Episodio: 086/800 | Reward: -175.58 | Temp: 0.501 | MA (100 ep):  -76.14
2026-04-15 13:40:47,986 - Episodio: 087/800 | Reward:   17.51 | Temp: 0.497 | MA (100 ep):  -75.06
2026-04-15 13:40:48,488 - Episodio: 088/800 | Reward:    6.16 | Temp: 0.493 | MA (100 ep):  -74.14
2026-04-15 13:40:51,977 - Episodio: 089/800 | Reward:  211.52 | Temp: 0.489 | MA (100 ep):  -70.93
2026-04-15 13:40:54,821 - Episodio: 090/800 | Reward:  178.52 | Temp: 0.485 | MA (100 ep):  -68.16
2026-04-15 13:40:55,047 - Episodio: 091/800 | Reward: -122.92 | Temp: 0.481 | MA (100 ep):  -68.76
2026-04-15 13:40:58,051 - Episodio: 092/800 | Reward:  192.81 | Temp: 0.478 | MA (100 ep):  -65.92
2026-04-15 13:41:01,558 - Episodio: 093/800 | Reward: -114.56 | Temp: 0.474 | MA (100 ep):  -66.44
2026-04-15 13:41:05,264 - Episodio: 094/800 | Reward:  141.86 | Temp: 0.470 | MA (100 ep):  -64.22
2026-04-15 13:41:08,869 - Episodio: 095/800 | Reward:   73.37 | Temp: 0.466 | MA (100 ep):  -62.78
2026-04-15 13:41:12,430 - Episodio: 096/800 | Reward:  115.15 | Temp: 0.463 | MA (100 ep):  -60.92
2026-04-15 13:41:13,391 - Episodio: 097/800 | Reward:  237.15 | Temp: 0.459 | MA (100 ep):  -57.85
2026-04-15 13:41:16,916 - Episodio: 098/800 | Reward:   75.72 | Temp: 0.455 | MA (100 ep):  -56.49
2026-04-15 13:41:20,580 - Episodio: 099/800 | Reward:   97.16 | Temp: 0.451 | MA (100 ep):  -54.94
2026-04-15 13:41:24,156 - Episodio: 100/800 | Reward:   53.84 | Temp: 0.448 | MA (100 ep):  -53.85
2026-04-15 13:41:24,156 - --- Inizio Evaluation run all'Episodio 100 ---
2026-04-15 13:41:30,812 - *** EVALUATION | Epi: 100 | Mean Reward (50 Run):  136.13 ± 147.88 ***
2026-04-15 13:41:30,812 - --- Fine Evaluation ---
2026-04-15 13:41:34,379 - Episodio: 101/800 | Reward:   77.39 | Temp: 0.444 | MA (100 ep):  -51.69
2026-04-15 13:41:38,066 - Episodio: 102/800 | Reward:   49.68 | Temp: 0.441 | MA (100 ep):  -48.66
2026-04-15 13:41:38,598 - Episodio: 103/800 | Reward:   41.56 | Temp: 0.437 | MA (100 ep):  -46.19
2026-04-15 13:41:42,097 - Episodio: 104/800 | Reward:   91.36 | Temp: 0.434 | MA (100 ep):  -43.26
2026-04-15 13:41:45,793 - Episodio: 105/800 | Reward:  -44.79 | Temp: 0.430 | MA (100 ep):  -40.94
2026-04-15 13:41:49,481 - Episodio: 106/800 | Reward:   97.29 | Temp: 0.427 | MA (100 ep):  -37.06
2026-04-15 13:41:50,100 - Episodio: 107/800 | Reward:   44.06 | Temp: 0.423 | MA (100 ep):  -36.33
2026-04-15 13:41:50,448 - Episodio: 108/800 | Reward:    5.73 | Temp: 0.420 | MA (100 ep):  -32.47
2026-04-15 13:41:50,780 - Episodio: 109/800 | Reward:   -4.21 | Temp: 0.417 | MA (100 ep):  -31.95
2026-04-15 13:41:51,147 - Episodio: 110/800 | Reward:    4.62 | Temp: 0.413 | MA (100 ep):  -29.47
2026-04-15 13:41:54,835 - Episodio: 111/800 | Reward:  157.18 | Temp: 0.410 | MA (100 ep):  -26.71
2026-04-15 13:41:55,306 - Episodio: 112/800 | Reward:   51.37 | Temp: 0.407 | MA (100 ep):  -25.82
2026-04-15 13:41:55,865 - Episodio: 113/800 | Reward:   62.30 | Temp: 0.403 | MA (100 ep):  -25.09
2026-04-15 13:41:56,259 - Episodio: 114/800 | Reward:   11.38 | Temp: 0.400 | MA (100 ep):  -23.71
2026-04-15 13:41:59,768 - Episodio: 115/800 | Reward:  -26.25 | Temp: 0.397 | MA (100 ep):  -22.09
2026-04-15 13:42:03,471 - Episodio: 116/800 | Reward:   34.04 | Temp: 0.394 | MA (100 ep):  -20.50
2026-04-15 13:42:07,039 - Episodio: 117/800 | Reward:  102.71 | Temp: 0.391 | MA (100 ep):  -18.11
2026-04-15 13:42:10,724 - Episodio: 118/800 | Reward:   13.00 | Temp: 0.388 | MA (100 ep):  -16.60
2026-04-15 13:42:14,232 - Episodio: 119/800 | Reward:   57.83 | Temp: 0.384 | MA (100 ep):  -10.95
2026-04-15 13:42:14,675 - Episodio: 120/800 | Reward:    9.84 | Temp: 0.381 | MA (100 ep):  -10.97
2026-04-15 13:42:15,894 - Episodio: 121/800 | Reward:  289.06 | Temp: 0.378 | MA (100 ep):   -6.77
2026-04-15 13:42:17,456 - Episodio: 122/800 | Reward:  202.13 | Temp: 0.375 | MA (100 ep):   -3.79
2026-04-15 13:42:18,854 - Episodio: 123/800 | Reward:  233.69 | Temp: 0.372 | MA (100 ep):   -0.59
2026-04-15 13:42:22,476 - Episodio: 124/800 | Reward:   94.01 | Temp: 0.369 | MA (100 ep):    1.23
2026-04-15 13:42:26,184 - Episodio: 125/800 | Reward:  155.16 | Temp: 0.366 | MA (100 ep):    7.69
2026-04-15 13:42:29,947 - Episodio: 126/800 | Reward:   75.79 | Temp: 0.363 | MA (100 ep):    9.91
2026-04-15 13:42:33,606 - Episodio: 127/800 | Reward:   78.60 | Temp: 0.361 | MA (100 ep):   11.56
2026-04-15 13:42:37,205 - Episodio: 128/800 | Reward:  128.81 | Temp: 0.358 | MA (100 ep):   12.75
2026-04-15 13:42:40,797 - Episodio: 129/800 | Reward:   96.81 | Temp: 0.355 | MA (100 ep):   14.75
2026-04-15 13:42:41,807 - Episodio: 130/800 | Reward:  242.30 | Temp: 0.352 | MA (100 ep):   17.36
2026-04-15 13:42:45,468 - Episodio: 131/800 | Reward:   70.78 | Temp: 0.349 | MA (100 ep):   20.06
2026-04-15 13:42:49,097 - Episodio: 132/800 | Reward:  102.93 | Temp: 0.346 | MA (100 ep):   21.60
2026-04-15 13:42:50,107 - Episodio: 133/800 | Reward:  241.23 | Temp: 0.344 | MA (100 ep):   27.37
2026-04-15 13:42:53,750 - Episodio: 134/800 | Reward:  146.29 | Temp: 0.341 | MA (100 ep):   28.49
2026-04-15 13:42:57,349 - Episodio: 135/800 | Reward:   56.92 | Temp: 0.338 | MA (100 ep):   29.12
2026-04-15 13:42:58,223 - Episodio: 136/800 | Reward:  -39.04 | Temp: 0.335 | MA (100 ep):   31.24
2026-04-15 13:42:58,753 - Episodio: 137/800 | Reward:   68.78 | Temp: 0.333 | MA (100 ep):   32.85
2026-04-15 13:43:02,313 - Episodio: 138/800 | Reward:   95.70 | Temp: 0.330 | MA (100 ep):   39.04
2026-04-15 13:43:05,744 - Episodio: 139/800 | Reward:   67.59 | Temp: 0.327 | MA (100 ep):   39.83
2026-04-15 13:43:09,448 - Episodio: 140/800 | Reward:   48.62 | Temp: 0.325 | MA (100 ep):   41.53
2026-04-15 13:43:13,110 - Episodio: 141/800 | Reward:   75.05 | Temp: 0.322 | MA (100 ep):   42.35
2026-04-15 13:43:16,750 - Episodio: 142/800 | Reward:   84.94 | Temp: 0.320 | MA (100 ep):   44.71
2026-04-15 13:43:20,396 - Episodio: 143/800 | Reward:   49.86 | Temp: 0.317 | MA (100 ep):   45.55
2026-04-15 13:43:22,042 - Episodio: 144/800 | Reward:  231.84 | Temp: 0.315 | MA (100 ep):   48.20
2026-04-15 13:43:22,725 - Episodio: 145/800 | Reward:   40.15 | Temp: 0.312 | MA (100 ep):   49.34
2026-04-15 13:43:26,399 - Episodio: 146/800 | Reward:   45.64 | Temp: 0.310 | MA (100 ep):   52.76
2026-04-15 13:43:27,511 - Episodio: 147/800 | Reward:  266.94 | Temp: 0.307 | MA (100 ep):   56.26
2026-04-15 13:43:31,221 - Episodio: 148/800 | Reward:   91.34 | Temp: 0.305 | MA (100 ep):   57.08
2026-04-15 13:43:34,952 - Episodio: 149/800 | Reward:  144.85 | Temp: 0.302 | MA (100 ep):   62.11
2026-04-15 13:43:38,551 - Episodio: 150/800 | Reward:   40.84 | Temp: 0.300 | MA (100 ep):   62.24
2026-04-15 13:43:38,551 - --- Inizio Evaluation run all'Episodio 150 ---
2026-04-15 13:43:49,647 - *** EVALUATION | Epi: 150 | Mean Reward (50 Run):   75.29 ± 122.82 ***
2026-04-15 13:43:49,647 - --- Fine Evaluation ---
2026-04-15 13:43:53,382 - Episodio: 151/800 | Reward:   55.60 | Temp: 0.297 | MA (100 ep):   63.88
2026-04-15 13:43:57,066 - Episodio: 152/800 | Reward:   41.30 | Temp: 0.295 | MA (100 ep):   64.02
2026-04-15 13:43:57,936 - Episodio: 153/800 | Reward:   -9.43 | Temp: 0.293 | MA (100 ep):   63.98
2026-04-15 13:44:01,512 - Episodio: 154/800 | Reward:   46.50 | Temp: 0.290 | MA (100 ep):   66.01
2026-04-15 13:44:05,179 - Episodio: 155/800 | Reward:   21.00 | Temp: 0.288 | MA (100 ep):   64.09
2026-04-15 13:44:08,808 - Episodio: 156/800 | Reward:   54.28 | Temp: 0.286 | MA (100 ep):   65.19
2026-04-15 13:44:12,522 - Episodio: 157/800 | Reward:   34.09 | Temp: 0.283 | MA (100 ep):   65.71
2026-04-15 13:44:16,166 - Episodio: 158/800 | Reward:   28.46 | Temp: 0.281 | MA (100 ep):   66.89
2026-04-15 13:44:16,545 - Episodio: 159/800 | Reward:   43.34 | Temp: 0.279 | MA (100 ep):   67.90
2026-04-15 13:44:20,240 - Episodio: 160/800 | Reward:   96.32 | Temp: 0.277 | MA (100 ep):   69.09
2026-04-15 13:44:23,894 - Episodio: 161/800 | Reward:   85.34 | Temp: 0.274 | MA (100 ep):   69.85
2026-04-15 13:44:27,513 - Episodio: 162/800 | Reward:   41.06 | Temp: 0.272 | MA (100 ep):   70.89
2026-04-15 13:44:31,166 - Episodio: 163/800 | Reward:   45.83 | Temp: 0.270 | MA (100 ep):   71.13
2026-04-15 13:44:31,853 - Episodio: 164/800 | Reward:  -30.57 | Temp: 0.268 | MA (100 ep):   71.27
2026-04-15 13:44:34,118 - Episodio: 165/800 | Reward:  223.54 | Temp: 0.266 | MA (100 ep):   72.67
2026-04-15 13:44:37,871 - Episodio: 166/800 | Reward:   72.04 | Temp: 0.264 | MA (100 ep):   72.63
2026-04-15 13:44:41,452 - Episodio: 167/800 | Reward:   82.65 | Temp: 0.261 | MA (100 ep):   74.96
2026-04-15 13:44:45,085 - Episodio: 168/800 | Reward:   78.36 | Temp: 0.259 | MA (100 ep):   76.33
2026-04-15 13:44:45,596 - Episodio: 169/800 | Reward:   47.72 | Temp: 0.257 | MA (100 ep):   76.28
2026-04-15 13:44:46,611 - Episodio: 170/800 | Reward:  271.95 | Temp: 0.255 | MA (100 ep):   76.80
2026-04-15 13:44:50,302 - Episodio: 171/800 | Reward:   37.25 | Temp: 0.253 | MA (100 ep):   77.30
2026-04-15 13:44:53,108 - Episodio: 172/800 | Reward:  -36.89 | Temp: 0.251 | MA (100 ep):   75.77
2026-04-15 13:44:54,311 - Episodio: 173/800 | Reward:  252.98 | Temp: 0.249 | MA (100 ep):   78.00
2026-04-15 13:44:57,926 - Episodio: 174/800 | Reward:   73.55 | Temp: 0.247 | MA (100 ep):   77.55
2026-04-15 13:44:59,680 - Episodio: 175/800 | Reward:  239.44 | Temp: 0.245 | MA (100 ep):   80.44
2026-04-15 13:45:00,077 - Episodio: 176/800 | Reward:   33.75 | Temp: 0.243 | MA (100 ep):   79.99
2026-04-15 13:45:00,618 - Episodio: 177/800 | Reward:   43.22 | Temp: 0.241 | MA (100 ep):   80.01
2026-04-15 13:45:04,258 - Episodio: 178/800 | Reward:   50.43 | Temp: 0.239 | MA (100 ep):   78.25
2026-04-15 13:45:07,898 - Episodio: 179/800 | Reward:   54.59 | Temp: 0.237 | MA (100 ep):   79.77
2026-04-15 13:45:09,577 - Episodio: 180/800 | Reward: -260.88 | Temp: 0.236 | MA (100 ep):   77.32
2026-04-15 13:45:13,195 - Episodio: 181/800 | Reward:   74.43 | Temp: 0.234 | MA (100 ep):   75.35
2026-04-15 13:45:14,121 - Episodio: 182/800 | Reward:  272.36 | Temp: 0.232 | MA (100 ep):   77.19
2026-04-15 13:45:17,744 - Episodio: 183/800 | Reward:   58.58 | Temp: 0.230 | MA (100 ep):   77.64
2026-04-15 13:45:21,330 - Episodio: 184/800 | Reward:   73.27 | Temp: 0.228 | MA (100 ep):   77.49
2026-04-15 13:45:24,975 - Episodio: 185/800 | Reward:   67.53 | Temp: 0.226 | MA (100 ep):   77.14
2026-04-15 13:45:25,978 - Episodio: 186/800 | Reward:  277.48 | Temp: 0.224 | MA (100 ep):   81.67
2026-04-15 13:45:29,407 - Episodio: 187/800 | Reward:  111.32 | Temp: 0.223 | MA (100 ep):   82.61
2026-04-15 13:45:30,084 - Episodio: 188/800 | Reward:   41.26 | Temp: 0.221 | MA (100 ep):   82.96
2026-04-15 13:45:33,744 - Episodio: 189/800 | Reward:   47.25 | Temp: 0.219 | MA (100 ep):   81.32
2026-04-15 13:45:37,282 - Episodio: 190/800 | Reward:   80.02 | Temp: 0.217 | MA (100 ep):   80.34
2026-04-15 13:45:37,818 - Episodio: 191/800 | Reward:  -33.02 | Temp: 0.216 | MA (100 ep):   81.23
2026-04-15 13:45:41,525 - Episodio: 192/800 | Reward:   69.45 | Temp: 0.214 | MA (100 ep):   80.00
2026-04-15 13:45:45,275 - Episodio: 193/800 | Reward:   60.25 | Temp: 0.212 | MA (100 ep):   81.75
2026-04-15 13:45:48,921 - Episodio: 194/800 | Reward:  122.29 | Temp: 0.211 | MA (100 ep):   81.55
2026-04-15 13:45:49,522 - Episodio: 195/800 | Reward: -202.91 | Temp: 0.209 | MA (100 ep):   78.79
2026-04-15 13:45:53,195 - Episodio: 196/800 | Reward:   87.59 | Temp: 0.207 | MA (100 ep):   78.52
2026-04-15 13:45:55,193 - Episodio: 197/800 | Reward: -161.39 | Temp: 0.205 | MA (100 ep):   74.53
2026-04-15 13:45:58,220 - Episodio: 198/800 | Reward:  182.21 | Temp: 0.204 | MA (100 ep):   75.59
2026-04-15 13:46:01,003 - Episodio: 199/800 | Reward:  197.81 | Temp: 0.202 | MA (100 ep):   76.60
2026-04-15 13:46:02,047 - Episodio: 200/800 | Reward:  305.96 | Temp: 0.201 | MA (100 ep):   79.12
2026-04-15 13:46:02,047 - --- Inizio Evaluation run all'Episodio 200 ---
2026-04-15 13:46:07,682 - *** EVALUATION | Epi: 200 | Mean Reward (50 Run):  105.76 ± 128.97 ***
2026-04-15 13:46:07,682 - --- Fine Evaluation ---
2026-04-15 13:46:08,853 - Episodio: 201/800 | Reward:  260.02 | Temp: 0.199 | MA (100 ep):   80.95
2026-04-15 13:46:09,765 - Episodio: 202/800 | Reward:  260.10 | Temp: 0.197 | MA (100 ep):   83.05
2026-04-15 13:46:10,839 - Episodio: 203/800 | Reward:  280.52 | Temp: 0.196 | MA (100 ep):   85.44
2026-04-15 13:46:11,535 - Episodio: 204/800 | Reward:  277.54 | Temp: 0.194 | MA (100 ep):   87.30
2026-04-15 13:46:15,252 - Episodio: 205/800 | Reward:  107.10 | Temp: 0.193 | MA (100 ep):   88.82
2026-04-15 13:46:16,319 - Episodio: 206/800 | Reward:  228.44 | Temp: 0.191 | MA (100 ep):   90.13
2026-04-15 13:46:19,331 - Episodio: 207/800 | Reward:  256.75 | Temp: 0.190 | MA (100 ep):   92.26
2026-04-15 13:46:19,787 - Episodio: 208/800 | Reward:  -55.15 | Temp: 0.188 | MA (100 ep):   91.65
2026-04-15 13:46:21,277 - Episodio: 209/800 | Reward:  -18.72 | Temp: 0.187 | MA (100 ep):   91.51
2026-04-15 13:46:21,936 - Episodio: 210/800 | Reward:   13.16 | Temp: 0.185 | MA (100 ep):   91.59
2026-04-15 13:46:22,993 - Episodio: 211/800 | Reward:  193.74 | Temp: 0.184 | MA (100 ep):   91.96
2026-04-15 13:46:23,568 - Episodio: 212/800 | Reward:  294.93 | Temp: 0.182 | MA (100 ep):   94.39
2026-04-15 13:46:24,084 - Episodio: 213/800 | Reward:   51.04 | Temp: 0.181 | MA (100 ep):   94.28
2026-04-15 13:46:24,583 - Episodio: 214/800 | Reward:   34.83 | Temp: 0.179 | MA (100 ep):   94.52
2026-04-15 13:46:25,042 - Episodio: 215/800 | Reward:   56.90 | Temp: 0.178 | MA (100 ep):   95.35
2026-04-15 13:46:26,135 - Episodio: 216/800 | Reward:  304.80 | Temp: 0.176 | MA (100 ep):   98.06
2026-04-15 13:46:26,925 - Episodio: 217/800 | Reward:  247.90 | Temp: 0.175 | MA (100 ep):   99.51
2026-04-15 13:46:27,533 - Episodio: 218/800 | Reward:  -56.86 | Temp: 0.174 | MA (100 ep):   98.81
2026-04-15 13:46:28,139 - Episodio: 219/800 | Reward:   42.43 | Temp: 0.172 | MA (100 ep):   98.65
2026-04-15 13:46:29,106 - Episodio: 220/800 | Reward:  267.60 | Temp: 0.171 | MA (100 ep):  101.23
2026-04-15 13:46:31,353 - Episodio: 221/800 | Reward:  258.41 | Temp: 0.169 | MA (100 ep):  100.93
2026-04-15 13:46:32,094 - Episodio: 222/800 | Reward:  311.75 | Temp: 0.168 | MA (100 ep):  102.02
2026-04-15 13:46:32,616 - Episodio: 223/800 | Reward:   65.41 | Temp: 0.167 | MA (100 ep):  100.34
2026-04-15 13:46:33,541 - Episodio: 224/800 | Reward:  282.17 | Temp: 0.165 | MA (100 ep):  102.22
2026-04-15 13:46:34,920 - Episodio: 225/800 | Reward:  202.72 | Temp: 0.164 | MA (100 ep):  102.70
2026-04-15 13:46:35,485 - Episodio: 226/800 | Reward:   -8.16 | Temp: 0.163 | MA (100 ep):  101.86
2026-04-15 13:46:35,910 - Episodio: 227/800 | Reward:   20.25 | Temp: 0.161 | MA (100 ep):  101.27
2026-04-15 13:46:36,928 - Episodio: 228/800 | Reward:  287.67 | Temp: 0.160 | MA (100 ep):  102.86
2026-04-15 13:46:37,737 - Episodio: 229/800 | Reward:  271.60 | Temp: 0.159 | MA (100 ep):  104.61
2026-04-15 13:46:38,163 - Episodio: 230/800 | Reward:   20.12 | Temp: 0.158 | MA (100 ep):  102.39
2026-04-15 13:46:38,604 - Episodio: 231/800 | Reward:  -35.02 | Temp: 0.156 | MA (100 ep):  101.33
2026-04-15 13:46:39,568 - Episodio: 232/800 | Reward:  246.25 | Temp: 0.155 | MA (100 ep):  102.76
2026-04-15 13:46:42,641 - Episodio: 233/800 | Reward:  176.56 | Temp: 0.154 | MA (100 ep):  102.12
2026-04-15 13:46:43,749 - Episodio: 234/800 | Reward:  284.22 | Temp: 0.153 | MA (100 ep):  103.50
2026-04-15 13:46:44,498 - Episodio: 235/800 | Reward:  287.55 | Temp: 0.151 | MA (100 ep):  105.80
2026-04-15 13:46:45,138 - Episodio: 236/800 | Reward:  248.02 | Temp: 0.150 | MA (100 ep):  108.67
2026-04-15 13:46:45,720 - Episodio: 237/800 | Reward:   83.70 | Temp: 0.149 | MA (100 ep):  108.82
2026-04-15 13:46:46,737 - Episodio: 238/800 | Reward:  274.90 | Temp: 0.148 | MA (100 ep):  110.61
2026-04-15 13:46:47,356 - Episodio: 239/800 | Reward:  238.89 | Temp: 0.147 | MA (100 ep):  112.33
2026-04-15 13:46:48,034 - Episodio: 240/800 | Reward:  249.97 | Temp: 0.145 | MA (100 ep):  114.34
2026-04-15 13:46:48,931 - Episodio: 241/800 | Reward:  234.30 | Temp: 0.144 | MA (100 ep):  115.93
2026-04-15 13:46:49,653 - Episodio: 242/800 | Reward:   59.48 | Temp: 0.143 | MA (100 ep):  115.68
2026-04-15 13:46:50,049 - Episodio: 243/800 | Reward:    5.37 | Temp: 0.142 | MA (100 ep):  115.23
2026-04-15 13:46:50,973 - Episodio: 244/800 | Reward:  299.30 | Temp: 0.141 | MA (100 ep):  115.91
2026-04-15 13:46:51,344 - Episodio: 245/800 | Reward:   42.73 | Temp: 0.140 | MA (100 ep):  115.93
2026-04-15 13:46:51,726 - Episodio: 246/800 | Reward:   15.92 | Temp: 0.139 | MA (100 ep):  115.64
2026-04-15 13:46:54,276 - Episodio: 247/800 | Reward:  227.15 | Temp: 0.138 | MA (100 ep):  115.24
2026-04-15 13:46:54,774 - Episodio: 248/800 | Reward:   13.89 | Temp: 0.136 | MA (100 ep):  114.46
2026-04-15 13:46:55,440 - Episodio: 249/800 | Reward:  245.72 | Temp: 0.135 | MA (100 ep):  115.47
2026-04-15 13:46:55,901 - Episodio: 250/800 | Reward:    0.37 | Temp: 0.134 | MA (100 ep):  115.07
2026-04-15 13:46:55,901 - --- Inizio Evaluation run all'Episodio 250 ---
2026-04-15 13:46:59,571 - *** EVALUATION | Epi: 250 | Mean Reward (50 Run):  219.01 ± 105.95 ***
2026-04-15 13:46:59,571 - --- Fine Evaluation ---
2026-04-15 13:47:00,383 - Episodio: 251/800 | Reward:  279.75 | Temp: 0.133 | MA (100 ep):  117.31
2026-04-15 13:47:02,072 - Episodio: 252/800 | Reward:  270.36 | Temp: 0.132 | MA (100 ep):  119.60
2026-04-15 13:47:03,003 - Episodio: 253/800 | Reward:  263.36 | Temp: 0.131 | MA (100 ep):  122.33
2026-04-15 13:47:05,010 - Episodio: 254/800 | Reward:  228.54 | Temp: 0.130 | MA (100 ep):  124.15
2026-04-15 13:47:05,474 - Episodio: 255/800 | Reward:   14.79 | Temp: 0.129 | MA (100 ep):  124.09
2026-04-15 13:47:08,243 - Episodio: 256/800 | Reward:  230.51 | Temp: 0.128 | MA (100 ep):  125.85
2026-04-15 13:47:08,590 - Episodio: 257/800 | Reward:   22.98 | Temp: 0.127 | MA (100 ep):  125.74
2026-04-15 13:47:09,347 - Episodio: 258/800 | Reward:  228.73 | Temp: 0.126 | MA (100 ep):  127.74
2026-04-15 13:47:10,347 - Episodio: 259/800 | Reward:  254.87 | Temp: 0.125 | MA (100 ep):  129.86
2026-04-15 13:47:11,716 - Episodio: 260/800 | Reward:  278.55 | Temp: 0.124 | MA (100 ep):  131.68
2026-04-15 13:47:12,386 - Episodio: 261/800 | Reward:  277.25 | Temp: 0.123 | MA (100 ep):  133.60
2026-04-15 13:47:15,904 - Episodio: 262/800 | Reward:  259.63 | Temp: 0.122 | MA (100 ep):  135.78
2026-04-15 13:47:16,839 - Episodio: 263/800 | Reward:  265.30 | Temp: 0.121 | MA (100 ep):  137.98
2026-04-15 13:47:18,021 - Episodio: 264/800 | Reward:  258.70 | Temp: 0.120 | MA (100 ep):  140.87
2026-04-15 13:47:18,941 - Episodio: 265/800 | Reward:  230.76 | Temp: 0.119 | MA (100 ep):  140.94
2026-04-15 13:47:20,270 - Episodio: 266/800 | Reward:  266.83 | Temp: 0.118 | MA (100 ep):  142.89
2026-04-15 13:47:21,525 - Episodio: 267/800 | Reward:  241.33 | Temp: 0.117 | MA (100 ep):  144.48
2026-04-15 13:47:22,275 - Episodio: 268/800 | Reward:  275.07 | Temp: 0.116 | MA (100 ep):  146.44
2026-04-15 13:47:22,706 - Episodio: 269/800 | Reward:    5.81 | Temp: 0.115 | MA (100 ep):  146.03
2026-04-15 13:47:26,340 - Episodio: 270/800 | Reward:  118.90 | Temp: 0.114 | MA (100 ep):  144.49
2026-04-15 13:47:26,961 - Episodio: 271/800 | Reward:  270.13 | Temp: 0.113 | MA (100 ep):  146.82
2026-04-15 13:47:27,357 - Episodio: 272/800 | Reward:   -5.70 | Temp: 0.113 | MA (100 ep):  147.14
2026-04-15 13:47:28,129 - Episodio: 273/800 | Reward:  258.23 | Temp: 0.112 | MA (100 ep):  147.19
2026-04-15 13:47:28,574 - Episodio: 274/800 | Reward:    6.59 | Temp: 0.111 | MA (100 ep):  146.52
2026-04-15 13:47:29,603 - Episodio: 275/800 | Reward:  298.71 | Temp: 0.110 | MA (100 ep):  147.11
2026-04-15 13:47:29,939 - Episodio: 276/800 | Reward:   26.83 | Temp: 0.109 | MA (100 ep):  147.04
2026-04-15 13:47:31,237 - Episodio: 277/800 | Reward:  273.00 | Temp: 0.108 | MA (100 ep):  149.34
2026-04-15 13:47:31,829 - Episodio: 278/800 | Reward:  290.40 | Temp: 0.107 | MA (100 ep):  151.74
2026-04-15 13:47:32,686 - Episodio: 279/800 | Reward:  274.70 | Temp: 0.106 | MA (100 ep):  153.94
2026-04-15 13:47:33,437 - Episodio: 280/800 | Reward:  244.23 | Temp: 0.106 | MA (100 ep):  158.99
2026-04-15 13:47:34,277 - Episodio: 281/800 | Reward:  279.69 | Temp: 0.105 | MA (100 ep):  161.04
2026-04-15 13:47:34,878 - Episodio: 282/800 | Reward:  290.89 | Temp: 0.104 | MA (100 ep):  161.23
2026-04-15 13:47:35,258 - Episodio: 283/800 | Reward:    5.97 | Temp: 0.103 | MA (100 ep):  160.70
2026-04-15 13:47:35,968 - Episodio: 284/800 | Reward:  261.50 | Temp: 0.102 | MA (100 ep):  162.59
2026-04-15 13:47:36,679 - Episodio: 285/800 | Reward:  256.13 | Temp: 0.101 | MA (100 ep):  164.47
2026-04-15 13:47:39,356 - Episodio: 286/800 | Reward:  249.69 | Temp: 0.101 | MA (100 ep):  164.19
2026-04-15 13:47:40,300 - Episodio: 287/800 | Reward:  235.07 | Temp: 0.100 | MA (100 ep):  165.43
2026-04-15 13:47:41,119 - Episodio: 288/800 | Reward:  274.05 | Temp: 0.099 | MA (100 ep):  167.76
2026-04-15 13:47:41,911 - Episodio: 289/800 | Reward:  286.68 | Temp: 0.098 | MA (100 ep):  170.15
2026-04-15 13:47:42,865 - Episodio: 290/800 | Reward:  288.97 | Temp: 0.097 | MA (100 ep):  172.24
2026-04-15 13:47:43,243 - Episodio: 291/800 | Reward:   35.06 | Temp: 0.097 | MA (100 ep):  172.92
2026-04-15 13:47:43,940 - Episodio: 292/800 | Reward:  280.70 | Temp: 0.096 | MA (100 ep):  175.04
2026-04-15 13:47:44,695 - Episodio: 293/800 | Reward:  290.03 | Temp: 0.095 | MA (100 ep):  177.33
2026-04-15 13:47:45,604 - Episodio: 294/800 | Reward:  275.14 | Temp: 0.094 | MA (100 ep):  178.86
2026-04-15 13:47:46,492 - Episodio: 295/800 | Reward:  263.77 | Temp: 0.094 | MA (100 ep):  183.53
2026-04-15 13:47:47,598 - Episodio: 296/800 | Reward:  283.04 | Temp: 0.093 | MA (100 ep):  185.48
2026-04-15 13:47:48,199 - Episodio: 297/800 | Reward:  271.53 | Temp: 0.092 | MA (100 ep):  189.81
2026-04-15 13:47:48,836 - Episodio: 298/800 | Reward:  258.60 | Temp: 0.091 | MA (100 ep):  190.58
2026-04-15 13:47:49,460 - Episodio: 299/800 | Reward:  265.32 | Temp: 0.091 | MA (100 ep):  191.25
2026-04-15 13:47:52,190 - Episodio: 300/800 | Reward:  232.25 | Temp: 0.090 | MA (100 ep):  190.51
2026-04-15 13:47:52,192 - --- Inizio Evaluation run all'Episodio 300 ---
2026-04-15 13:47:56,132 - *** EVALUATION | Epi: 300 | Mean Reward (50 Run):  172.90 ± 143.21 ***
2026-04-15 13:47:56,132 - --- Fine Evaluation ---
2026-04-15 13:47:56,874 - Episodio: 301/800 | Reward:  266.14 | Temp: 0.089 | MA (100 ep):  190.58
2026-04-15 13:47:58,740 - Episodio: 302/800 | Reward: -128.86 | Temp: 0.088 | MA (100 ep):  186.69
2026-04-15 13:48:00,063 - Episodio: 303/800 | Reward:  -14.25 | Temp: 0.088 | MA (100 ep):  183.74
2026-04-15 13:48:02,969 - Episodio: 304/800 | Reward:  235.45 | Temp: 0.087 | MA (100 ep):  183.32
2026-04-15 13:48:03,710 - Episodio: 305/800 | Reward:  254.76 | Temp: 0.086 | MA (100 ep):  184.79
2026-04-15 13:48:04,468 - Episodio: 306/800 | Reward:   21.38 | Temp: 0.086 | MA (100 ep):  182.72
2026-04-15 13:48:05,163 - Episodio: 307/800 | Reward:  248.70 | Temp: 0.085 | MA (100 ep):  182.64
2026-04-15 13:48:06,080 - Episodio: 308/800 | Reward:  280.02 | Temp: 0.084 | MA (100 ep):  185.99
2026-04-15 13:48:07,074 - Episodio: 309/800 | Reward:  298.45 | Temp: 0.084 | MA (100 ep):  189.17
2026-04-15 13:48:09,338 - Episodio: 310/800 | Reward:  237.39 | Temp: 0.083 | MA (100 ep):  191.41
2026-04-15 13:48:10,117 - Episodio: 311/800 | Reward:  245.27 | Temp: 0.082 | MA (100 ep):  191.92
2026-04-15 13:48:10,795 - Episodio: 312/800 | Reward:  250.59 | Temp: 0.082 | MA (100 ep):  191.48
2026-04-15 13:48:12,267 - Episodio: 313/800 | Reward:  218.07 | Temp: 0.081 | MA (100 ep):  193.15
2026-04-15 13:48:14,832 - Episodio: 314/800 | Reward:  214.60 | Temp: 0.080 | MA (100 ep):  194.95
2026-04-15 13:48:16,079 - Episodio: 315/800 | Reward:  246.97 | Temp: 0.080 | MA (100 ep):  196.85
2026-04-15 13:48:19,657 - Episodio: 316/800 | Reward:   51.45 | Temp: 0.079 | MA (100 ep):  194.32
2026-04-15 13:48:20,288 - Episodio: 317/800 | Reward:  249.46 | Temp: 0.078 | MA (100 ep):  194.33
2026-04-15 13:48:21,130 - Episodio: 318/800 | Reward:  256.37 | Temp: 0.078 | MA (100 ep):  197.46
2026-04-15 13:48:21,903 - Episodio: 319/800 | Reward:  262.55 | Temp: 0.077 | MA (100 ep):  199.67
2026-04-15 13:48:22,235 - Episodio: 320/800 | Reward: -146.40 | Temp: 0.077 | MA (100 ep):  195.53
2026-04-15 13:48:22,909 - Episodio: 321/800 | Reward:  266.55 | Temp: 0.076 | MA (100 ep):  195.61
2026-04-15 13:48:23,572 - Episodio: 322/800 | Reward:  289.93 | Temp: 0.075 | MA (100 ep):  195.39
2026-04-15 13:48:24,109 - Episodio: 323/800 | Reward:  269.51 | Temp: 0.075 | MA (100 ep):  197.43
2026-04-15 13:48:25,256 - Episodio: 324/800 | Reward:  289.01 | Temp: 0.074 | MA (100 ep):  197.50
2026-04-15 13:48:26,091 - Episodio: 325/800 | Reward:  310.74 | Temp: 0.074 | MA (100 ep):  198.58
2026-04-15 13:48:26,724 - Episodio: 326/800 | Reward:  282.81 | Temp: 0.073 | MA (100 ep):  201.49
2026-04-15 13:48:27,961 - Episodio: 327/800 | Reward:  233.14 | Temp: 0.072 | MA (100 ep):  203.62
2026-04-15 13:48:28,741 - Episodio: 328/800 | Reward:  258.85 | Temp: 0.072 | MA (100 ep):  203.33
2026-04-15 13:48:29,609 - Episodio: 329/800 | Reward:  284.44 | Temp: 0.071 | MA (100 ep):  203.46
2026-04-15 13:48:30,234 - Episodio: 330/800 | Reward:  253.89 | Temp: 0.071 | MA (100 ep):  205.79
2026-04-15 13:48:33,090 - Episodio: 331/800 | Reward:  257.59 | Temp: 0.070 | MA (100 ep):  208.72
2026-04-15 13:48:34,050 - Episodio: 332/800 | Reward:   13.37 | Temp: 0.069 | MA (100 ep):  206.39
2026-04-15 13:48:34,874 - Episodio: 333/800 | Reward:  275.03 | Temp: 0.069 | MA (100 ep):  207.38
2026-04-15 13:48:35,617 - Episodio: 334/800 | Reward:  284.66 | Temp: 0.068 | MA (100 ep):  207.38
2026-04-15 13:48:36,450 - Episodio: 335/800 | Reward:  279.90 | Temp: 0.068 | MA (100 ep):  207.30
2026-04-15 13:48:37,397 - Episodio: 336/800 | Reward:  245.69 | Temp: 0.067 | MA (100 ep):  207.28
2026-04-15 13:48:38,156 - Episodio: 337/800 | Reward:  276.33 | Temp: 0.067 | MA (100 ep):  209.21
2026-04-15 13:48:38,952 - Episodio: 338/800 | Reward:  283.55 | Temp: 0.066 | MA (100 ep):  209.29
2026-04-15 13:48:39,576 - Episodio: 339/800 | Reward:  239.37 | Temp: 0.066 | MA (100 ep):  209.30
2026-04-15 13:48:40,444 - Episodio: 340/800 | Reward:  279.81 | Temp: 0.065 | MA (100 ep):  209.60
2026-04-15 13:48:41,322 - Episodio: 341/800 | Reward:  280.49 | Temp: 0.065 | MA (100 ep):  210.06
2026-04-15 13:48:41,919 - Episodio: 342/800 | Reward:  291.31 | Temp: 0.064 | MA (100 ep):  212.38
2026-04-15 13:48:42,684 - Episodio: 343/800 | Reward:  259.22 | Temp: 0.064 | MA (100 ep):  214.92
2026-04-15 13:48:43,316 - Episodio: 344/800 | Reward:  270.10 | Temp: 0.063 | MA (100 ep):  214.62
2026-04-15 13:48:43,910 - Episodio: 345/800 | Reward: -122.76 | Temp: 0.063 | MA (100 ep):  212.97
2026-04-15 13:48:44,561 - Episodio: 346/800 | Reward:  297.11 | Temp: 0.062 | MA (100 ep):  215.78
2026-04-15 13:48:45,494 - Episodio: 347/800 | Reward:  235.36 | Temp: 0.062 | MA (100 ep):  215.86
2026-04-15 13:48:46,345 - Episodio: 348/800 | Reward:  284.81 | Temp: 0.061 | MA (100 ep):  218.57
2026-04-15 13:48:46,912 - Episodio: 349/800 | Reward:  262.54 | Temp: 0.061 | MA (100 ep):  218.74
2026-04-15 13:48:47,667 - Episodio: 350/800 | Reward:  277.04 | Temp: 0.060 | MA (100 ep):  221.51
2026-04-15 13:48:47,667 - --- Inizio Evaluation run all'Episodio 350 ---
2026-04-15 13:48:51,264 - *** EVALUATION | Epi: 350 | Mean Reward (50 Run):  243.25 ± 81.43 ***
2026-04-15 13:48:51,264 - --- Fine Evaluation ---
2026-04-15 13:48:52,133 - Episodio: 351/800 | Reward:  259.21 | Temp: 0.060 | MA (100 ep):  221.30
2026-04-15 13:48:52,613 - Episodio: 352/800 | Reward:  -34.64 | Temp: 0.059 | MA (100 ep):  218.25
2026-04-15 13:48:53,659 - Episodio: 353/800 | Reward:  263.11 | Temp: 0.059 | MA (100 ep):  218.25
2026-04-15 13:48:54,464 - Episodio: 354/800 | Reward:  283.20 | Temp: 0.058 | MA (100 ep):  218.80
2026-04-15 13:48:55,553 - Episodio: 355/800 | Reward:  259.88 | Temp: 0.058 | MA (100 ep):  221.25
2026-04-15 13:48:56,383 - Episodio: 356/800 | Reward:  264.29 | Temp: 0.057 | MA (100 ep):  221.58
2026-04-15 13:48:57,380 - Episodio: 357/800 | Reward:  251.21 | Temp: 0.057 | MA (100 ep):  223.87
2026-04-15 13:48:58,186 - Episodio: 358/800 | Reward:  255.56 | Temp: 0.056 | MA (100 ep):  224.14
2026-04-15 13:48:58,834 - Episodio: 359/800 | Reward:  279.44 | Temp: 0.056 | MA (100 ep):  224.38
2026-04-15 13:48:59,457 - Episodio: 360/800 | Reward:  248.10 | Temp: 0.055 | MA (100 ep):  224.08
2026-04-15 13:49:00,520 - Episodio: 361/800 | Reward: -200.15 | Temp: 0.055 | MA (100 ep):  219.30
2026-04-15 13:49:01,960 - Episodio: 362/800 | Reward:  261.24 | Temp: 0.055 | MA (100 ep):  219.32
2026-04-15 13:49:04,087 - Episodio: 363/800 | Reward:  234.52 | Temp: 0.054 | MA (100 ep):  219.01
2026-04-15 13:49:04,765 - Episodio: 364/800 | Reward:  243.06 | Temp: 0.054 | MA (100 ep):  218.85
2026-04-15 13:49:05,586 - Episodio: 365/800 | Reward:  285.57 | Temp: 0.053 | MA (100 ep):  219.40
2026-04-15 13:49:06,139 - Episodio: 366/800 | Reward:  242.03 | Temp: 0.053 | MA (100 ep):  219.15
2026-04-15 13:49:06,696 - Episodio: 367/800 | Reward:  262.84 | Temp: 0.052 | MA (100 ep):  219.37
2026-04-15 13:49:08,636 - Episodio: 368/800 | Reward:  304.70 | Temp: 0.052 | MA (100 ep):  219.67
2026-04-15 13:49:09,669 - Episodio: 369/800 | Reward:  273.46 | Temp: 0.052 | MA (100 ep):  222.34
2026-04-15 13:49:10,686 - Episodio: 370/800 | Reward:  263.49 | Temp: 0.051 | MA (100 ep):  223.79
2026-04-15 13:49:11,408 - Episodio: 371/800 | Reward:  272.42 | Temp: 0.051 | MA (100 ep):  223.81
2026-04-15 13:49:12,105 - Episodio: 372/800 | Reward:  281.68 | Temp: 0.050 | MA (100 ep):  226.68
2026-04-15 13:49:12,829 - Episodio: 373/800 | Reward:  255.32 | Temp: 0.050 | MA (100 ep):  226.66
2026-04-15 13:49:13,646 - Episodio: 374/800 | Reward:   -6.54 | Temp: 0.050 | MA (100 ep):  226.52
2026-04-15 13:49:14,406 - Episodio: 375/800 | Reward:  257.29 | Temp: 0.049 | MA (100 ep):  226.11
2026-04-15 13:49:14,849 - Episodio: 376/800 | Reward:  -13.72 | Temp: 0.049 | MA (100 ep):  225.70
2026-04-15 13:49:15,642 - Episodio: 377/800 | Reward:  287.50 | Temp: 0.048 | MA (100 ep):  225.85
2026-04-15 13:49:16,111 - Episodio: 378/800 | Reward:   25.35 | Temp: 0.048 | MA (100 ep):  223.20
2026-04-15 13:49:17,078 - Episodio: 379/800 | Reward:  274.64 | Temp: 0.048 | MA (100 ep):  223.20
2026-04-15 13:49:17,825 - Episodio: 380/800 | Reward:  278.37 | Temp: 0.047 | MA (100 ep):  223.54
2026-04-15 13:49:18,527 - Episodio: 381/800 | Reward:  246.73 | Temp: 0.047 | MA (100 ep):  223.21
2026-04-15 13:49:22,306 - Episodio: 382/800 | Reward:  182.21 | Temp: 0.047 | MA (100 ep):  222.12
2026-04-15 13:49:23,006 - Episodio: 383/800 | Reward:  310.50 | Temp: 0.046 | MA (100 ep):  225.17
2026-04-15 13:49:24,131 - Episodio: 384/800 | Reward:  286.49 | Temp: 0.046 | MA (100 ep):  225.42
2026-04-15 13:49:25,534 - Episodio: 385/800 | Reward:  234.52 | Temp: 0.045 | MA (100 ep):  225.20
2026-04-15 13:49:26,161 - Episodio: 386/800 | Reward:  282.23 | Temp: 0.045 | MA (100 ep):  225.53
2026-04-15 13:49:26,747 - Episodio: 387/800 | Reward:  265.65 | Temp: 0.045 | MA (100 ep):  225.83
2026-04-15 13:49:27,517 - Episodio: 388/800 | Reward:   -6.21 | Temp: 0.044 | MA (100 ep):  223.03
2026-04-15 13:49:28,542 - Episodio: 389/800 | Reward:  271.47 | Temp: 0.044 | MA (100 ep):  222.88
2026-04-15 13:49:29,446 - Episodio: 390/800 | Reward:  288.27 | Temp: 0.044 | MA (100 ep):  222.87
2026-04-15 13:49:30,599 - Episodio: 391/800 | Reward:  247.33 | Temp: 0.043 | MA (100 ep):  225.00
2026-04-15 13:49:30,917 - Episodio: 392/800 | Reward:   -1.92 | Temp: 0.043 | MA (100 ep):  222.17
2026-04-15 13:49:31,595 - Episodio: 393/800 | Reward:  256.32 | Temp: 0.043 | MA (100 ep):  221.83
2026-04-15 13:49:32,355 - Episodio: 394/800 | Reward: -152.41 | Temp: 0.042 | MA (100 ep):  217.56
2026-04-15 13:49:32,914 - Episodio: 395/800 | Reward:   61.04 | Temp: 0.042 | MA (100 ep):  215.53
2026-04-15 13:49:33,644 - Episodio: 396/800 | Reward:  273.54 | Temp: 0.042 | MA (100 ep):  215.43
2026-04-15 13:49:34,469 - Episodio: 397/800 | Reward:  245.01 | Temp: 0.041 | MA (100 ep):  215.17
2026-04-15 13:49:35,336 - Episodio: 398/800 | Reward:  -10.33 | Temp: 0.041 | MA (100 ep):  212.48
2026-04-15 13:49:35,717 - Episodio: 399/800 | Reward:   49.68 | Temp: 0.041 | MA (100 ep):  210.32
2026-04-15 13:49:36,615 - Episodio: 400/800 | Reward:  279.08 | Temp: 0.040 | MA (100 ep):  210.79
2026-04-15 13:49:36,615 - --- Inizio Evaluation run all'Episodio 400 ---
2026-04-15 13:49:40,517 - *** EVALUATION | Epi: 400 | Mean Reward (50 Run):  185.54 ± 111.96 ***
2026-04-15 13:49:40,517 - --- Fine Evaluation ---
2026-04-15 13:49:41,347 - Episodio: 401/800 | Reward:  252.34 | Temp: 0.040 | MA (100 ep):  210.65
2026-04-15 13:49:42,174 - Episodio: 402/800 | Reward:  293.87 | Temp: 0.040 | MA (100 ep):  214.88
2026-04-15 13:49:42,797 - Episodio: 403/800 | Reward:  244.78 | Temp: 0.039 | MA (100 ep):  217.47
2026-04-15 13:49:44,568 - Episodio: 404/800 | Reward:  226.22 | Temp: 0.039 | MA (100 ep):  217.38
2026-04-15 13:49:45,040 - Episodio: 405/800 | Reward:  -58.51 | Temp: 0.039 | MA (100 ep):  214.25
2026-04-15 13:49:45,725 - Episodio: 406/800 | Reward:  278.67 | Temp: 0.038 | MA (100 ep):  216.82
2026-04-15 13:49:46,106 - Episodio: 407/800 | Reward:   18.65 | Temp: 0.038 | MA (100 ep):  214.52
2026-04-15 13:49:46,782 - Episodio: 408/800 | Reward:  310.37 | Temp: 0.038 | MA (100 ep):  214.82
2026-04-15 13:49:47,375 - Episodio: 409/800 | Reward:  255.08 | Temp: 0.037 | MA (100 ep):  214.39
2026-04-15 13:49:47,756 - Episodio: 410/800 | Reward:   21.58 | Temp: 0.037 | MA (100 ep):  212.23
2026-04-15 13:49:48,684 - Episodio: 411/800 | Reward:  283.41 | Temp: 0.037 | MA (100 ep):  212.61
2026-04-15 13:49:49,361 - Episodio: 412/800 | Reward:  263.03 | Temp: 0.037 | MA (100 ep):  212.74
2026-04-15 13:49:50,086 - Episodio: 413/800 | Reward:  270.62 | Temp: 0.036 | MA (100 ep):  213.26
2026-04-15 13:49:50,638 - Episodio: 414/800 | Reward:  290.87 | Temp: 0.036 | MA (100 ep):  214.02
2026-04-15 13:49:51,609 - Episodio: 415/800 | Reward:  262.74 | Temp: 0.036 | MA (100 ep):  214.18
2026-04-15 13:49:52,304 - Episodio: 416/800 | Reward:  257.31 | Temp: 0.035 | MA (100 ep):  216.24
2026-04-15 13:49:53,554 - Episodio: 417/800 | Reward:  263.99 | Temp: 0.035 | MA (100 ep):  216.39
2026-04-15 13:49:54,687 - Episodio: 418/800 | Reward:  288.30 | Temp: 0.035 | MA (100 ep):  216.71
2026-04-15 13:49:55,367 - Episodio: 419/800 | Reward:  274.06 | Temp: 0.035 | MA (100 ep):  216.82
2026-04-15 13:49:56,014 - Episodio: 420/800 | Reward:  252.61 | Temp: 0.034 | MA (100 ep):  220.81
2026-04-15 13:49:56,327 - Episodio: 421/800 | Reward:  -17.59 | Temp: 0.034 | MA (100 ep):  217.97
2026-04-15 13:49:56,801 - Episodio: 422/800 | Reward:  -35.01 | Temp: 0.034 | MA (100 ep):  214.72
2026-04-15 13:49:58,587 - Episodio: 423/800 | Reward:  288.81 | Temp: 0.033 | MA (100 ep):  214.91
2026-04-15 13:49:59,235 - Episodio: 424/800 | Reward:  267.23 | Temp: 0.033 | MA (100 ep):  214.69
2026-04-15 13:50:00,126 - Episodio: 425/800 | Reward:  270.73 | Temp: 0.033 | MA (100 ep):  214.29
2026-04-15 13:50:00,898 - Episodio: 426/800 | Reward:  272.24 | Temp: 0.033 | MA (100 ep):  214.19
2026-04-15 13:50:01,720 - Episodio: 427/800 | Reward:  299.04 | Temp: 0.032 | MA (100 ep):  214.85
2026-04-15 13:50:02,197 - Episodio: 428/800 | Reward:   28.67 | Temp: 0.032 | MA (100 ep):  212.55
2026-04-15 13:50:02,875 - Episodio: 429/800 | Reward:  283.96 | Temp: 0.032 | MA (100 ep):  212.54
2026-04-15 13:50:03,573 - Episodio: 430/800 | Reward:  256.28 | Temp: 0.032 | MA (100 ep):  212.57
2026-04-15 13:50:04,369 - Episodio: 431/800 | Reward:  283.14 | Temp: 0.031 | MA (100 ep):  212.82
2026-04-15 13:50:05,129 - Episodio: 432/800 | Reward:  258.78 | Temp: 0.031 | MA (100 ep):  215.27
2026-04-15 13:50:05,745 - Episodio: 433/800 | Reward:  281.83 | Temp: 0.031 | MA (100 ep):  215.34
2026-04-15 13:50:06,467 - Episodio: 434/800 | Reward:  258.02 | Temp: 0.031 | MA (100 ep):  215.08
2026-04-15 13:50:07,085 - Episodio: 435/800 | Reward:  272.66 | Temp: 0.030 | MA (100 ep):  215.00
2026-04-15 13:50:07,634 - Episodio: 436/800 | Reward:  276.29 | Temp: 0.030 | MA (100 ep):  215.31
2026-04-15 13:50:08,323 - Episodio: 437/800 | Reward:  235.11 | Temp: 0.030 | MA (100 ep):  214.90
2026-04-15 13:50:12,090 - Episodio: 438/800 | Reward:  164.54 | Temp: 0.030 | MA (100 ep):  213.71
2026-04-15 13:50:12,868 - Episodio: 439/800 | Reward:  292.54 | Temp: 0.029 | MA (100 ep):  214.24
2026-04-15 13:50:13,895 - Episodio: 440/800 | Reward:  270.01 | Temp: 0.029 | MA (100 ep):  214.14
2026-04-15 13:50:14,419 - Episodio: 441/800 | Reward:  292.24 | Temp: 0.029 | MA (100 ep):  214.26
2026-04-15 13:50:15,033 - Episodio: 442/800 | Reward:  313.24 | Temp: 0.029 | MA (100 ep):  214.48
2026-04-15 13:50:15,684 - Episodio: 443/800 | Reward:  288.46 | Temp: 0.028 | MA (100 ep):  214.77
2026-04-15 13:50:16,606 - Episodio: 444/800 | Reward:  271.53 | Temp: 0.028 | MA (100 ep):  214.78
2026-04-15 13:50:17,129 - Episodio: 445/800 | Reward:  282.09 | Temp: 0.028 | MA (100 ep):  218.83
2026-04-15 13:50:17,873 - Episodio: 446/800 | Reward: -268.02 | Temp: 0.028 | MA (100 ep):  213.18
2026-04-15 13:50:18,388 - Episodio: 447/800 | Reward:  286.48 | Temp: 0.028 | MA (100 ep):  213.69
2026-04-15 13:50:18,992 - Episodio: 448/800 | Reward:  266.02 | Temp: 0.027 | MA (100 ep):  213.51
2026-04-15 13:50:19,779 - Episodio: 449/800 | Reward:  269.18 | Temp: 0.027 | MA (100 ep):  213.57
2026-04-15 13:50:20,426 - Episodio: 450/800 | Reward:  275.40 | Temp: 0.027 | MA (100 ep):  213.56
2026-04-15 13:50:20,426 - --- Inizio Evaluation run all'Episodio 450 ---
2026-04-15 13:50:24,826 - *** EVALUATION | Epi: 450 | Mean Reward (50 Run):  224.15 ± 105.05 ***
2026-04-15 13:50:24,826 - --- Fine Evaluation ---
2026-04-15 13:50:25,451 - Episodio: 451/800 | Reward:  268.87 | Temp: 0.027 | MA (100 ep):  213.65
2026-04-15 13:50:26,081 - Episodio: 452/800 | Reward:  306.78 | Temp: 0.027 | MA (100 ep):  217.07
2026-04-15 13:50:28,664 - Episodio: 453/800 | Reward:  221.70 | Temp: 0.026 | MA (100 ep):  216.65
2026-04-15 13:50:29,774 - Episodio: 454/800 | Reward:  250.90 | Temp: 0.026 | MA (100 ep):  216.33
2026-04-15 13:50:30,444 - Episodio: 455/800 | Reward:  246.29 | Temp: 0.026 | MA (100 ep):  216.19
2026-04-15 13:50:31,500 - Episodio: 456/800 | Reward:  282.51 | Temp: 0.026 | MA (100 ep):  216.38
2026-04-15 13:50:32,172 - Episodio: 457/800 | Reward:  251.25 | Temp: 0.025 | MA (100 ep):  216.38
2026-04-15 13:50:33,234 - Episodio: 458/800 | Reward:  290.43 | Temp: 0.025 | MA (100 ep):  216.72
2026-04-15 13:50:33,738 - Episodio: 459/800 | Reward:  302.42 | Temp: 0.025 | MA (100 ep):  216.95
2026-04-15 13:50:35,240 - Episodio: 460/800 | Reward:  240.48 | Temp: 0.025 | MA (100 ep):  216.88
2026-04-15 13:50:35,888 - Episodio: 461/800 | Reward:  283.54 | Temp: 0.025 | MA (100 ep):  221.72
2026-04-15 13:50:36,502 - Episodio: 462/800 | Reward:  269.54 | Temp: 0.024 | MA (100 ep):  221.80
2026-04-15 13:50:37,789 - Episodio: 463/800 | Reward:  280.30 | Temp: 0.024 | MA (100 ep):  222.26
2026-04-15 13:50:38,459 - Episodio: 464/800 | Reward:  249.96 | Temp: 0.024 | MA (100 ep):  222.32
2026-04-15 13:50:39,453 - Episodio: 465/800 | Reward:  246.01 | Temp: 0.024 | MA (100 ep):  221.93
2026-04-15 13:50:40,510 - Episodio: 466/800 | Reward:  298.73 | Temp: 0.024 | MA (100 ep):  222.50
2026-04-15 13:50:41,439 - Episodio: 467/800 | Reward:  258.81 | Temp: 0.023 | MA (100 ep):  222.46
2026-04-15 13:50:42,008 - Episodio: 468/800 | Reward:  304.54 | Temp: 0.023 | MA (100 ep):  222.45
2026-04-15 13:50:42,330 - Episodio: 469/800 | Reward:    2.30 | Temp: 0.023 | MA (100 ep):  219.74
2026-04-15 13:50:43,013 - Episodio: 470/800 | Reward:  291.10 | Temp: 0.023 | MA (100 ep):  220.02
2026-04-15 13:50:43,812 - Episodio: 471/800 | Reward:  291.43 | Temp: 0.023 | MA (100 ep):  220.21
2026-04-15 13:50:45,101 - Episodio: 472/800 | Reward:  270.73 | Temp: 0.023 | MA (100 ep):  220.10
2026-04-15 13:50:45,820 - Episodio: 473/800 | Reward:  259.37 | Temp: 0.022 | MA (100 ep):  220.14
2026-04-15 13:50:46,359 - Episodio: 474/800 | Reward:  286.06 | Temp: 0.022 | MA (100 ep):  223.07
2026-04-15 13:50:46,945 - Episodio: 475/800 | Reward:  282.65 | Temp: 0.022 | MA (100 ep):  223.32
2026-04-15 13:50:47,703 - Episodio: 476/800 | Reward: -186.11 | Temp: 0.022 | MA (100 ep):  221.60
2026-04-15 13:50:48,529 - Episodio: 477/800 | Reward:  276.33 | Temp: 0.022 | MA (100 ep):  221.48
2026-04-15 13:50:49,237 - Episodio: 478/800 | Reward:  290.06 | Temp: 0.022 | MA (100 ep):  224.13
2026-04-15 13:50:49,942 - Episodio: 479/800 | Reward:  278.08 | Temp: 0.021 | MA (100 ep):  224.17
2026-04-15 13:50:50,589 - Episodio: 480/800 | Reward:  262.98 | Temp: 0.021 | MA (100 ep):  224.01
2026-04-15 13:50:51,048 - Episodio: 481/800 | Reward:   39.33 | Temp: 0.021 | MA (100 ep):  221.94
2026-04-15 13:50:51,824 - Episodio: 482/800 | Reward:  277.02 | Temp: 0.021 | MA (100 ep):  222.89
2026-04-15 13:50:52,836 - Episodio: 483/800 | Reward:  286.75 | Temp: 0.021 | MA (100 ep):  222.65
2026-04-15 13:50:53,760 - Episodio: 484/800 | Reward:  244.36 | Temp: 0.020 | MA (100 ep):  222.23
2026-04-15 13:50:54,677 - Episodio: 485/800 | Reward:  273.78 | Temp: 0.020 | MA (100 ep):  222.62
2026-04-15 13:50:55,554 - Episodio: 486/800 | Reward:  236.39 | Temp: 0.020 | MA (100 ep):  222.16
2026-04-15 13:50:56,621 - Episodio: 487/800 | Reward:  293.37 | Temp: 0.020 | MA (100 ep):  222.44
2026-04-15 13:50:57,185 - Episodio: 488/800 | Reward:  260.66 | Temp: 0.020 | MA (100 ep):  225.11
2026-04-15 13:50:57,829 - Episodio: 489/800 | Reward:  273.98 | Temp: 0.020 | MA (100 ep):  225.13
2026-04-15 13:50:58,579 - Episodio: 490/800 | Reward:  276.38 | Temp: 0.020 | MA (100 ep):  225.01
2026-04-15 13:50:59,428 - Episodio: 491/800 | Reward:  261.55 | Temp: 0.019 | MA (100 ep):  225.16
2026-04-15 13:51:00,060 - Episodio: 492/800 | Reward:  295.05 | Temp: 0.019 | MA (100 ep):  228.12
2026-04-15 13:51:00,634 - Episodio: 493/800 | Reward:  268.28 | Temp: 0.019 | MA (100 ep):  228.24
2026-04-15 13:51:01,613 - Episodio: 494/800 | Reward:  264.96 | Temp: 0.019 | MA (100 ep):  232.42
2026-04-15 13:51:03,161 - Episodio: 495/800 | Reward:  277.50 | Temp: 0.019 | MA (100 ep):  234.58
2026-04-15 13:51:03,557 - Episodio: 496/800 | Reward: -694.85 | Temp: 0.019 | MA (100 ep):  224.90
2026-04-15 13:51:04,169 - Episodio: 497/800 | Reward:  254.01 | Temp: 0.018 | MA (100 ep):  224.99
2026-04-15 13:51:05,027 - Episodio: 498/800 | Reward:  302.79 | Temp: 0.018 | MA (100 ep):  228.12
2026-04-15 13:51:05,691 - Episodio: 499/800 | Reward:  277.08 | Temp: 0.018 | MA (100 ep):  230.39
2026-04-15 13:51:06,779 - Episodio: 500/800 | Reward:  290.11 | Temp: 0.018 | MA (100 ep):  230.50
2026-04-15 13:51:06,779 - --- Inizio Evaluation run all'Episodio 500 ---
2026-04-15 13:51:09,832 - *** EVALUATION | Epi: 500 | Mean Reward (50 Run):  229.20 ± 94.95 ***
2026-04-15 13:51:09,832 - --- Fine Evaluation ---
2026-04-15 13:51:10,581 - Episodio: 501/800 | Reward:  282.13 | Temp: 0.018 | MA (100 ep):  230.80
2026-04-15 13:51:11,157 - Episodio: 502/800 | Reward:  252.67 | Temp: 0.018 | MA (100 ep):  230.39
2026-04-15 13:51:11,852 - Episodio: 503/800 | Reward:  254.60 | Temp: 0.018 | MA (100 ep):  230.49
2026-04-15 13:51:12,832 - Episodio: 504/800 | Reward:  276.45 | Temp: 0.017 | MA (100 ep):  230.99
2026-04-15 13:51:13,773 - Episodio: 505/800 | Reward:  282.06 | Temp: 0.017 | MA (100 ep):  234.40
2026-04-15 13:51:14,873 - Episodio: 506/800 | Reward:  264.36 | Temp: 0.017 | MA (100 ep):  234.25
2026-04-15 13:51:15,610 - Episodio: 507/800 | Reward:  315.83 | Temp: 0.017 | MA (100 ep):  237.23
2026-04-15 13:51:16,608 - Episodio: 508/800 | Reward:  276.68 | Temp: 0.017 | MA (100 ep):  236.89
2026-04-15 13:51:17,287 - Episodio: 509/800 | Reward:  269.69 | Temp: 0.017 | MA (100 ep):  237.03
2026-04-15 13:51:18,744 - Episodio: 510/800 | Reward:  248.40 | Temp: 0.017 | MA (100 ep):  239.30
2026-04-15 13:51:19,426 - Episodio: 511/800 | Reward:  248.63 | Temp: 0.016 | MA (100 ep):  238.95
2026-04-15 13:51:20,433 - Episodio: 512/800 | Reward:  289.59 | Temp: 0.016 | MA (100 ep):  239.22
2026-04-15 13:51:21,133 - Episodio: 513/800 | Reward:  281.50 | Temp: 0.016 | MA (100 ep):  239.33
2026-04-15 13:51:22,094 - Episodio: 514/800 | Reward:  275.21 | Temp: 0.016 | MA (100 ep):  239.17
2026-04-15 13:51:22,602 - Episodio: 515/800 | Reward: -281.96 | Temp: 0.016 | MA (100 ep):  233.73
2026-04-15 13:51:23,274 - Episodio: 516/800 | Reward:  258.78 | Temp: 0.016 | MA (100 ep):  233.74
2026-04-15 13:51:24,239 - Episodio: 517/800 | Reward:  264.11 | Temp: 0.016 | MA (100 ep):  233.74
2026-04-15 13:51:24,943 - Episodio: 518/800 | Reward:  300.85 | Temp: 0.016 | MA (100 ep):  233.87
2026-04-15 13:51:25,587 - Episodio: 519/800 | Reward:  277.06 | Temp: 0.015 | MA (100 ep):  233.90
2026-04-15 13:51:26,691 - Episodio: 520/800 | Reward:  283.14 | Temp: 0.015 | MA (100 ep):  234.20
2026-04-15 13:51:27,417 - Episodio: 521/800 | Reward:  254.29 | Temp: 0.015 | MA (100 ep):  236.92
2026-04-15 13:51:28,454 - Episodio: 522/800 | Reward:  250.42 | Temp: 0.015 | MA (100 ep):  239.78
2026-04-15 13:51:29,167 - Episodio: 523/800 | Reward:  273.17 | Temp: 0.015 | MA (100 ep):  239.62
2026-04-15 13:51:29,482 - Episodio: 524/800 | Reward: -218.38 | Temp: 0.015 | MA (100 ep):  234.76
2026-04-15 13:51:31,088 - Episodio: 525/800 | Reward:  276.19 | Temp: 0.015 | MA (100 ep):  234.82
2026-04-15 13:51:31,669 - Episodio: 526/800 | Reward:  263.26 | Temp: 0.015 | MA (100 ep):  234.73
2026-04-15 13:51:32,443 - Episodio: 527/800 | Reward:  289.60 | Temp: 0.015 | MA (100 ep):  234.63
2026-04-15 13:51:33,199 - Episodio: 528/800 | Reward:  275.87 | Temp: 0.014 | MA (100 ep):  237.11
2026-04-15 13:51:33,829 - Episodio: 529/800 | Reward:  278.78 | Temp: 0.014 | MA (100 ep):  237.05
2026-04-15 13:51:34,760 - Episodio: 530/800 | Reward:  274.49 | Temp: 0.014 | MA (100 ep):  237.24
2026-04-15 13:51:35,409 - Episodio: 531/800 | Reward:  285.77 | Temp: 0.014 | MA (100 ep):  237.26
2026-04-15 13:51:36,353 - Episodio: 532/800 | Reward:  255.30 | Temp: 0.014 | MA (100 ep):  237.23
2026-04-15 13:51:37,109 - Episodio: 533/800 | Reward:  255.37 | Temp: 0.014 | MA (100 ep):  236.96
2026-04-15 13:51:38,369 - Episodio: 534/800 | Reward:  273.17 | Temp: 0.014 | MA (100 ep):  237.11
2026-04-15 13:51:39,004 - Episodio: 535/800 | Reward:  264.57 | Temp: 0.014 | MA (100 ep):  237.03
2026-04-15 13:51:39,887 - Episodio: 536/800 | Reward:  292.24 | Temp: 0.013 | MA (100 ep):  237.19
2026-04-15 13:51:40,989 - Episodio: 537/800 | Reward:  294.87 | Temp: 0.013 | MA (100 ep):  237.79
2026-04-15 13:51:41,608 - Episodio: 538/800 | Reward:  258.54 | Temp: 0.013 | MA (100 ep):  238.73
2026-04-15 13:51:42,030 - Episodio: 539/800 | Reward:   71.17 | Temp: 0.013 | MA (100 ep):  236.52
2026-04-15 13:51:42,650 - Episodio: 540/800 | Reward:  280.68 | Temp: 0.013 | MA (100 ep):  236.62
2026-04-15 13:51:43,404 - Episodio: 541/800 | Reward:  249.16 | Temp: 0.013 | MA (100 ep):  236.19
2026-04-15 13:51:44,304 - Episodio: 542/800 | Reward:  265.61 | Temp: 0.013 | MA (100 ep):  235.72
2026-04-15 13:51:45,117 - Episodio: 543/800 | Reward:  285.39 | Temp: 0.013 | MA (100 ep):  235.69
2026-04-15 13:51:45,561 - Episodio: 544/800 | Reward: -535.53 | Temp: 0.013 | MA (100 ep):  227.61
2026-04-15 13:51:46,272 - Episodio: 545/800 | Reward:  295.22 | Temp: 0.013 | MA (100 ep):  227.75
2026-04-15 13:51:47,105 - Episodio: 546/800 | Reward:  256.20 | Temp: 0.012 | MA (100 ep):  232.99
2026-04-15 13:51:47,702 - Episodio: 547/800 | Reward:  288.70 | Temp: 0.012 | MA (100 ep):  233.01
2026-04-15 13:51:48,480 - Episodio: 548/800 | Reward:  248.10 | Temp: 0.012 | MA (100 ep):  232.83
2026-04-15 13:51:49,263 - Episodio: 549/800 | Reward:  290.68 | Temp: 0.012 | MA (100 ep):  233.05
2026-04-15 13:51:49,822 - Episodio: 550/800 | Reward:  288.34 | Temp: 0.012 | MA (100 ep):  233.18
2026-04-15 13:51:49,822 - --- Inizio Evaluation run all'Episodio 550 ---
2026-04-15 13:51:54,232 - *** EVALUATION | Epi: 550 | Mean Reward (50 Run):  256.01 ± 66.25 ***
2026-04-15 13:51:54,232 - --- Fine Evaluation ---
2026-04-15 13:51:54,919 - Episodio: 551/800 | Reward:  245.65 | Temp: 0.012 | MA (100 ep):  232.94
2026-04-15 13:51:55,489 - Episodio: 552/800 | Reward:  287.69 | Temp: 0.012 | MA (100 ep):  232.75
2026-04-15 13:51:56,448 - Episodio: 553/800 | Reward:  273.30 | Temp: 0.012 | MA (100 ep):  233.27
2026-04-15 13:51:57,255 - Episodio: 554/800 | Reward:  254.08 | Temp: 0.012 | MA (100 ep):  233.30
2026-04-15 13:51:57,895 - Episodio: 555/800 | Reward:  272.99 | Temp: 0.012 | MA (100 ep):  233.57
2026-04-15 13:51:58,629 - Episodio: 556/800 | Reward:  275.85 | Temp: 0.011 | MA (100 ep):  233.50
2026-04-15 13:51:59,261 - Episodio: 557/800 | Reward:  250.00 | Temp: 0.011 | MA (100 ep):  233.49
2026-04-15 13:52:00,128 - Episodio: 558/800 | Reward:  267.11 | Temp: 0.011 | MA (100 ep):  233.25
2026-04-15 13:52:00,918 - Episodio: 559/800 | Reward:  256.28 | Temp: 0.011 | MA (100 ep):  232.79
2026-04-15 13:52:01,724 - Episodio: 560/800 | Reward:  260.44 | Temp: 0.011 | MA (100 ep):  232.99
2026-04-15 13:52:02,466 - Episodio: 561/800 | Reward:  281.91 | Temp: 0.011 | MA (100 ep):  232.98
2026-04-15 13:52:06,197 - Episodio: 562/800 | Reward:  110.53 | Temp: 0.011 | MA (100 ep):  231.39
2026-04-15 13:52:06,913 - Episodio: 563/800 | Reward:  262.71 | Temp: 0.011 | MA (100 ep):  231.21
2026-04-15 13:52:07,696 - Episodio: 564/800 | Reward:  286.36 | Temp: 0.011 | MA (100 ep):  231.58
2026-04-15 13:52:08,350 - Episodio: 565/800 | Reward:  269.63 | Temp: 0.011 | MA (100 ep):  231.81
2026-04-15 13:52:09,046 - Episodio: 566/800 | Reward:  272.58 | Temp: 0.011 | MA (100 ep):  231.55
2026-04-15 13:52:09,775 - Episodio: 567/800 | Reward:  271.49 | Temp: 0.011 | MA (100 ep):  231.68
2026-04-15 13:52:10,369 - Episodio: 568/800 | Reward:  282.56 | Temp: 0.010 | MA (100 ep):  231.46
2026-04-15 13:52:12,212 - Episodio: 569/800 | Reward:  286.27 | Temp: 0.010 | MA (100 ep):  234.30
2026-04-15 13:52:12,861 - Episodio: 570/800 | Reward:  265.32 | Temp: 0.010 | MA (100 ep):  234.04
2026-04-15 13:52:13,506 - Episodio: 571/800 | Reward:  256.10 | Temp: 0.010 | MA (100 ep):  233.69
2026-04-15 13:52:14,235 - Episodio: 572/800 | Reward:  278.04 | Temp: 0.010 | MA (100 ep):  233.76
2026-04-15 13:52:14,885 - Episodio: 573/800 | Reward:  229.64 | Temp: 0.010 | MA (100 ep):  233.46
2026-04-15 13:52:15,676 - Episodio: 574/800 | Reward:  248.20 | Temp: 0.010 | MA (100 ep):  233.08
2026-04-15 13:52:16,468 - Episodio: 575/800 | Reward:  264.55 | Temp: 0.010 | MA (100 ep):  232.90
2026-04-15 13:52:17,383 - Episodio: 576/800 | Reward:  292.19 | Temp: 0.010 | MA (100 ep):  237.68
2026-04-15 13:52:18,301 - Episodio: 577/800 | Reward:  257.02 | Temp: 0.010 | MA (100 ep):  237.49
2026-04-15 13:52:19,004 - Episodio: 578/800 | Reward:  250.27 | Temp: 0.010 | MA (100 ep):  237.09
2026-04-15 13:52:19,610 - Episodio: 579/800 | Reward:  270.90 | Temp: 0.010 | MA (100 ep):  237.02
2026-04-15 13:52:20,401 - Episodio: 580/800 | Reward:  282.66 | Temp: 0.010 | MA (100 ep):  237.22
2026-04-15 13:52:20,963 - Episodio: 581/800 | Reward:  280.01 | Temp: 0.010 | MA (100 ep):  239.63
2026-04-15 13:52:21,777 - Episodio: 582/800 | Reward:  285.92 | Temp: 0.010 | MA (100 ep):  239.71
2026-04-15 13:52:22,534 - Episodio: 583/800 | Reward:  284.66 | Temp: 0.010 | MA (100 ep):  239.69
2026-04-15 13:52:23,248 - Episodio: 584/800 | Reward:  272.67 | Temp: 0.010 | MA (100 ep):  239.98
2026-04-15 13:52:25,258 - Episodio: 585/800 | Reward:  274.37 | Temp: 0.010 | MA (100 ep):  239.98
2026-04-15 13:52:26,018 - Episodio: 586/800 | Reward:  289.07 | Temp: 0.010 | MA (100 ep):  240.51
2026-04-15 13:52:26,680 - Episodio: 587/800 | Reward:  290.18 | Temp: 0.010 | MA (100 ep):  240.48
2026-04-15 13:52:27,374 - Episodio: 588/800 | Reward:  294.59 | Temp: 0.010 | MA (100 ep):  240.82
2026-04-15 13:52:28,566 - Episodio: 589/800 | Reward:  268.50 | Temp: 0.010 | MA (100 ep):  240.76
2026-04-15 13:52:29,157 - Episodio: 590/800 | Reward:  276.21 | Temp: 0.010 | MA (100 ep):  240.76
2026-04-15 13:52:30,036 - Episodio: 591/800 | Reward:  306.66 | Temp: 0.010 | MA (100 ep):  241.21
2026-04-15 13:52:30,669 - Episodio: 592/800 | Reward:  243.58 | Temp: 0.010 | MA (100 ep):  240.70
2026-04-15 13:52:31,363 - Episodio: 593/800 | Reward:  238.77 | Temp: 0.010 | MA (100 ep):  240.40
2026-04-15 13:52:32,202 - Episodio: 594/800 | Reward:  206.44 | Temp: 0.010 | MA (100 ep):  239.82
2026-04-15 13:52:32,787 - Episodio: 595/800 | Reward:  271.05 | Temp: 0.010 | MA (100 ep):  239.75
2026-04-15 13:52:33,669 - Episodio: 596/800 | Reward:  251.14 | Temp: 0.010 | MA (100 ep):  249.21
2026-04-15 13:52:34,110 - Episodio: 597/800 | Reward:    6.74 | Temp: 0.010 | MA (100 ep):  246.74
2026-04-15 13:52:34,864 - Episodio: 598/800 | Reward:  296.78 | Temp: 0.010 | MA (100 ep):  246.68
2026-04-15 13:52:35,349 - Episodio: 599/800 | Reward:   98.20 | Temp: 0.010 | MA (100 ep):  244.89
2026-04-15 13:52:36,153 - Episodio: 600/800 | Reward:  269.48 | Temp: 0.010 | MA (100 ep):  244.68
2026-04-15 13:52:36,153 - --- Inizio Evaluation run all'Episodio 600 ---
2026-04-15 13:52:39,513 - *** EVALUATION | Epi: 600 | Mean Reward (50 Run):  256.76 ± 88.06 ***
2026-04-15 13:52:39,513 - --- Fine Evaluation ---
2026-04-15 13:52:40,667 - Episodio: 601/800 | Reward:  265.84 | Temp: 0.010 | MA (100 ep):  244.52
2026-04-15 13:52:41,662 - Episodio: 602/800 | Reward:  314.68 | Temp: 0.010 | MA (100 ep):  245.14
2026-04-15 13:52:42,307 - Episodio: 603/800 | Reward:  319.67 | Temp: 0.010 | MA (100 ep):  245.79
2026-04-15 13:52:43,162 - Episodio: 604/800 | Reward:  299.94 | Temp: 0.010 | MA (100 ep):  246.03
2026-04-15 13:52:43,720 - Episodio: 605/800 | Reward:  279.35 | Temp: 0.010 | MA (100 ep):  246.00
2026-04-15 13:52:44,562 - Episodio: 606/800 | Reward:  300.57 | Temp: 0.010 | MA (100 ep):  246.36
2026-04-15 13:52:45,545 - Episodio: 607/800 | Reward:  279.93 | Temp: 0.010 | MA (100 ep):  246.00
2026-04-15 13:52:46,309 - Episodio: 608/800 | Reward:  268.98 | Temp: 0.010 | MA (100 ep):  245.93
2026-04-15 13:52:47,205 - Episodio: 609/800 | Reward:  292.65 | Temp: 0.010 | MA (100 ep):  246.16
2026-04-15 13:52:48,053 - Episodio: 610/800 | Reward:  315.34 | Temp: 0.010 | MA (100 ep):  246.82
2026-04-15 13:52:48,834 - Episodio: 611/800 | Reward:  293.27 | Temp: 0.010 | MA (100 ep):  247.27
2026-04-15 13:52:49,655 - Episodio: 612/800 | Reward:  249.78 | Temp: 0.010 | MA (100 ep):  246.87
2026-04-15 13:52:50,558 - Episodio: 613/800 | Reward:  287.14 | Temp: 0.010 | MA (100 ep):  246.93
2026-04-15 13:52:51,186 - Episodio: 614/800 | Reward:  288.80 | Temp: 0.010 | MA (100 ep):  247.07
2026-04-15 13:52:51,601 - Episodio: 615/800 | Reward:    5.06 | Temp: 0.010 | MA (100 ep):  249.94
2026-04-15 13:52:52,457 - Episodio: 616/800 | Reward:  278.87 | Temp: 0.010 | MA (100 ep):  250.14
2026-04-15 13:52:53,065 - Episodio: 617/800 | Reward:  244.76 | Temp: 0.010 | MA (100 ep):  249.94
2026-04-15 13:52:53,805 - Episodio: 618/800 | Reward:  301.88 | Temp: 0.010 | MA (100 ep):  249.95
2026-04-15 13:52:54,764 - Episodio: 619/800 | Reward:  302.78 | Temp: 0.010 | MA (100 ep):  250.21
2026-04-15 13:52:55,756 - Episodio: 620/800 | Reward:  248.81 | Temp: 0.010 | MA (100 ep):  249.87
2026-04-15 13:52:56,530 - Episodio: 621/800 | Reward:  252.83 | Temp: 0.010 | MA (100 ep):  249.85
2026-04-15 13:52:57,931 - Episodio: 622/800 | Reward:  274.13 | Temp: 0.010 | MA (100 ep):  250.09
2026-04-15 13:52:58,893 - Episodio: 623/800 | Reward:  285.74 | Temp: 0.010 | MA (100 ep):  250.22
2026-04-15 13:52:59,678 - Episodio: 624/800 | Reward:  280.73 | Temp: 0.010 | MA (100 ep):  255.21
2026-04-15 13:53:00,611 - Episodio: 625/800 | Reward:  283.72 | Temp: 0.010 | MA (100 ep):  255.28
2026-04-15 13:53:01,322 - Episodio: 626/800 | Reward:  305.17 | Temp: 0.010 | MA (100 ep):  255.70
2026-04-15 13:53:02,143 - Episodio: 627/800 | Reward:  283.64 | Temp: 0.010 | MA (100 ep):  255.64
2026-04-15 13:53:02,990 - Episodio: 628/800 | Reward:  293.20 | Temp: 0.010 | MA (100 ep):  255.81
2026-04-15 13:53:03,579 - Episodio: 629/800 | Reward:  261.72 | Temp: 0.010 | MA (100 ep):  255.64
2026-04-15 13:53:04,367 - Episodio: 630/800 | Reward:  242.48 | Temp: 0.010 | MA (100 ep):  255.32
2026-04-15 13:53:05,300 - Episodio: 631/800 | Reward:  304.19 | Temp: 0.010 | MA (100 ep):  255.51
2026-04-15 13:53:06,176 - Episodio: 632/800 | Reward:  288.05 | Temp: 0.010 | MA (100 ep):  255.84
2026-04-15 13:53:07,055 - Episodio: 633/800 | Reward:  316.75 | Temp: 0.010 | MA (100 ep):  256.45
2026-04-15 13:53:07,877 - Episodio: 634/800 | Reward:  279.56 | Temp: 0.010 | MA (100 ep):  256.51
2026-04-15 13:53:08,430 - Episodio: 635/800 | Reward:  -44.36 | Temp: 0.010 | MA (100 ep):  253.42
2026-04-15 13:53:09,358 - Episodio: 636/800 | Reward:  303.57 | Temp: 0.010 | MA (100 ep):  253.54
2026-04-15 13:53:10,118 - Episodio: 637/800 | Reward:  276.44 | Temp: 0.010 | MA (100 ep):  253.35
2026-04-15 13:53:10,941 - Episodio: 638/800 | Reward:  282.67 | Temp: 0.010 | MA (100 ep):  253.59
2026-04-15 13:53:11,559 - Episodio: 639/800 | Reward:  280.45 | Temp: 0.010 | MA (100 ep):  255.69
2026-04-15 13:53:12,149 - Episodio: 640/800 | Reward:  279.43 | Temp: 0.010 | MA (100 ep):  255.67
2026-04-15 13:53:12,696 - Episodio: 641/800 | Reward:    8.98 | Temp: 0.010 | MA (100 ep):  253.27
2026-04-15 13:53:13,577 - Episodio: 642/800 | Reward:  305.34 | Temp: 0.010 | MA (100 ep):  253.67
2026-04-15 13:53:14,241 - Episodio: 643/800 | Reward:  254.16 | Temp: 0.010 | MA (100 ep):  253.36
2026-04-15 13:53:15,209 - Episodio: 644/800 | Reward:  273.18 | Temp: 0.010 | MA (100 ep):  261.44
2026-04-15 13:53:15,924 - Episodio: 645/800 | Reward:  290.91 | Temp: 0.010 | MA (100 ep):  261.40
2026-04-15 13:53:16,776 - Episodio: 646/800 | Reward:  279.70 | Temp: 0.010 | MA (100 ep):  261.64
2026-04-15 13:53:17,293 - Episodio: 647/800 | Reward:   41.95 | Temp: 0.010 | MA (100 ep):  259.17
2026-04-15 13:53:18,330 - Episodio: 648/800 | Reward:  304.94 | Temp: 0.010 | MA (100 ep):  259.74
2026-04-15 13:53:19,119 - Episodio: 649/800 | Reward:  285.62 | Temp: 0.010 | MA (100 ep):  259.69
2026-04-15 13:53:19,782 - Episodio: 650/800 | Reward:  266.27 | Temp: 0.010 | MA (100 ep):  259.47
2026-04-15 13:53:19,782 - --- Inizio Evaluation run all'Episodio 650 ---
2026-04-15 13:53:23,858 - *** EVALUATION | Epi: 650 | Mean Reward (50 Run):  239.73 ± 75.40 ***
2026-04-15 13:53:23,858 - --- Fine Evaluation ---
2026-04-15 13:53:24,475 - Episodio: 651/800 | Reward:   -0.27 | Temp: 0.010 | MA (100 ep):  257.01
2026-04-15 13:53:25,140 - Episodio: 652/800 | Reward:  249.69 | Temp: 0.010 | MA (100 ep):  256.63
2026-04-15 13:53:25,959 - Episodio: 653/800 | Reward:  294.89 | Temp: 0.010 | MA (100 ep):  256.84
2026-04-15 13:53:26,784 - Episodio: 654/800 | Reward:  281.23 | Temp: 0.010 | MA (100 ep):  257.11
2026-04-15 13:53:27,473 - Episodio: 655/800 | Reward:  279.36 | Temp: 0.010 | MA (100 ep):  257.18
2026-04-15 13:53:28,044 - Episodio: 656/800 | Reward:  281.50 | Temp: 0.010 | MA (100 ep):  257.23
2026-04-15 13:53:28,662 - Episodio: 657/800 | Reward:  273.98 | Temp: 0.010 | MA (100 ep):  257.47
2026-04-15 13:53:29,362 - Episodio: 658/800 | Reward:  301.61 | Temp: 0.010 | MA (100 ep):  257.82
2026-04-15 13:53:30,262 - Episodio: 659/800 | Reward:  296.87 | Temp: 0.010 | MA (100 ep):  258.23
2026-04-15 13:53:31,071 - Episodio: 660/800 | Reward:  293.64 | Temp: 0.010 | MA (100 ep):  258.56
2026-04-15 13:53:32,298 - Episodio: 661/800 | Reward:  259.27 | Temp: 0.010 | MA (100 ep):  258.33
2026-04-15 13:53:32,973 - Episodio: 662/800 | Reward:   37.06 | Temp: 0.010 | MA (100 ep):  257.60
2026-04-15 13:53:33,640 - Episodio: 663/800 | Reward:  281.66 | Temp: 0.010 | MA (100 ep):  257.79
2026-04-15 13:53:34,380 - Episodio: 664/800 | Reward:  272.99 | Temp: 0.010 | MA (100 ep):  257.65
2026-04-15 13:53:35,061 - Episodio: 665/800 | Reward:  277.77 | Temp: 0.010 | MA (100 ep):  257.73
2026-04-15 13:53:35,999 - Episodio: 666/800 | Reward:  289.43 | Temp: 0.010 | MA (100 ep):  257.90
2026-04-15 13:53:36,598 - Episodio: 667/800 | Reward:  300.52 | Temp: 0.010 | MA (100 ep):  258.19
2026-04-15 13:53:37,543 - Episodio: 668/800 | Reward:  268.29 | Temp: 0.010 | MA (100 ep):  258.05
2026-04-15 13:53:38,175 - Episodio: 669/800 | Reward:  279.99 | Temp: 0.010 | MA (100 ep):  257.99
2026-04-15 13:53:38,824 - Episodio: 670/800 | Reward:   20.64 | Temp: 0.010 | MA (100 ep):  255.54
2026-04-15 13:53:39,615 - Episodio: 671/800 | Reward:  270.72 | Temp: 0.010 | MA (100 ep):  255.69
2026-04-15 13:53:40,249 - Episodio: 672/800 | Reward:   56.72 | Temp: 0.010 | MA (100 ep):  253.47
2026-04-15 13:53:40,997 - Episodio: 673/800 | Reward:  276.55 | Temp: 0.010 | MA (100 ep):  253.94
2026-04-15 13:53:41,597 - Episodio: 674/800 | Reward:  273.29 | Temp: 0.010 | MA (100 ep):  254.19
2026-04-15 13:53:42,267 - Episodio: 675/800 | Reward:   53.78 | Temp: 0.010 | MA (100 ep):  252.09
2026-04-15 13:53:43,156 - Episodio: 676/800 | Reward:  295.28 | Temp: 0.010 | MA (100 ep):  252.12
2026-04-15 13:53:43,774 - Episodio: 677/800 | Reward:  247.55 | Temp: 0.010 | MA (100 ep):  252.02
2026-04-15 13:53:44,498 - Episodio: 678/800 | Reward:  274.55 | Temp: 0.010 | MA (100 ep):  252.26
2026-04-15 13:53:45,177 - Episodio: 679/800 | Reward:  282.50 | Temp: 0.010 | MA (100 ep):  252.38
2026-04-15 13:53:45,894 - Episodio: 680/800 | Reward:  294.62 | Temp: 0.010 | MA (100 ep):  252.50
2026-04-15 13:53:46,658 - Episodio: 681/800 | Reward:  288.70 | Temp: 0.010 | MA (100 ep):  252.59
2026-04-15 13:53:47,514 - Episodio: 682/800 | Reward:  251.10 | Temp: 0.010 | MA (100 ep):  252.24
2026-04-15 13:53:48,212 - Episodio: 683/800 | Reward:  274.97 | Temp: 0.010 | MA (100 ep):  252.14
2026-04-15 13:53:48,964 - Episodio: 684/800 | Reward:  277.31 | Temp: 0.010 | MA (100 ep):  252.19
2026-04-15 13:53:49,560 - Episodio: 685/800 | Reward:  294.40 | Temp: 0.010 | MA (100 ep):  252.39
2026-04-15 13:53:50,278 - Episodio: 686/800 | Reward:  278.05 | Temp: 0.010 | MA (100 ep):  252.28
2026-04-15 13:53:51,189 - Episodio: 687/800 | Reward:  300.69 | Temp: 0.010 | MA (100 ep):  252.38
2026-04-15 13:53:51,901 - Episodio: 688/800 | Reward:  281.93 | Temp: 0.010 | MA (100 ep):  252.26
2026-04-15 13:53:52,579 - Episodio: 689/800 | Reward:  289.78 | Temp: 0.010 | MA (100 ep):  252.47
2026-04-15 13:53:53,149 - Episodio: 690/800 | Reward:  299.78 | Temp: 0.010 | MA (100 ep):  252.71
2026-04-15 13:53:54,018 - Episodio: 691/800 | Reward:   51.85 | Temp: 0.010 | MA (100 ep):  250.16
2026-04-15 13:53:54,685 - Episodio: 692/800 | Reward:  261.31 | Temp: 0.010 | MA (100 ep):  250.33
2026-04-15 13:53:55,429 - Episodio: 693/800 | Reward:  281.09 | Temp: 0.010 | MA (100 ep):  250.76
2026-04-15 13:53:56,373 - Episodio: 694/800 | Reward:  294.32 | Temp: 0.010 | MA (100 ep):  251.64
2026-04-15 13:53:56,905 - Episodio: 695/800 | Reward:   59.29 | Temp: 0.010 | MA (100 ep):  249.52
2026-04-15 13:53:57,735 - Episodio: 696/800 | Reward:  285.36 | Temp: 0.010 | MA (100 ep):  249.86
2026-04-15 13:53:58,376 - Episodio: 697/800 | Reward:  276.85 | Temp: 0.010 | MA (100 ep):  252.56
2026-04-15 13:53:59,455 - Episodio: 698/800 | Reward:  277.99 | Temp: 0.010 | MA (100 ep):  252.37
2026-04-15 13:53:59,897 - Episodio: 699/800 | Reward:   31.30 | Temp: 0.010 | MA (100 ep):  251.71
2026-04-15 13:54:00,622 - Episodio: 700/800 | Reward:  291.38 | Temp: 0.010 | MA (100 ep):  251.92
2026-04-15 13:54:00,622 - --- Inizio Evaluation run all'Episodio 700 ---
2026-04-15 13:54:03,718 - *** EVALUATION | Epi: 700 | Mean Reward (50 Run):  238.70 ± 100.79 ***
2026-04-15 13:54:03,718 - --- Fine Evaluation ---
2026-04-15 13:54:04,243 - Episodio: 701/800 | Reward:   21.63 | Temp: 0.010 | MA (100 ep):  249.48
2026-04-15 13:54:04,827 - Episodio: 702/800 | Reward:  245.40 | Temp: 0.010 | MA (100 ep):  248.79
2026-04-15 13:54:05,731 - Episodio: 703/800 | Reward:  271.45 | Temp: 0.010 | MA (100 ep):  248.31
2026-04-15 13:54:06,460 - Episodio: 704/800 | Reward:  279.05 | Temp: 0.010 | MA (100 ep):  248.10
2026-04-15 13:54:07,104 - Episodio: 705/800 | Reward:  259.08 | Temp: 0.010 | MA (100 ep):  247.90
2026-04-15 13:54:07,856 - Episodio: 706/800 | Reward:  290.73 | Temp: 0.010 | MA (100 ep):  247.80
2026-04-15 13:54:08,857 - Episodio: 707/800 | Reward:  300.35 | Temp: 0.010 | MA (100 ep):  248.00
2026-04-15 13:54:09,968 - Episodio: 708/800 | Reward:  274.34 | Temp: 0.010 | MA (100 ep):  248.06
2026-04-15 13:54:10,854 - Episodio: 709/800 | Reward:  263.45 | Temp: 0.010 | MA (100 ep):  247.76
2026-04-15 13:54:12,426 - Episodio: 710/800 | Reward:  251.14 | Temp: 0.010 | MA (100 ep):  247.12
2026-04-15 13:54:13,011 - Episodio: 711/800 | Reward:  269.07 | Temp: 0.010 | MA (100 ep):  246.88
2026-04-15 13:54:13,598 - Episodio: 712/800 | Reward:  281.32 | Temp: 0.010 | MA (100 ep):  247.19
2026-04-15 13:54:14,083 - Episodio: 713/800 | Reward:   40.23 | Temp: 0.010 | MA (100 ep):  244.73
2026-04-15 13:54:14,633 - Episodio: 714/800 | Reward:  290.75 | Temp: 0.010 | MA (100 ep):  244.74
2026-04-15 13:54:15,268 - Episodio: 715/800 | Reward:  242.75 | Temp: 0.010 | MA (100 ep):  247.12
2026-04-15 13:54:16,838 - Episodio: 716/800 | Reward:  255.88 | Temp: 0.010 | MA (100 ep):  246.89
2026-04-15 13:54:17,263 - Episodio: 717/800 | Reward:   -0.63 | Temp: 0.010 | MA (100 ep):  244.44
2026-04-15 13:54:17,975 - Episodio: 718/800 | Reward:  289.60 | Temp: 0.010 | MA (100 ep):  244.31
2026-04-15 13:54:18,563 - Episodio: 719/800 | Reward:  289.95 | Temp: 0.010 | MA (100 ep):  244.19
2026-04-15 13:54:19,352 - Episodio: 720/800 | Reward:  275.52 | Temp: 0.010 | MA (100 ep):  244.45
2026-04-15 13:54:19,931 - Episodio: 721/800 | Reward:  284.30 | Temp: 0.010 | MA (100 ep):  244.77
2026-04-15 13:54:20,860 - Episodio: 722/800 | Reward:  249.92 | Temp: 0.010 | MA (100 ep):  244.53
2026-04-15 13:54:21,585 - Episodio: 723/800 | Reward:  285.93 | Temp: 0.010 | MA (100 ep):  244.53
2026-04-15 13:54:22,197 - Episodio: 724/800 | Reward:  289.67 | Temp: 0.010 | MA (100 ep):  244.62
2026-04-15 13:54:24,739 - Episodio: 725/800 | Reward:  260.97 | Temp: 0.010 | MA (100 ep):  244.39
2026-04-15 13:54:25,241 - Episodio: 726/800 | Reward:   41.21 | Temp: 0.010 | MA (100 ep):  241.75
2026-04-15 13:54:25,809 - Episodio: 727/800 | Reward:   57.70 | Temp: 0.010 | MA (100 ep):  239.49
2026-04-15 13:54:26,580 - Episodio: 728/800 | Reward:  280.00 | Temp: 0.010 | MA (100 ep):  239.36
2026-04-15 13:54:27,201 - Episodio: 729/800 | Reward:  278.50 | Temp: 0.010 | MA (100 ep):  239.53
2026-04-15 13:54:27,788 - Episodio: 730/800 | Reward:  281.37 | Temp: 0.010 | MA (100 ep):  239.92
2026-04-15 13:54:28,424 - Episodio: 731/800 | Reward:  288.01 | Temp: 0.010 | MA (100 ep):  239.75
2026-04-15 13:54:29,090 - Episodio: 732/800 | Reward:  255.24 | Temp: 0.010 | MA (100 ep):  239.43
2026-04-15 13:54:29,636 - Episodio: 733/800 | Reward:  288.42 | Temp: 0.010 | MA (100 ep):  239.14
2026-04-15 13:54:30,375 - Episodio: 734/800 | Reward:  255.55 | Temp: 0.010 | MA (100 ep):  238.90
2026-04-15 13:54:31,235 - Episodio: 735/800 | Reward:  279.68 | Temp: 0.010 | MA (100 ep):  242.14
2026-04-15 13:54:31,961 - Episodio: 736/800 | Reward:  268.41 | Temp: 0.010 | MA (100 ep):  241.79
2026-04-15 13:54:32,587 - Episodio: 737/800 | Reward:  248.92 | Temp: 0.010 | MA (100 ep):  241.52
2026-04-15 13:54:33,345 - Episodio: 738/800 | Reward:  281.93 | Temp: 0.010 | MA (100 ep):  241.51
2026-04-15 13:54:33,835 - Episodio: 739/800 | Reward:   52.45 | Temp: 0.010 | MA (100 ep):  239.23
2026-04-15 13:54:34,529 - Episodio: 740/800 | Reward:  274.69 | Temp: 0.010 | MA (100 ep):  239.18
2026-04-15 13:54:35,462 - Episodio: 741/800 | Reward:  300.73 | Temp: 0.010 | MA (100 ep):  242.10
2026-04-15 13:54:36,190 - Episodio: 742/800 | Reward:  277.12 | Temp: 0.010 | MA (100 ep):  241.82
2026-04-15 13:54:36,840 - Episodio: 743/800 | Reward:  282.94 | Temp: 0.010 | MA (100 ep):  242.10
2026-04-15 13:54:37,521 - Episodio: 744/800 | Reward:  282.27 | Temp: 0.010 | MA (100 ep):  242.20
2026-04-15 13:54:38,360 - Episodio: 745/800 | Reward:  287.90 | Temp: 0.010 | MA (100 ep):  242.17
2026-04-15 13:54:38,999 - Episodio: 746/800 | Reward:  237.43 | Temp: 0.010 | MA (100 ep):  241.74
2026-04-15 13:54:39,539 - Episodio: 747/800 | Reward: -229.84 | Temp: 0.010 | MA (100 ep):  239.02
2026-04-15 13:54:40,285 - Episodio: 748/800 | Reward:  283.29 | Temp: 0.010 | MA (100 ep):  238.81
2026-04-15 13:54:41,169 - Episodio: 749/800 | Reward:  291.01 | Temp: 0.010 | MA (100 ep):  238.86
2026-04-15 13:54:41,973 - Episodio: 750/800 | Reward:  290.46 | Temp: 0.010 | MA (100 ep):  239.10
2026-04-15 13:54:41,973 - --- Inizio Evaluation run all'Episodio 750 ---
2026-04-15 13:54:45,239 - *** EVALUATION | Epi: 750 | Mean Reward (50 Run):  265.07 ± 49.08 ***
2026-04-15 13:54:45,239 - --- Fine Evaluation ---
2026-04-15 13:54:46,611 - Episodio: 751/800 | Reward:  234.55 | Temp: 0.010 | MA (100 ep):  241.45
2026-04-15 13:54:47,325 - Episodio: 752/800 | Reward:  311.61 | Temp: 0.010 | MA (100 ep):  242.07
2026-04-15 13:54:47,973 - Episodio: 753/800 | Reward:  279.87 | Temp: 0.010 | MA (100 ep):  241.92
2026-04-15 13:54:48,622 - Episodio: 754/800 | Reward:  260.71 | Temp: 0.010 | MA (100 ep):  241.72
2026-04-15 13:54:49,424 - Episodio: 755/800 | Reward:  307.06 | Temp: 0.010 | MA (100 ep):  241.99
2026-04-15 13:54:50,286 - Episodio: 756/800 | Reward:  293.10 | Temp: 0.010 | MA (100 ep):  242.11
2026-04-15 13:54:51,055 - Episodio: 757/800 | Reward:  290.70 | Temp: 0.010 | MA (100 ep):  242.28
2026-04-15 13:54:51,730 - Episodio: 758/800 | Reward:  282.31 | Temp: 0.010 | MA (100 ep):  242.08
2026-04-15 13:54:52,455 - Episodio: 759/800 | Reward:  267.60 | Temp: 0.010 | MA (100 ep):  241.79
2026-04-15 13:54:53,279 - Episodio: 760/800 | Reward:  272.60 | Temp: 0.010 | MA (100 ep):  241.58
2026-04-15 13:54:53,832 - Episodio: 761/800 | Reward:  289.85 | Temp: 0.010 | MA (100 ep):  241.89
2026-04-15 13:54:54,167 - Episodio: 762/800 | Reward:   23.44 | Temp: 0.010 | MA (100 ep):  241.75
2026-04-15 13:54:55,007 - Episodio: 763/800 | Reward:  299.36 | Temp: 0.010 | MA (100 ep):  241.93
2026-04-15 13:54:55,707 - Episodio: 764/800 | Reward:  286.13 | Temp: 0.010 | MA (100 ep):  242.06
2026-04-15 13:54:56,484 - Episodio: 765/800 | Reward:  290.52 | Temp: 0.010 | MA (100 ep):  242.19
2026-04-15 13:54:57,228 - Episodio: 766/800 | Reward:  242.02 | Temp: 0.010 | MA (100 ep):  241.71
2026-04-15 13:54:57,952 - Episodio: 767/800 | Reward:  249.42 | Temp: 0.010 | MA (100 ep):  241.20
2026-04-15 13:54:58,755 - Episodio: 768/800 | Reward:  263.22 | Temp: 0.010 | MA (100 ep):  241.15
2026-04-15 13:55:00,067 - Episodio: 769/800 | Reward:  270.77 | Temp: 0.010 | MA (100 ep):  241.06
2026-04-15 13:55:00,766 - Episodio: 770/800 | Reward:  262.28 | Temp: 0.010 | MA (100 ep):  243.47
2026-04-15 13:55:01,390 - Episodio: 771/800 | Reward:  287.99 | Temp: 0.010 | MA (100 ep):  243.65
2026-04-15 13:55:02,431 - Episodio: 772/800 | Reward:  226.38 | Temp: 0.010 | MA (100 ep):  245.34
2026-04-15 13:55:03,262 - Episodio: 773/800 | Reward:  293.89 | Temp: 0.010 | MA (100 ep):  245.52
2026-04-15 13:55:03,966 - Episodio: 774/800 | Reward:  246.87 | Temp: 0.010 | MA (100 ep):  245.25
2026-04-15 13:55:04,894 - Episodio: 775/800 | Reward:  285.64 | Temp: 0.010 | MA (100 ep):  247.57
2026-04-15 13:55:05,560 - Episodio: 776/800 | Reward:  282.81 | Temp: 0.010 | MA (100 ep):  247.45
2026-04-15 13:55:06,467 - Episodio: 777/800 | Reward:  305.58 | Temp: 0.010 | MA (100 ep):  248.03
2026-04-15 13:55:06,975 - Episodio: 778/800 | Reward:   39.62 | Temp: 0.010 | MA (100 ep):  245.68
2026-04-15 13:55:07,982 - Episodio: 779/800 | Reward:  285.91 | Temp: 0.010 | MA (100 ep):  245.71
2026-04-15 13:55:08,362 - Episodio: 780/800 | Reward:  -32.25 | Temp: 0.010 | MA (100 ep):  242.44
2026-04-15 13:55:09,025 - Episodio: 781/800 | Reward:  288.12 | Temp: 0.010 | MA (100 ep):  242.44
2026-04-15 13:55:09,826 - Episodio: 782/800 | Reward:  274.08 | Temp: 0.010 | MA (100 ep):  242.67
2026-04-15 13:55:10,438 - Episodio: 783/800 | Reward:  267.21 | Temp: 0.010 | MA (100 ep):  242.59
2026-04-15 13:55:11,051 - Episodio: 784/800 | Reward:  256.38 | Temp: 0.010 | MA (100 ep):  242.38
2026-04-15 13:55:11,905 - Episodio: 785/800 | Reward:  281.76 | Temp: 0.010 | MA (100 ep):  242.25
2026-04-15 13:55:12,558 - Episodio: 786/800 | Reward:  260.63 | Temp: 0.010 | MA (100 ep):  242.08
2026-04-15 13:55:13,514 - Episodio: 787/800 | Reward:  241.63 | Temp: 0.010 | MA (100 ep):  241.49
2026-04-15 13:55:13,886 - Episodio: 788/800 | Reward:   24.50 | Temp: 0.010 | MA (100 ep):  238.91
2026-04-15 13:55:15,401 - Episodio: 789/800 | Reward:  187.57 | Temp: 0.010 | MA (100 ep):  237.89
2026-04-15 13:55:15,827 - Episodio: 790/800 | Reward:    4.21 | Temp: 0.010 | MA (100 ep):  234.94
2026-04-15 13:55:16,281 - Episodio: 791/800 | Reward:   10.23 | Temp: 0.010 | MA (100 ep):  234.52
2026-04-15 13:55:17,010 - Episodio: 792/800 | Reward:  281.62 | Temp: 0.010 | MA (100 ep):  234.72
2026-04-15 13:55:17,628 - Episodio: 793/800 | Reward:  285.23 | Temp: 0.010 | MA (100 ep):  234.76
2026-04-15 13:55:18,307 - Episodio: 794/800 | Reward:  269.35 | Temp: 0.010 | MA (100 ep):  234.51
2026-04-15 13:55:19,839 - Episodio: 795/800 | Reward:  291.10 | Temp: 0.010 | MA (100 ep):  236.83
2026-04-15 13:55:20,587 - Episodio: 796/800 | Reward:  275.56 | Temp: 0.010 | MA (100 ep):  236.73
2026-04-15 13:55:21,025 - Episodio: 797/800 | Reward:   51.88 | Temp: 0.010 | MA (100 ep):  234.48
2026-04-15 13:55:22,092 - Episodio: 798/800 | Reward:  278.30 | Temp: 0.010 | MA (100 ep):  234.49
2026-04-15 13:55:22,686 - Episodio: 799/800 | Reward:  273.27 | Temp: 0.010 | MA (100 ep):  236.91
2026-04-15 13:55:23,378 - Episodio: 800/800 | Reward:  254.49 | Temp: 0.010 | MA (100 ep):  236.54
2026-04-15 13:55:23,378 - --- Inizio Evaluation run all'Episodio 800 ---
2026-04-15 13:55:26,564 - *** EVALUATION | Epi: 800 | Mean Reward (50 Run):  213.90 ± 127.63 ***
2026-04-15 13:55:26,564 - --- Fine Evaluation ---
2026-04-15 13:55:26,564 - Model run 4 saved in temp/model_expected_sarsa_run4_20260415_124055.pth.
2026-04-15 13:55:26,564 - ========== INIZIO RUN 5/5 ==========
2026-04-15 13:55:26,612 - Episodio: 001/800 | Reward: -146.82 | Temp: 0.992 | MA (100 ep): -146.82
2026-04-15 13:55:26,771 - Episodio: 002/800 | Reward:  -49.53 | Temp: 0.984 | MA (100 ep):  -98.18
2026-04-15 13:55:26,972 - Episodio: 003/800 | Reward: -407.09 | Temp: 0.976 | MA (100 ep): -201.15
2026-04-15 13:55:27,460 - Episodio: 004/800 | Reward: -135.40 | Temp: 0.968 | MA (100 ep): -184.71
2026-04-15 13:55:27,772 - Episodio: 005/800 | Reward: -444.81 | Temp: 0.961 | MA (100 ep): -236.73
2026-04-15 13:55:28,289 - Episodio: 006/800 | Reward: -144.23 | Temp: 0.953 | MA (100 ep): -221.31
2026-04-15 13:55:28,764 - Episodio: 007/800 | Reward: -210.02 | Temp: 0.945 | MA (100 ep): -219.70
2026-04-15 13:55:29,126 - Episodio: 008/800 | Reward:  -64.47 | Temp: 0.938 | MA (100 ep): -200.30
2026-04-15 13:55:29,558 - Episodio: 009/800 | Reward: -131.53 | Temp: 0.930 | MA (100 ep): -192.66
2026-04-15 13:55:30,048 - Episodio: 010/800 | Reward: -214.80 | Temp: 0.923 | MA (100 ep): -194.87
2026-04-15 13:55:30,694 - Episodio: 011/800 | Reward:  -22.94 | Temp: 0.915 | MA (100 ep): -179.24
2026-04-15 13:55:31,277 - Episodio: 012/800 | Reward: -169.61 | Temp: 0.908 | MA (100 ep): -178.44
2026-04-15 13:55:31,706 - Episodio: 013/800 | Reward: -218.24 | Temp: 0.901 | MA (100 ep): -181.50
2026-04-15 13:55:32,651 - Episodio: 014/800 | Reward: -141.02 | Temp: 0.894 | MA (100 ep): -178.61
2026-04-15 13:55:33,357 - Episodio: 015/800 | Reward: -319.72 | Temp: 0.886 | MA (100 ep): -188.02
2026-04-15 13:55:33,898 - Episodio: 016/800 | Reward: -250.63 | Temp: 0.879 | MA (100 ep): -191.93
2026-04-15 13:55:34,674 - Episodio: 017/800 | Reward:  -79.32 | Temp: 0.872 | MA (100 ep): -185.30
2026-04-15 13:55:35,362 - Episodio: 018/800 | Reward: -347.01 | Temp: 0.865 | MA (100 ep): -194.29
2026-04-15 13:55:35,807 - Episodio: 019/800 | Reward: -151.53 | Temp: 0.858 | MA (100 ep): -192.04
2026-04-15 13:55:36,419 - Episodio: 020/800 | Reward: -292.64 | Temp: 0.852 | MA (100 ep): -197.07
2026-04-15 13:55:36,848 - Episodio: 021/800 | Reward: -297.84 | Temp: 0.845 | MA (100 ep): -201.87
2026-04-15 13:55:37,527 - Episodio: 022/800 | Reward: -147.31 | Temp: 0.838 | MA (100 ep): -199.39
2026-04-15 13:55:38,143 - Episodio: 023/800 | Reward:  -87.65 | Temp: 0.831 | MA (100 ep): -194.53
2026-04-15 13:55:38,724 - Episodio: 024/800 | Reward: -280.89 | Temp: 0.825 | MA (100 ep): -198.13
2026-04-15 13:55:39,189 - Episodio: 025/800 | Reward: -377.46 | Temp: 0.818 | MA (100 ep): -205.30
2026-04-15 13:55:40,146 - Episodio: 026/800 | Reward:  -77.89 | Temp: 0.812 | MA (100 ep): -200.40
2026-04-15 13:55:40,748 - Episodio: 027/800 | Reward:  -62.93 | Temp: 0.805 | MA (100 ep): -195.31
2026-04-15 13:55:41,280 - Episodio: 028/800 | Reward: -165.29 | Temp: 0.799 | MA (100 ep): -194.24
2026-04-15 13:55:41,962 - Episodio: 029/800 | Reward: -351.17 | Temp: 0.792 | MA (100 ep): -199.65
2026-04-15 13:55:42,390 - Episodio: 030/800 | Reward: -177.89 | Temp: 0.786 | MA (100 ep): -198.92
2026-04-15 13:55:43,141 - Episodio: 031/800 | Reward: -296.02 | Temp: 0.780 | MA (100 ep): -202.05
2026-04-15 13:55:43,825 - Episodio: 032/800 | Reward: -344.93 | Temp: 0.773 | MA (100 ep): -206.52
2026-04-15 13:55:44,424 - Episodio: 033/800 | Reward:  -30.75 | Temp: 0.767 | MA (100 ep): -201.19
2026-04-15 13:55:45,034 - Episodio: 034/800 | Reward:  -72.05 | Temp: 0.761 | MA (100 ep): -197.39
2026-04-15 13:55:45,951 - Episodio: 035/800 | Reward: -105.63 | Temp: 0.755 | MA (100 ep): -194.77
2026-04-15 13:55:46,915 - Episodio: 036/800 | Reward: -148.52 | Temp: 0.749 | MA (100 ep): -193.49
2026-04-15 13:55:47,576 - Episodio: 037/800 | Reward: -200.43 | Temp: 0.743 | MA (100 ep): -193.68
2026-04-15 13:55:48,970 - Episodio: 038/800 | Reward: -254.59 | Temp: 0.737 | MA (100 ep): -195.28
2026-04-15 13:55:49,811 - Episodio: 039/800 | Reward:  -78.41 | Temp: 0.731 | MA (100 ep): -192.28
2026-04-15 13:55:50,357 - Episodio: 040/800 | Reward: -337.83 | Temp: 0.725 | MA (100 ep): -195.92
2026-04-15 13:55:53,699 - Episodio: 041/800 | Reward: -139.17 | Temp: 0.719 | MA (100 ep): -194.54
2026-04-15 13:55:56,516 - Episodio: 042/800 | Reward:  -93.14 | Temp: 0.714 | MA (100 ep): -192.12
2026-04-15 13:55:57,387 - Episodio: 043/800 | Reward:  -54.37 | Temp: 0.708 | MA (100 ep): -188.92
2026-04-15 13:56:01,118 - Episodio: 044/800 | Reward:  -69.21 | Temp: 0.702 | MA (100 ep): -186.20
2026-04-15 13:56:04,190 - Episodio: 045/800 | Reward: -157.11 | Temp: 0.697 | MA (100 ep): -185.55
2026-04-15 13:56:07,857 - Episodio: 046/800 | Reward:  -45.06 | Temp: 0.691 | MA (100 ep): -182.50
2026-04-15 13:56:09,446 - Episodio: 047/800 | Reward:  -10.94 | Temp: 0.686 | MA (100 ep): -178.85
2026-04-15 13:56:12,252 - Episodio: 048/800 | Reward: -113.25 | Temp: 0.680 | MA (100 ep): -177.48
2026-04-15 13:56:15,726 - Episodio: 049/800 | Reward:  -80.60 | Temp: 0.675 | MA (100 ep): -175.50
2026-04-15 13:56:19,378 - Episodio: 050/800 | Reward:  -18.85 | Temp: 0.669 | MA (100 ep): -172.37
2026-04-15 13:56:19,378 - --- Inizio Evaluation run all'Episodio 50 ---
2026-04-15 13:56:27,853 - *** EVALUATION | Epi: 050 | Mean Reward (50 Run): -265.52 ± 80.04 ***
2026-04-15 13:56:27,853 - --- Fine Evaluation ---
2026-04-15 13:56:31,403 - Episodio: 051/800 | Reward:  -71.90 | Temp: 0.664 | MA (100 ep): -170.40
2026-04-15 13:56:34,839 - Episodio: 052/800 | Reward:  -18.33 | Temp: 0.659 | MA (100 ep): -167.48
2026-04-15 13:56:38,374 - Episodio: 053/800 | Reward:  -10.47 | Temp: 0.653 | MA (100 ep): -164.51
2026-04-15 13:56:41,894 - Episodio: 054/800 | Reward:  -10.17 | Temp: 0.648 | MA (100 ep): -161.66
2026-04-15 13:56:45,493 - Episodio: 055/800 | Reward:  -44.47 | Temp: 0.643 | MA (100 ep): -159.53
2026-04-15 13:56:48,725 - Episodio: 056/800 | Reward: -139.21 | Temp: 0.638 | MA (100 ep): -159.16
2026-04-15 13:56:52,379 - Episodio: 057/800 | Reward:  -62.79 | Temp: 0.633 | MA (100 ep): -157.47
2026-04-15 13:56:55,920 - Episodio: 058/800 | Reward:  -89.51 | Temp: 0.628 | MA (100 ep): -156.30
2026-04-15 13:56:57,070 - Episodio: 059/800 | Reward:  -70.96 | Temp: 0.623 | MA (100 ep): -154.85
2026-04-15 13:57:00,767 - Episodio: 060/800 | Reward:  -25.49 | Temp: 0.618 | MA (100 ep): -152.70
2026-04-15 13:57:04,412 - Episodio: 061/800 | Reward:  -38.14 | Temp: 0.613 | MA (100 ep): -150.82
2026-04-15 13:57:06,401 - Episodio: 062/800 | Reward:  171.47 | Temp: 0.608 | MA (100 ep): -145.62
2026-04-15 13:57:09,936 - Episodio: 063/800 | Reward:  -33.92 | Temp: 0.603 | MA (100 ep): -143.85
2026-04-15 13:57:13,501 - Episodio: 064/800 | Reward:  -55.83 | Temp: 0.598 | MA (100 ep): -142.47
2026-04-15 13:57:17,030 - Episodio: 065/800 | Reward:  -49.69 | Temp: 0.593 | MA (100 ep): -141.05
2026-04-15 13:57:20,529 - Episodio: 066/800 | Reward:  -41.26 | Temp: 0.589 | MA (100 ep): -139.53
2026-04-15 13:57:20,900 - Episodio: 067/800 | Reward:  -31.49 | Temp: 0.584 | MA (100 ep): -137.92
2026-04-15 13:57:23,048 - Episodio: 068/800 | Reward:  175.85 | Temp: 0.579 | MA (100 ep): -133.31
2026-04-15 13:57:26,665 - Episodio: 069/800 | Reward:  -19.68 | Temp: 0.575 | MA (100 ep): -131.66
2026-04-15 13:57:30,176 - Episodio: 070/800 | Reward:  -37.72 | Temp: 0.570 | MA (100 ep): -130.32
2026-04-15 13:57:30,427 - Episodio: 071/800 | Reward: -109.86 | Temp: 0.565 | MA (100 ep): -130.03
2026-04-15 13:57:33,980 - Episodio: 072/800 | Reward:  -11.89 | Temp: 0.561 | MA (100 ep): -128.39
2026-04-15 13:57:37,469 - Episodio: 073/800 | Reward:  -43.54 | Temp: 0.556 | MA (100 ep): -127.23
2026-04-15 13:57:37,770 - Episodio: 074/800 | Reward:  -76.46 | Temp: 0.552 | MA (100 ep): -126.54
2026-04-15 13:57:41,362 - Episodio: 075/800 | Reward:  -37.82 | Temp: 0.547 | MA (100 ep): -125.36
2026-04-15 13:57:44,958 - Episodio: 076/800 | Reward:  -63.85 | Temp: 0.543 | MA (100 ep): -124.55
2026-04-15 13:57:48,529 - Episodio: 077/800 | Reward:  -68.21 | Temp: 0.539 | MA (100 ep): -123.82
2026-04-15 13:57:52,163 - Episodio: 078/800 | Reward:  -65.68 | Temp: 0.534 | MA (100 ep): -123.07
2026-04-15 13:57:55,780 - Episodio: 079/800 | Reward: -110.55 | Temp: 0.530 | MA (100 ep): -122.91
2026-04-15 13:57:57,517 - Episodio: 080/800 | Reward: -131.03 | Temp: 0.526 | MA (100 ep): -123.01
2026-04-15 13:57:58,098 - Episodio: 081/800 | Reward: -114.25 | Temp: 0.522 | MA (100 ep): -122.91
2026-04-15 13:58:00,448 - Episodio: 082/800 | Reward:  119.97 | Temp: 0.518 | MA (100 ep): -119.94
2026-04-15 13:58:00,766 - Episodio: 083/800 | Reward:  -65.43 | Temp: 0.513 | MA (100 ep): -119.29
2026-04-15 13:58:04,431 - Episodio: 084/800 | Reward:   -2.68 | Temp: 0.509 | MA (100 ep): -117.90
2026-04-15 13:58:08,026 - Episodio: 085/800 | Reward:  -10.28 | Temp: 0.505 | MA (100 ep): -116.63
2026-04-15 13:58:08,376 - Episodio: 086/800 | Reward:  -54.71 | Temp: 0.501 | MA (100 ep): -115.91
2026-04-15 13:58:11,903 - Episodio: 087/800 | Reward:  -72.48 | Temp: 0.497 | MA (100 ep): -115.41
2026-04-15 13:58:15,542 - Episodio: 088/800 | Reward:  -80.12 | Temp: 0.493 | MA (100 ep): -115.01
2026-04-15 13:58:19,070 - Episodio: 089/800 | Reward:  -21.36 | Temp: 0.489 | MA (100 ep): -113.96
2026-04-15 13:58:22,639 - Episodio: 090/800 | Reward:  -40.73 | Temp: 0.485 | MA (100 ep): -113.15
2026-04-15 13:58:26,170 - Episodio: 091/800 | Reward: -123.16 | Temp: 0.481 | MA (100 ep): -113.26
2026-04-15 13:58:29,635 - Episodio: 092/800 | Reward:  -40.80 | Temp: 0.478 | MA (100 ep): -112.47
2026-04-15 13:58:33,281 - Episodio: 093/800 | Reward:  -23.59 | Temp: 0.474 | MA (100 ep): -111.51
2026-04-15 13:58:36,871 - Episodio: 094/800 | Reward:   -8.76 | Temp: 0.470 | MA (100 ep): -110.42
2026-04-15 13:58:37,220 - Episodio: 095/800 | Reward:  -69.86 | Temp: 0.466 | MA (100 ep): -109.99
2026-04-15 13:58:38,669 - Episodio: 096/800 | Reward:  -53.19 | Temp: 0.463 | MA (100 ep): -109.40
2026-04-15 13:58:42,270 - Episodio: 097/800 | Reward:  -81.69 | Temp: 0.459 | MA (100 ep): -109.12
2026-04-15 13:58:45,967 - Episodio: 098/800 | Reward:   -6.39 | Temp: 0.455 | MA (100 ep): -108.07
2026-04-15 13:58:49,443 - Episodio: 099/800 | Reward:  -10.47 | Temp: 0.451 | MA (100 ep): -107.08
2026-04-15 13:58:53,087 - Episodio: 100/800 | Reward:  -51.62 | Temp: 0.448 | MA (100 ep): -106.53
2026-04-15 13:58:53,087 - --- Inizio Evaluation run all'Episodio 100 ---
2026-04-15 13:59:05,808 - *** EVALUATION | Epi: 100 | Mean Reward (50 Run):  -35.96 ± 51.83 ***
2026-04-15 13:59:05,808 - --- Fine Evaluation ---
2026-04-15 13:59:09,367 - Episodio: 101/800 | Reward:   -1.63 | Temp: 0.444 | MA (100 ep): -105.08
2026-04-15 13:59:12,894 - Episodio: 102/800 | Reward:    2.34 | Temp: 0.441 | MA (100 ep): -104.56
2026-04-15 13:59:16,477 - Episodio: 103/800 | Reward:   -9.40 | Temp: 0.437 | MA (100 ep): -100.58
2026-04-15 13:59:20,038 - Episodio: 104/800 | Reward:   17.74 | Temp: 0.434 | MA (100 ep):  -99.05
2026-04-15 13:59:23,650 - Episodio: 105/800 | Reward:   18.08 | Temp: 0.430 | MA (100 ep):  -94.42
2026-04-15 13:59:27,258 - Episodio: 106/800 | Reward:  -35.18 | Temp: 0.427 | MA (100 ep):  -93.33
2026-04-15 13:59:30,897 - Episodio: 107/800 | Reward:  -25.58 | Temp: 0.423 | MA (100 ep):  -91.48
2026-04-15 13:59:33,597 - Episodio: 108/800 | Reward: -182.40 | Temp: 0.420 | MA (100 ep):  -92.66
2026-04-15 13:59:37,219 - Episodio: 109/800 | Reward:   77.54 | Temp: 0.417 | MA (100 ep):  -90.57
2026-04-15 13:59:40,894 - Episodio: 110/800 | Reward:  -12.31 | Temp: 0.413 | MA (100 ep):  -88.55
2026-04-15 13:59:42,578 - Episodio: 111/800 | Reward:  -17.08 | Temp: 0.410 | MA (100 ep):  -88.49
2026-04-15 13:59:45,235 - Episodio: 112/800 | Reward:  138.91 | Temp: 0.407 | MA (100 ep):  -85.40
2026-04-15 13:59:47,920 - Episodio: 113/800 | Reward:  160.49 | Temp: 0.403 | MA (100 ep):  -81.62
2026-04-15 13:59:51,550 - Episodio: 114/800 | Reward:  144.93 | Temp: 0.400 | MA (100 ep):  -78.76
2026-04-15 13:59:55,120 - Episodio: 115/800 | Reward:   18.42 | Temp: 0.397 | MA (100 ep):  -75.38
2026-04-15 13:59:58,764 - Episodio: 116/800 | Reward:   58.11 | Temp: 0.394 | MA (100 ep):  -72.29
2026-04-15 14:00:00,497 - Episodio: 117/800 | Reward:  178.45 | Temp: 0.391 | MA (100 ep):  -69.71
2026-04-15 14:00:00,886 - Episodio: 118/800 | Reward: -278.96 | Temp: 0.388 | MA (100 ep):  -69.03
2026-04-15 14:00:04,635 - Episodio: 119/800 | Reward:  113.93 | Temp: 0.384 | MA (100 ep):  -66.38
2026-04-15 14:00:08,337 - Episodio: 120/800 | Reward:   43.07 | Temp: 0.381 | MA (100 ep):  -63.02
2026-04-15 14:00:10,269 - Episodio: 121/800 | Reward:  204.43 | Temp: 0.378 | MA (100 ep):  -58.00
2026-04-15 14:00:11,171 - Episodio: 122/800 | Reward: -175.12 | Temp: 0.375 | MA (100 ep):  -58.27
2026-04-15 14:00:15,689 - Episodio: 123/800 | Reward:  112.97 | Temp: 0.372 | MA (100 ep):  -56.27
2026-04-15 14:00:20,223 - Episodio: 124/800 | Reward:  -36.13 | Temp: 0.369 | MA (100 ep):  -53.82
2026-04-15 14:00:24,564 - Episodio: 125/800 | Reward:  137.51 | Temp: 0.366 | MA (100 ep):  -48.67
2026-04-15 14:00:28,940 - Episodio: 126/800 | Reward:  138.70 | Temp: 0.363 | MA (100 ep):  -46.51
2026-04-15 14:00:33,064 - Episodio: 127/800 | Reward:  124.33 | Temp: 0.361 | MA (100 ep):  -44.63
2026-04-15 14:00:36,662 - Episodio: 128/800 | Reward:  160.75 | Temp: 0.358 | MA (100 ep):  -41.37
2026-04-15 14:00:40,335 - Episodio: 129/800 | Reward:   98.52 | Temp: 0.355 | MA (100 ep):  -36.88
2026-04-15 14:00:44,167 - Episodio: 130/800 | Reward:  147.21 | Temp: 0.352 | MA (100 ep):  -33.62
2026-04-15 14:00:47,750 - Episodio: 131/800 | Reward:  -17.64 | Temp: 0.349 | MA (100 ep):  -30.84
2026-04-15 14:00:51,464 - Episodio: 132/800 | Reward:  126.07 | Temp: 0.346 | MA (100 ep):  -26.13
2026-04-15 14:00:55,171 - Episodio: 133/800 | Reward:  114.27 | Temp: 0.344 | MA (100 ep):  -24.68
2026-04-15 14:00:58,838 - Episodio: 134/800 | Reward:  185.10 | Temp: 0.341 | MA (100 ep):  -22.11
2026-04-15 14:01:02,522 - Episodio: 135/800 | Reward:   84.78 | Temp: 0.338 | MA (100 ep):  -20.20
2026-04-15 14:01:06,224 - Episodio: 136/800 | Reward:  146.62 | Temp: 0.335 | MA (100 ep):  -17.25
2026-04-15 14:01:08,287 - Episodio: 137/800 | Reward:  216.52 | Temp: 0.333 | MA (100 ep):  -13.08
2026-04-15 14:01:09,103 - Episodio: 138/800 | Reward:   56.78 | Temp: 0.330 | MA (100 ep):   -9.97
2026-04-15 14:01:11,582 - Episodio: 139/800 | Reward: -129.50 | Temp: 0.327 | MA (100 ep):  -10.48
2026-04-15 14:01:15,323 - Episodio: 140/800 | Reward:   87.42 | Temp: 0.325 | MA (100 ep):   -6.23
2026-04-15 14:01:15,960 - Episodio: 141/800 | Reward:   37.81 | Temp: 0.322 | MA (100 ep):   -4.46
2026-04-15 14:01:19,809 - Episodio: 142/800 | Reward:  149.44 | Temp: 0.320 | MA (100 ep):   -2.03
2026-04-15 14:01:20,803 - Episodio: 143/800 | Reward:  -12.10 | Temp: 0.317 | MA (100 ep):   -1.61
2026-04-15 14:01:21,639 - Episodio: 144/800 | Reward:   23.21 | Temp: 0.315 | MA (100 ep):   -0.69
2026-04-15 14:01:25,345 - Episodio: 145/800 | Reward:  136.77 | Temp: 0.312 | MA (100 ep):    2.25
2026-04-15 14:01:26,012 - Episodio: 146/800 | Reward:   39.76 | Temp: 0.310 | MA (100 ep):    3.10
2026-04-15 14:01:27,201 - Episodio: 147/800 | Reward:   22.04 | Temp: 0.307 | MA (100 ep):    3.43
2026-04-15 14:01:30,950 - Episodio: 148/800 | Reward:  146.47 | Temp: 0.305 | MA (100 ep):    6.03
2026-04-15 14:01:34,668 - Episodio: 149/800 | Reward:  112.80 | Temp: 0.302 | MA (100 ep):    7.96
2026-04-15 14:01:36,302 - Episodio: 150/800 | Reward:  247.21 | Temp: 0.300 | MA (100 ep):   10.62
2026-04-15 14:01:36,302 - --- Inizio Evaluation run all'Episodio 150 ---
2026-04-15 14:01:43,466 - *** EVALUATION | Epi: 150 | Mean Reward (50 Run):   66.88 ± 149.90 ***
2026-04-15 14:01:43,466 - --- Fine Evaluation ---
2026-04-15 14:01:47,205 - Episodio: 151/800 | Reward:  125.67 | Temp: 0.297 | MA (100 ep):   12.60
2026-04-15 14:01:51,215 - Episodio: 152/800 | Reward:  154.39 | Temp: 0.295 | MA (100 ep):   14.33
2026-04-15 14:01:55,249 - Episodio: 153/800 | Reward:  130.91 | Temp: 0.293 | MA (100 ep):   15.74
2026-04-15 14:01:58,920 - Episodio: 154/800 | Reward:   27.83 | Temp: 0.290 | MA (100 ep):   16.12
2026-04-15 14:02:02,623 - Episodio: 155/800 | Reward:  -51.82 | Temp: 0.288 | MA (100 ep):   16.05
2026-04-15 14:02:06,365 - Episodio: 156/800 | Reward:  -91.98 | Temp: 0.286 | MA (100 ep):   16.52
2026-04-15 14:02:06,949 - Episodio: 157/800 | Reward:   -0.99 | Temp: 0.283 | MA (100 ep):   17.14
2026-04-15 14:02:07,879 - Episodio: 158/800 | Reward:  259.45 | Temp: 0.281 | MA (100 ep):   20.63
2026-04-15 14:02:08,479 - Episodio: 159/800 | Reward:  -33.07 | Temp: 0.279 | MA (100 ep):   21.00
2026-04-15 14:02:12,234 - Episodio: 160/800 | Reward:  167.52 | Temp: 0.277 | MA (100 ep):   22.93
2026-04-15 14:02:13,211 - Episodio: 161/800 | Reward:  245.35 | Temp: 0.274 | MA (100 ep):   25.77
2026-04-15 14:02:14,171 - Episodio: 162/800 | Reward:   -5.04 | Temp: 0.272 | MA (100 ep):   24.00
2026-04-15 14:02:17,815 - Episodio: 163/800 | Reward:  124.06 | Temp: 0.270 | MA (100 ep):   25.58
2026-04-15 14:02:21,568 - Episodio: 164/800 | Reward:  147.47 | Temp: 0.268 | MA (100 ep):   27.62
2026-04-15 14:02:25,342 - Episodio: 165/800 | Reward:  169.91 | Temp: 0.266 | MA (100 ep):   29.81
2026-04-15 14:02:27,637 - Episodio: 166/800 | Reward:  235.99 | Temp: 0.264 | MA (100 ep):   32.59
2026-04-15 14:02:29,234 - Episodio: 167/800 | Reward:  -67.88 | Temp: 0.261 | MA (100 ep):   32.22
2026-04-15 14:02:32,861 - Episodio: 168/800 | Reward:  184.07 | Temp: 0.259 | MA (100 ep):   32.30
2026-04-15 14:02:34,194 - Episodio: 169/800 | Reward:  244.08 | Temp: 0.257 | MA (100 ep):   34.94
2026-04-15 14:02:37,985 - Episodio: 170/800 | Reward:  105.49 | Temp: 0.255 | MA (100 ep):   36.37
2026-04-15 14:02:41,615 - Episodio: 171/800 | Reward:  156.49 | Temp: 0.253 | MA (100 ep):   39.04
2026-04-15 14:02:42,387 - Episodio: 172/800 | Reward:   37.99 | Temp: 0.251 | MA (100 ep):   39.54
2026-04-15 14:02:46,107 - Episodio: 173/800 | Reward:  192.59 | Temp: 0.249 | MA (100 ep):   41.90
2026-04-15 14:02:49,853 - Episodio: 174/800 | Reward:  160.79 | Temp: 0.247 | MA (100 ep):   44.27
2026-04-15 14:02:53,615 - Episodio: 175/800 | Reward:  158.86 | Temp: 0.245 | MA (100 ep):   46.24
2026-04-15 14:02:57,297 - Episodio: 176/800 | Reward:  156.86 | Temp: 0.243 | MA (100 ep):   48.44
2026-04-15 14:03:00,777 - Episodio: 177/800 | Reward:  225.36 | Temp: 0.241 | MA (100 ep):   51.38
2026-04-15 14:03:03,108 - Episodio: 178/800 | Reward:  -37.31 | Temp: 0.239 | MA (100 ep):   51.66
2026-04-15 14:03:06,844 - Episodio: 179/800 | Reward:   92.02 | Temp: 0.237 | MA (100 ep):   53.69
2026-04-15 14:03:10,602 - Episodio: 180/800 | Reward:  185.22 | Temp: 0.236 | MA (100 ep):   56.85
2026-04-15 14:03:14,322 - Episodio: 181/800 | Reward:  171.10 | Temp: 0.234 | MA (100 ep):   59.71
2026-04-15 14:03:17,994 - Episodio: 182/800 | Reward:  191.18 | Temp: 0.232 | MA (100 ep):   60.42
2026-04-15 14:03:18,343 - Episodio: 183/800 | Reward:  -80.87 | Temp: 0.230 | MA (100 ep):   60.26
2026-04-15 14:03:19,037 - Episodio: 184/800 | Reward:    1.84 | Temp: 0.228 | MA (100 ep):   60.31
2026-04-15 14:03:19,470 - Episodio: 185/800 | Reward:   22.16 | Temp: 0.226 | MA (100 ep):   60.63
2026-04-15 14:03:23,202 - Episodio: 186/800 | Reward:  118.94 | Temp: 0.224 | MA (100 ep):   62.37
2026-04-15 14:03:26,886 - Episodio: 187/800 | Reward:  143.50 | Temp: 0.223 | MA (100 ep):   64.53
2026-04-15 14:03:30,658 - Episodio: 188/800 | Reward:  125.16 | Temp: 0.221 | MA (100 ep):   66.58
2026-04-15 14:03:31,717 - Episodio: 189/800 | Reward:  272.52 | Temp: 0.219 | MA (100 ep):   69.52
2026-04-15 14:03:32,272 - Episodio: 190/800 | Reward:  -31.13 | Temp: 0.217 | MA (100 ep):   69.62
2026-04-15 14:03:35,989 - Episodio: 191/800 | Reward:  182.35 | Temp: 0.216 | MA (100 ep):   72.67
2026-04-15 14:03:39,741 - Episodio: 192/800 | Reward:  156.32 | Temp: 0.214 | MA (100 ep):   74.64
2026-04-15 14:03:43,503 - Episodio: 193/800 | Reward:  175.11 | Temp: 0.212 | MA (100 ep):   76.63
2026-04-15 14:03:47,209 - Episodio: 194/800 | Reward:  134.94 | Temp: 0.211 | MA (100 ep):   78.07
2026-04-15 14:03:49,577 - Episodio: 195/800 | Reward:  177.59 | Temp: 0.209 | MA (100 ep):   80.54
2026-04-15 14:03:50,613 - Episodio: 196/800 | Reward:  221.71 | Temp: 0.207 | MA (100 ep):   83.29
2026-04-15 14:03:54,302 - Episodio: 197/800 | Reward:  135.51 | Temp: 0.205 | MA (100 ep):   85.46
2026-04-15 14:03:54,776 - Episodio: 198/800 | Reward: -432.05 | Temp: 0.204 | MA (100 ep):   81.21
2026-04-15 14:03:58,522 - Episodio: 199/800 | Reward:  170.98 | Temp: 0.202 | MA (100 ep):   83.02
2026-04-15 14:04:02,268 - Episodio: 200/800 | Reward:  139.98 | Temp: 0.201 | MA (100 ep):   84.94
2026-04-15 14:04:02,268 - --- Inizio Evaluation run all'Episodio 200 ---
2026-04-15 14:04:09,138 - *** EVALUATION | Epi: 200 | Mean Reward (50 Run):  188.12 ± 105.35 ***
2026-04-15 14:04:09,138 - --- Fine Evaluation ---
2026-04-15 14:04:12,871 - Episodio: 201/800 | Reward:  172.24 | Temp: 0.199 | MA (100 ep):   86.67
2026-04-15 14:04:16,622 - Episodio: 202/800 | Reward:  149.71 | Temp: 0.197 | MA (100 ep):   88.15
2026-04-15 14:04:17,301 - Episodio: 203/800 | Reward:   33.80 | Temp: 0.196 | MA (100 ep):   88.58
2026-04-15 14:04:18,581 - Episodio: 204/800 | Reward:  227.55 | Temp: 0.194 | MA (100 ep):   90.68
2026-04-15 14:04:19,078 - Episodio: 205/800 | Reward:    5.46 | Temp: 0.193 | MA (100 ep):   90.55
2026-04-15 14:04:22,827 - Episodio: 206/800 | Reward:  114.40 | Temp: 0.191 | MA (100 ep):   92.05
2026-04-15 14:04:23,378 - Episodio: 207/800 | Reward:  -15.29 | Temp: 0.190 | MA (100 ep):   92.15
2026-04-15 14:04:27,126 - Episodio: 208/800 | Reward:  137.97 | Temp: 0.188 | MA (100 ep):   95.35
2026-04-15 14:04:30,930 - Episodio: 209/800 | Reward:  138.65 | Temp: 0.187 | MA (100 ep):   95.97
2026-04-15 14:04:34,903 - Episodio: 210/800 | Reward:  144.40 | Temp: 0.185 | MA (100 ep):   97.53
2026-04-15 14:04:37,957 - Episodio: 211/800 | Reward:  280.97 | Temp: 0.184 | MA (100 ep):  100.51
2026-04-15 14:04:41,696 - Episodio: 212/800 | Reward:  146.28 | Temp: 0.182 | MA (100 ep):  100.59
2026-04-15 14:04:42,636 - Episodio: 213/800 | Reward:  284.56 | Temp: 0.181 | MA (100 ep):  101.83
2026-04-15 14:04:43,545 - Episodio: 214/800 | Reward:  266.81 | Temp: 0.179 | MA (100 ep):  103.05
2026-04-15 14:04:47,273 - Episodio: 215/800 | Reward:  182.21 | Temp: 0.178 | MA (100 ep):  104.68
2026-04-15 14:04:51,005 - Episodio: 216/800 | Reward:  181.56 | Temp: 0.176 | MA (100 ep):  105.92
2026-04-15 14:04:54,716 - Episodio: 217/800 | Reward:  102.14 | Temp: 0.175 | MA (100 ep):  105.16
2026-04-15 14:04:58,462 - Episodio: 218/800 | Reward:  187.38 | Temp: 0.174 | MA (100 ep):  109.82
2026-04-15 14:04:58,925 - Episodio: 219/800 | Reward:   51.48 | Temp: 0.172 | MA (100 ep):  109.19
2026-04-15 14:05:02,772 - Episodio: 220/800 | Reward:  158.99 | Temp: 0.171 | MA (100 ep):  110.35
2026-04-15 14:05:06,774 - Episodio: 221/800 | Reward:  172.17 | Temp: 0.169 | MA (100 ep):  110.03
2026-04-15 14:05:10,512 - Episodio: 222/800 | Reward:  141.17 | Temp: 0.168 | MA (100 ep):  113.19
2026-04-15 14:05:11,099 - Episodio: 223/800 | Reward:   62.45 | Temp: 0.167 | MA (100 ep):  112.69
2026-04-15 14:05:12,219 - Episodio: 224/800 | Reward:  237.07 | Temp: 0.165 | MA (100 ep):  115.42
2026-04-15 14:05:13,983 - Episodio: 225/800 | Reward:  230.43 | Temp: 0.164 | MA (100 ep):  116.35
2026-04-15 14:05:14,741 - Episodio: 226/800 | Reward:  218.89 | Temp: 0.163 | MA (100 ep):  117.15
2026-04-15 14:05:16,055 - Episodio: 227/800 | Reward:  263.36 | Temp: 0.161 | MA (100 ep):  118.54
2026-04-15 14:05:19,888 - Episodio: 228/800 | Reward:  169.63 | Temp: 0.160 | MA (100 ep):  118.63
2026-04-15 14:05:23,702 - Episodio: 229/800 | Reward:  154.55 | Temp: 0.159 | MA (100 ep):  119.19
2026-04-15 14:05:27,453 - Episodio: 230/800 | Reward:  187.68 | Temp: 0.158 | MA (100 ep):  119.60
2026-04-15 14:05:31,114 - Episodio: 231/800 | Reward:  134.52 | Temp: 0.156 | MA (100 ep):  121.12
2026-04-15 14:05:34,663 - Episodio: 232/800 | Reward:  120.79 | Temp: 0.155 | MA (100 ep):  121.06
2026-04-15 14:05:38,431 - Episodio: 233/800 | Reward:  124.16 | Temp: 0.154 | MA (100 ep):  121.16
2026-04-15 14:05:42,146 - Episodio: 234/800 | Reward:  161.62 | Temp: 0.153 | MA (100 ep):  120.93
2026-04-15 14:05:45,906 - Episodio: 235/800 | Reward:  174.75 | Temp: 0.151 | MA (100 ep):  121.83
2026-04-15 14:05:49,604 - Episodio: 236/800 | Reward:  169.68 | Temp: 0.150 | MA (100 ep):  122.06
2026-04-15 14:05:50,079 - Episodio: 237/800 | Reward:   27.84 | Temp: 0.149 | MA (100 ep):  120.17
2026-04-15 14:05:51,784 - Episodio: 238/800 | Reward:  257.20 | Temp: 0.148 | MA (100 ep):  122.18
2026-04-15 14:05:52,220 - Episodio: 239/800 | Reward:   -0.41 | Temp: 0.147 | MA (100 ep):  123.47
2026-04-15 14:05:55,886 - Episodio: 240/800 | Reward:  141.13 | Temp: 0.145 | MA (100 ep):  124.00
2026-04-15 14:05:59,689 - Episodio: 241/800 | Reward:  138.61 | Temp: 0.144 | MA (100 ep):  125.01
2026-04-15 14:06:03,352 - Episodio: 242/800 | Reward:  140.53 | Temp: 0.143 | MA (100 ep):  124.92
2026-04-15 14:06:06,989 - Episodio: 243/800 | Reward:  134.97 | Temp: 0.142 | MA (100 ep):  126.39
2026-04-15 14:06:07,363 - Episodio: 244/800 | Reward: -132.48 | Temp: 0.141 | MA (100 ep):  124.84
2026-04-15 14:06:11,171 - Episodio: 245/800 | Reward:  186.42 | Temp: 0.140 | MA (100 ep):  125.33
2026-04-15 14:06:14,814 - Episodio: 246/800 | Reward:  130.79 | Temp: 0.139 | MA (100 ep):  126.24
2026-04-15 14:06:18,717 - Episodio: 247/800 | Reward:  125.33 | Temp: 0.138 | MA (100 ep):  127.28
2026-04-15 14:06:22,609 - Episodio: 248/800 | Reward:  139.24 | Temp: 0.136 | MA (100 ep):  127.20
2026-04-15 14:06:26,516 - Episodio: 249/800 | Reward:  165.94 | Temp: 0.135 | MA (100 ep):  127.74
2026-04-15 14:06:27,888 - Episodio: 250/800 | Reward:  214.64 | Temp: 0.134 | MA (100 ep):  127.41
2026-04-15 14:06:27,888 - --- Inizio Evaluation run all'Episodio 250 ---
2026-04-15 14:06:33,046 - *** EVALUATION | Epi: 250 | Mean Reward (50 Run):  235.38 ± 63.76 ***
2026-04-15 14:06:33,046 - --- Fine Evaluation ---
2026-04-15 14:06:36,798 - Episodio: 251/800 | Reward:  170.20 | Temp: 0.133 | MA (100 ep):  127.86
2026-04-15 14:06:39,699 - Episodio: 252/800 | Reward:  244.60 | Temp: 0.132 | MA (100 ep):  128.76
2026-04-15 14:06:41,043 - Episodio: 253/800 | Reward:  259.97 | Temp: 0.131 | MA (100 ep):  130.05
2026-04-15 14:06:41,501 - Episodio: 254/800 | Reward:  -15.99 | Temp: 0.130 | MA (100 ep):  129.61
2026-04-15 14:06:43,985 - Episodio: 255/800 | Reward:  288.32 | Temp: 0.129 | MA (100 ep):  133.01
2026-04-15 14:06:46,578 - Episodio: 256/800 | Reward:  286.81 | Temp: 0.128 | MA (100 ep):  136.80
2026-04-15 14:06:50,259 - Episodio: 257/800 | Reward:  150.33 | Temp: 0.127 | MA (100 ep):  138.31
2026-04-15 14:06:53,967 - Episodio: 258/800 | Reward:  152.71 | Temp: 0.126 | MA (100 ep):  137.25
2026-04-15 14:06:57,782 - Episodio: 259/800 | Reward:  158.22 | Temp: 0.125 | MA (100 ep):  139.16
2026-04-15 14:07:01,482 - Episodio: 260/800 | Reward:  169.82 | Temp: 0.124 | MA (100 ep):  139.18
2026-04-15 14:07:02,518 - Episodio: 261/800 | Reward:  228.04 | Temp: 0.123 | MA (100 ep):  139.01
2026-04-15 14:07:04,792 - Episodio: 262/800 | Reward:  228.71 | Temp: 0.122 | MA (100 ep):  141.35
2026-04-15 14:07:08,546 - Episodio: 263/800 | Reward:  163.10 | Temp: 0.121 | MA (100 ep):  141.74
2026-04-15 14:07:12,257 - Episodio: 264/800 | Reward:  166.36 | Temp: 0.120 | MA (100 ep):  141.93
2026-04-15 14:07:13,081 - Episodio: 265/800 | Reward:  246.54 | Temp: 0.119 | MA (100 ep):  142.69
2026-04-15 14:07:16,808 - Episodio: 266/800 | Reward:  161.61 | Temp: 0.118 | MA (100 ep):  141.95
2026-04-15 14:07:17,679 - Episodio: 267/800 | Reward:  266.84 | Temp: 0.117 | MA (100 ep):  145.29
2026-04-15 14:07:20,219 - Episodio: 268/800 | Reward:  221.90 | Temp: 0.116 | MA (100 ep):  145.67
2026-04-15 14:07:23,869 - Episodio: 269/800 | Reward:  168.30 | Temp: 0.115 | MA (100 ep):  144.92
2026-04-15 14:07:27,662 - Episodio: 270/800 | Reward:  154.60 | Temp: 0.114 | MA (100 ep):  145.41
2026-04-15 14:07:27,992 - Episodio: 271/800 | Reward:   39.15 | Temp: 0.113 | MA (100 ep):  144.23
2026-04-15 14:07:31,745 - Episodio: 272/800 | Reward:  155.68 | Temp: 0.113 | MA (100 ep):  145.41
2026-04-15 14:07:35,435 - Episodio: 273/800 | Reward:  233.06 | Temp: 0.112 | MA (100 ep):  145.81
2026-04-15 14:07:39,164 - Episodio: 274/800 | Reward:  149.90 | Temp: 0.111 | MA (100 ep):  145.71
2026-04-15 14:07:39,609 - Episodio: 275/800 | Reward:   36.99 | Temp: 0.110 | MA (100 ep):  144.49
2026-04-15 14:07:40,423 - Episodio: 276/800 | Reward:   18.64 | Temp: 0.109 | MA (100 ep):  143.10
2026-04-15 14:07:42,899 - Episodio: 277/800 | Reward:  239.26 | Temp: 0.108 | MA (100 ep):  143.24
2026-04-15 14:07:47,207 - Episodio: 278/800 | Reward:  132.18 | Temp: 0.107 | MA (100 ep):  144.94
2026-04-15 14:07:48,072 - Episodio: 279/800 | Reward: -121.32 | Temp: 0.106 | MA (100 ep):  142.81
2026-04-15 14:07:51,850 - Episodio: 280/800 | Reward:  154.85 | Temp: 0.106 | MA (100 ep):  142.50
2026-04-15 14:07:52,720 - Episodio: 281/800 | Reward:  275.28 | Temp: 0.105 | MA (100 ep):  143.54
2026-04-15 14:07:53,414 - Episodio: 282/800 | Reward:  251.67 | Temp: 0.104 | MA (100 ep):  144.15
2026-04-15 14:07:57,239 - Episodio: 283/800 | Reward:  151.59 | Temp: 0.103 | MA (100 ep):  146.47
2026-04-15 14:07:58,279 - Episodio: 284/800 | Reward:  289.02 | Temp: 0.102 | MA (100 ep):  149.34
2026-04-15 14:08:01,993 - Episodio: 285/800 | Reward:  200.93 | Temp: 0.101 | MA (100 ep):  151.13
2026-04-15 14:08:03,258 - Episodio: 286/800 | Reward:  265.48 | Temp: 0.101 | MA (100 ep):  152.60
2026-04-15 14:08:06,933 - Episodio: 287/800 | Reward:  163.40 | Temp: 0.100 | MA (100 ep):  152.80
2026-04-15 14:08:09,635 - Episodio: 288/800 | Reward:  182.07 | Temp: 0.099 | MA (100 ep):  153.37
2026-04-15 14:08:13,438 - Episodio: 289/800 | Reward:  162.78 | Temp: 0.098 | MA (100 ep):  152.27
2026-04-15 14:08:17,291 - Episodio: 290/800 | Reward:  148.20 | Temp: 0.097 | MA (100 ep):  154.06
2026-04-15 14:08:18,385 - Episodio: 291/800 | Reward:  246.15 | Temp: 0.097 | MA (100 ep):  154.70
2026-04-15 14:08:19,001 - Episodio: 292/800 | Reward: -231.65 | Temp: 0.096 | MA (100 ep):  150.82
2026-04-15 14:08:23,074 - Episodio: 293/800 | Reward:  165.45 | Temp: 0.095 | MA (100 ep):  150.72
2026-04-15 14:08:26,875 - Episodio: 294/800 | Reward:  148.00 | Temp: 0.094 | MA (100 ep):  150.85
2026-04-15 14:08:27,232 - Episodio: 295/800 | Reward:   13.68 | Temp: 0.094 | MA (100 ep):  149.21
2026-04-15 14:08:31,145 - Episodio: 296/800 | Reward:  136.49 | Temp: 0.093 | MA (100 ep):  148.36
2026-04-15 14:08:31,694 - Episodio: 297/800 | Reward:  232.10 | Temp: 0.092 | MA (100 ep):  149.33
2026-04-15 14:08:35,399 - Episodio: 298/800 | Reward:  174.20 | Temp: 0.091 | MA (100 ep):  155.39
2026-04-15 14:08:38,783 - Episodio: 299/800 | Reward:  228.19 | Temp: 0.091 | MA (100 ep):  155.96
2026-04-15 14:08:42,564 - Episodio: 300/800 | Reward:  144.45 | Temp: 0.090 | MA (100 ep):  156.01
2026-04-15 14:08:42,564 - --- Inizio Evaluation run all'Episodio 300 ---
2026-04-15 14:08:47,582 - *** EVALUATION | Epi: 300 | Mean Reward (50 Run):  152.78 ± 142.75 ***
2026-04-15 14:08:47,582 - --- Fine Evaluation ---
2026-04-15 14:08:51,231 - Episodio: 301/800 | Reward:  122.71 | Temp: 0.089 | MA (100 ep):  155.51
2026-04-15 14:08:54,907 - Episodio: 302/800 | Reward:  163.42 | Temp: 0.088 | MA (100 ep):  155.65
2026-04-15 14:08:57,552 - Episodio: 303/800 | Reward:  248.15 | Temp: 0.088 | MA (100 ep):  157.79
2026-04-15 14:08:59,969 - Episodio: 304/800 | Reward:  234.25 | Temp: 0.087 | MA (100 ep):  157.86
2026-04-15 14:09:02,783 - Episodio: 305/800 | Reward:  281.25 | Temp: 0.086 | MA (100 ep):  160.62
2026-04-15 14:09:06,474 - Episodio: 306/800 | Reward:  163.75 | Temp: 0.086 | MA (100 ep):  161.11
2026-04-15 14:09:10,193 - Episodio: 307/800 | Reward:  136.07 | Temp: 0.085 | MA (100 ep):  162.63
2026-04-15 14:09:14,040 - Episodio: 308/800 | Reward:  137.33 | Temp: 0.084 | MA (100 ep):  162.62
2026-04-15 14:09:14,680 - Episodio: 309/800 | Reward: -504.27 | Temp: 0.084 | MA (100 ep):  156.19
2026-04-15 14:09:15,517 - Episodio: 310/800 | Reward:   25.99 | Temp: 0.083 | MA (100 ep):  155.01
2026-04-15 14:09:16,232 - Episodio: 311/800 | Reward:   10.64 | Temp: 0.082 | MA (100 ep):  152.30
2026-04-15 14:09:17,903 - Episodio: 312/800 | Reward:  188.37 | Temp: 0.082 | MA (100 ep):  152.72
2026-04-15 14:09:19,810 - Episodio: 313/800 | Reward:  255.12 | Temp: 0.081 | MA (100 ep):  152.43
2026-04-15 14:09:23,647 - Episodio: 314/800 | Reward:   89.04 | Temp: 0.080 | MA (100 ep):  150.65
2026-04-15 14:09:27,322 - Episodio: 315/800 | Reward:  113.20 | Temp: 0.080 | MA (100 ep):  149.96
2026-04-15 14:09:30,992 - Episodio: 316/800 | Reward:  158.58 | Temp: 0.079 | MA (100 ep):  149.73
2026-04-15 14:09:34,724 - Episodio: 317/800 | Reward:  179.30 | Temp: 0.078 | MA (100 ep):  150.50
2026-04-15 14:09:38,521 - Episodio: 318/800 | Reward:   99.51 | Temp: 0.078 | MA (100 ep):  149.62
2026-04-15 14:09:42,336 - Episodio: 319/800 | Reward:   74.73 | Temp: 0.077 | MA (100 ep):  149.86
2026-04-15 14:09:45,920 - Episodio: 320/800 | Reward:  244.13 | Temp: 0.077 | MA (100 ep):  150.71
2026-04-15 14:09:49,366 - Episodio: 321/800 | Reward:  283.69 | Temp: 0.076 | MA (100 ep):  151.82
2026-04-15 14:09:53,095 - Episodio: 322/800 | Reward:   87.88 | Temp: 0.075 | MA (100 ep):  151.29
2026-04-15 14:09:54,419 - Episodio: 323/800 | Reward:  254.74 | Temp: 0.075 | MA (100 ep):  153.21
2026-04-15 14:09:58,118 - Episodio: 324/800 | Reward:  130.80 | Temp: 0.074 | MA (100 ep):  152.15
2026-04-15 14:10:02,008 - Episodio: 325/800 | Reward:  170.34 | Temp: 0.074 | MA (100 ep):  151.55
2026-04-15 14:10:05,866 - Episodio: 326/800 | Reward:  138.76 | Temp: 0.073 | MA (100 ep):  150.75
2026-04-15 14:10:09,245 - Episodio: 327/800 | Reward:  281.12 | Temp: 0.072 | MA (100 ep):  150.93
2026-04-15 14:10:12,964 - Episodio: 328/800 | Reward:  122.93 | Temp: 0.072 | MA (100 ep):  150.46
2026-04-15 14:10:16,698 - Episodio: 329/800 | Reward:  165.07 | Temp: 0.071 | MA (100 ep):  150.56
2026-04-15 14:10:20,647 - Episodio: 330/800 | Reward:  141.32 | Temp: 0.071 | MA (100 ep):  150.10
2026-04-15 14:10:24,331 - Episodio: 331/800 | Reward:  194.27 | Temp: 0.070 | MA (100 ep):  150.70
2026-04-15 14:10:27,219 - Episodio: 332/800 | Reward:  262.04 | Temp: 0.069 | MA (100 ep):  152.11
2026-04-15 14:10:31,125 - Episodio: 333/800 | Reward:  197.77 | Temp: 0.069 | MA (100 ep):  152.85
2026-04-15 14:10:34,780 - Episodio: 334/800 | Reward:  201.00 | Temp: 0.068 | MA (100 ep):  153.24
2026-04-15 14:10:35,139 - Episodio: 335/800 | Reward: -325.49 | Temp: 0.068 | MA (100 ep):  148.24
2026-04-15 14:10:39,123 - Episodio: 336/800 | Reward:  178.96 | Temp: 0.067 | MA (100 ep):  148.33
2026-04-15 14:10:39,937 - Episodio: 337/800 | Reward:  255.11 | Temp: 0.067 | MA (100 ep):  150.60
2026-04-15 14:10:43,624 - Episodio: 338/800 | Reward:  143.66 | Temp: 0.066 | MA (100 ep):  149.47
2026-04-15 14:10:47,298 - Episodio: 339/800 | Reward:  205.37 | Temp: 0.066 | MA (100 ep):  151.53
2026-04-15 14:10:47,630 - Episodio: 340/800 | Reward:  -41.95 | Temp: 0.065 | MA (100 ep):  149.70
2026-04-15 14:10:50,503 - Episodio: 341/800 | Reward:  274.46 | Temp: 0.065 | MA (100 ep):  151.05
2026-04-15 14:10:51,552 - Episodio: 342/800 | Reward:  276.13 | Temp: 0.064 | MA (100 ep):  152.41
2026-04-15 14:10:55,327 - Episodio: 343/800 | Reward:  148.11 | Temp: 0.064 | MA (100 ep):  152.54
2026-04-15 14:10:58,966 - Episodio: 344/800 | Reward:  150.87 | Temp: 0.063 | MA (100 ep):  155.37
2026-04-15 14:11:02,728 - Episodio: 345/800 | Reward:  202.15 | Temp: 0.063 | MA (100 ep):  155.53
2026-04-15 14:11:03,306 - Episodio: 346/800 | Reward:   37.37 | Temp: 0.062 | MA (100 ep):  154.60
2026-04-15 14:11:04,238 - Episodio: 347/800 | Reward:  -85.76 | Temp: 0.062 | MA (100 ep):  152.49
2026-04-15 14:11:07,897 - Episodio: 348/800 | Reward:  177.80 | Temp: 0.061 | MA (100 ep):  152.87
2026-04-15 14:11:08,797 - Episodio: 349/800 | Reward:  251.75 | Temp: 0.061 | MA (100 ep):  153.73
2026-04-15 14:11:12,627 - Episodio: 350/800 | Reward:  145.50 | Temp: 0.060 | MA (100 ep):  153.04
2026-04-15 14:11:12,627 - --- Inizio Evaluation run all'Episodio 350 ---
2026-04-15 14:11:19,716 - *** EVALUATION | Epi: 350 | Mean Reward (50 Run):  217.24 ± 101.99 ***
2026-04-15 14:11:19,716 - --- Fine Evaluation ---
2026-04-15 14:11:23,644 - Episodio: 351/800 | Reward:  156.30 | Temp: 0.060 | MA (100 ep):  152.90
2026-04-15 14:11:27,504 - Episodio: 352/800 | Reward:  172.59 | Temp: 0.059 | MA (100 ep):  152.18
2026-04-15 14:11:30,664 - Episodio: 353/800 | Reward:  242.03 | Temp: 0.059 | MA (100 ep):  152.00
2026-04-15 14:11:34,441 - Episodio: 354/800 | Reward:  135.68 | Temp: 0.058 | MA (100 ep):  153.52
2026-04-15 14:11:35,366 - Episodio: 355/800 | Reward:   17.89 | Temp: 0.058 | MA (100 ep):  150.81
2026-04-15 14:11:39,145 - Episodio: 356/800 | Reward:  189.20 | Temp: 0.057 | MA (100 ep):  149.84
2026-04-15 14:11:42,904 - Episodio: 357/800 | Reward:  182.20 | Temp: 0.057 | MA (100 ep):  150.16
2026-04-15 14:11:44,461 - Episodio: 358/800 | Reward:  277.94 | Temp: 0.056 | MA (100 ep):  151.41
2026-04-15 14:11:46,718 - Episodio: 359/800 | Reward:  271.33 | Temp: 0.056 | MA (100 ep):  152.54
2026-04-15 14:11:50,341 - Episodio: 360/800 | Reward:  191.38 | Temp: 0.055 | MA (100 ep):  152.75
2026-04-15 14:11:54,041 - Episodio: 361/800 | Reward:  149.26 | Temp: 0.055 | MA (100 ep):  151.97
2026-04-15 14:11:57,663 - Episodio: 362/800 | Reward:  176.56 | Temp: 0.055 | MA (100 ep):  151.45
2026-04-15 14:11:58,913 - Episodio: 363/800 | Reward:  256.12 | Temp: 0.054 | MA (100 ep):  152.38
2026-04-15 14:11:59,832 - Episodio: 364/800 | Reward:  280.99 | Temp: 0.054 | MA (100 ep):  153.52
2026-04-15 14:12:03,629 - Episodio: 365/800 | Reward:  142.77 | Temp: 0.053 | MA (100 ep):  152.48
2026-04-15 14:12:04,811 - Episodio: 366/800 | Reward:  266.22 | Temp: 0.053 | MA (100 ep):  153.53
2026-04-15 14:12:05,792 - Episodio: 367/800 | Reward:  256.64 | Temp: 0.052 | MA (100 ep):  153.43
2026-04-15 14:12:09,578 - Episodio: 368/800 | Reward:  154.45 | Temp: 0.052 | MA (100 ep):  152.75
2026-04-15 14:12:13,280 - Episodio: 369/800 | Reward:  169.01 | Temp: 0.052 | MA (100 ep):  152.76
2026-04-15 14:12:17,035 - Episodio: 370/800 | Reward:  195.28 | Temp: 0.051 | MA (100 ep):  153.17
2026-04-15 14:12:18,067 - Episodio: 371/800 | Reward:  277.28 | Temp: 0.051 | MA (100 ep):  155.55
2026-04-15 14:12:21,822 - Episodio: 372/800 | Reward:  166.64 | Temp: 0.050 | MA (100 ep):  155.66
2026-04-15 14:12:25,452 - Episodio: 373/800 | Reward:  178.43 | Temp: 0.050 | MA (100 ep):  155.11
2026-04-15 14:12:29,243 - Episodio: 374/800 | Reward:  174.08 | Temp: 0.050 | MA (100 ep):  155.35
2026-04-15 14:12:33,020 - Episodio: 375/800 | Reward:  131.33 | Temp: 0.049 | MA (100 ep):  156.30
2026-04-15 14:12:36,700 - Episodio: 376/800 | Reward:  166.51 | Temp: 0.049 | MA (100 ep):  157.78
2026-04-15 14:12:37,774 - Episodio: 377/800 | Reward:  258.66 | Temp: 0.048 | MA (100 ep):  157.97
2026-04-15 14:12:38,279 - Episodio: 378/800 | Reward:   20.48 | Temp: 0.048 | MA (100 ep):  156.85
2026-04-15 14:12:41,144 - Episodio: 379/800 | Reward:  247.06 | Temp: 0.048 | MA (100 ep):  160.54
2026-04-15 14:12:44,998 - Episodio: 380/800 | Reward:  147.11 | Temp: 0.047 | MA (100 ep):  160.46
2026-04-15 14:12:48,659 - Episodio: 381/800 | Reward:  136.33 | Temp: 0.047 | MA (100 ep):  159.07
2026-04-15 14:12:52,445 - Episodio: 382/800 | Reward:  167.46 | Temp: 0.047 | MA (100 ep):  158.23
2026-04-15 14:12:56,179 - Episodio: 383/800 | Reward:  173.27 | Temp: 0.046 | MA (100 ep):  158.44
2026-04-15 14:12:59,987 - Episodio: 384/800 | Reward:  163.76 | Temp: 0.046 | MA (100 ep):  157.19
2026-04-15 14:13:01,618 - Episodio: 385/800 | Reward:  277.12 | Temp: 0.045 | MA (100 ep):  157.95
2026-04-15 14:13:05,239 - Episodio: 386/800 | Reward:  143.02 | Temp: 0.045 | MA (100 ep):  156.73
2026-04-15 14:13:07,386 - Episodio: 387/800 | Reward:  297.88 | Temp: 0.045 | MA (100 ep):  158.07
2026-04-15 14:13:08,006 - Episodio: 388/800 | Reward:   14.94 | Temp: 0.044 | MA (100 ep):  156.40
2026-04-15 14:13:11,785 - Episodio: 389/800 | Reward:  159.40 | Temp: 0.044 | MA (100 ep):  156.37
2026-04-15 14:13:15,586 - Episodio: 390/800 | Reward:  153.84 | Temp: 0.044 | MA (100 ep):  156.43
2026-04-15 14:13:19,294 - Episodio: 391/800 | Reward:  133.78 | Temp: 0.043 | MA (100 ep):  155.30
2026-04-15 14:13:20,062 - Episodio: 392/800 | Reward:  288.41 | Temp: 0.043 | MA (100 ep):  160.50
2026-04-15 14:13:23,796 - Episodio: 393/800 | Reward:  171.11 | Temp: 0.043 | MA (100 ep):  160.56
2026-04-15 14:13:25,543 - Episodio: 394/800 | Reward:  274.77 | Temp: 0.042 | MA (100 ep):  161.83
2026-04-15 14:13:26,522 - Episodio: 395/800 | Reward:  266.55 | Temp: 0.042 | MA (100 ep):  164.36
2026-04-15 14:13:30,056 - Episodio: 396/800 | Reward:  151.83 | Temp: 0.042 | MA (100 ep):  164.51
2026-04-15 14:13:33,668 - Episodio: 397/800 | Reward:  194.54 | Temp: 0.041 | MA (100 ep):  164.13
2026-04-15 14:13:37,422 - Episodio: 398/800 | Reward:  148.78 | Temp: 0.041 | MA (100 ep):  163.88
2026-04-15 14:13:38,056 - Episodio: 399/800 | Reward:  276.50 | Temp: 0.041 | MA (100 ep):  164.36
2026-04-15 14:13:41,712 - Episodio: 400/800 | Reward:  181.02 | Temp: 0.040 | MA (100 ep):  164.73
2026-04-15 14:13:41,712 - --- Inizio Evaluation run all'Episodio 400 ---
2026-04-15 14:13:46,574 - *** EVALUATION | Epi: 400 | Mean Reward (50 Run):  239.56 ± 71.00 ***
2026-04-15 14:13:46,574 - --- Fine Evaluation ---
2026-04-15 14:13:50,316 - Episodio: 401/800 | Reward:  199.40 | Temp: 0.040 | MA (100 ep):  165.49
2026-04-15 14:13:53,989 - Episodio: 402/800 | Reward:  180.48 | Temp: 0.040 | MA (100 ep):  165.67
2026-04-15 14:13:57,748 - Episodio: 403/800 | Reward:  144.83 | Temp: 0.039 | MA (100 ep):  164.63
2026-04-15 14:14:01,406 - Episodio: 404/800 | Reward:  177.19 | Temp: 0.039 | MA (100 ep):  164.06
2026-04-15 14:14:02,531 - Episodio: 405/800 | Reward:  253.62 | Temp: 0.039 | MA (100 ep):  163.79
2026-04-15 14:14:06,318 - Episodio: 406/800 | Reward:  182.90 | Temp: 0.038 | MA (100 ep):  163.98
2026-04-15 14:14:09,912 - Episodio: 407/800 | Reward:  202.21 | Temp: 0.038 | MA (100 ep):  164.64
2026-04-15 14:14:11,571 - Episodio: 408/800 | Reward:  -11.51 | Temp: 0.038 | MA (100 ep):  163.15
2026-04-15 14:14:12,662 - Episodio: 409/800 | Reward:  247.68 | Temp: 0.037 | MA (100 ep):  170.67
2026-04-15 14:14:13,519 - Episodio: 410/800 | Reward:  290.50 | Temp: 0.037 | MA (100 ep):  173.31
2026-04-15 14:14:17,138 - Episodio: 411/800 | Reward:  152.24 | Temp: 0.037 | MA (100 ep):  174.73
2026-04-15 14:14:18,781 - Episodio: 412/800 | Reward:  187.30 | Temp: 0.037 | MA (100 ep):  174.72
2026-04-15 14:14:19,795 - Episodio: 413/800 | Reward:   25.45 | Temp: 0.036 | MA (100 ep):  172.42
2026-04-15 14:14:20,189 - Episodio: 414/800 | Reward:   28.63 | Temp: 0.036 | MA (100 ep):  171.82
2026-04-15 14:14:23,969 - Episodio: 415/800 | Reward:  170.29 | Temp: 0.036 | MA (100 ep):  172.39
2026-04-15 14:14:24,673 - Episodio: 416/800 | Reward:   20.80 | Temp: 0.035 | MA (100 ep):  171.01
2026-04-15 14:14:25,704 - Episodio: 417/800 | Reward:  284.48 | Temp: 0.035 | MA (100 ep):  172.06
2026-04-15 14:14:29,534 - Episodio: 418/800 | Reward:  197.86 | Temp: 0.035 | MA (100 ep):  173.05
2026-04-15 14:14:33,297 - Episodio: 419/800 | Reward:  188.83 | Temp: 0.035 | MA (100 ep):  174.19
2026-04-15 14:14:33,957 - Episodio: 420/800 | Reward:  243.20 | Temp: 0.034 | MA (100 ep):  174.18
2026-04-15 14:14:34,878 - Episodio: 421/800 | Reward:  279.83 | Temp: 0.034 | MA (100 ep):  174.14
2026-04-15 14:14:35,949 - Episodio: 422/800 | Reward:  251.22 | Temp: 0.034 | MA (100 ep):  175.77
2026-04-15 14:14:37,305 - Episodio: 423/800 | Reward:  222.35 | Temp: 0.033 | MA (100 ep):  175.45
2026-04-15 14:14:38,263 - Episodio: 424/800 | Reward:  260.30 | Temp: 0.033 | MA (100 ep):  176.74
2026-04-15 14:14:40,411 - Episodio: 425/800 | Reward:  291.60 | Temp: 0.033 | MA (100 ep):  177.96
2026-04-15 14:14:41,511 - Episodio: 426/800 | Reward:  283.94 | Temp: 0.033 | MA (100 ep):  179.41
2026-04-15 14:14:41,945 - Episodio: 427/800 | Reward:   70.16 | Temp: 0.032 | MA (100 ep):  177.30
2026-04-15 14:14:43,271 - Episodio: 428/800 | Reward:  287.93 | Temp: 0.032 | MA (100 ep):  178.95
2026-04-15 14:14:46,249 - Episodio: 429/800 | Reward:  269.54 | Temp: 0.032 | MA (100 ep):  179.99
2026-04-15 14:14:47,484 - Episodio: 430/800 | Reward:  199.64 | Temp: 0.032 | MA (100 ep):  180.58
2026-04-15 14:14:48,430 - Episodio: 431/800 | Reward:  250.26 | Temp: 0.031 | MA (100 ep):  181.14
2026-04-15 14:14:51,796 - Episodio: 432/800 | Reward:  285.31 | Temp: 0.031 | MA (100 ep):  181.37
2026-04-15 14:14:53,778 - Episodio: 433/800 | Reward:  244.02 | Temp: 0.031 | MA (100 ep):  181.83
2026-04-15 14:14:55,350 - Episodio: 434/800 | Reward:  280.79 | Temp: 0.031 | MA (100 ep):  182.63
2026-04-15 14:14:58,874 - Episodio: 435/800 | Reward:  247.17 | Temp: 0.030 | MA (100 ep):  188.36
2026-04-15 14:15:02,554 - Episodio: 436/800 | Reward:  192.91 | Temp: 0.030 | MA (100 ep):  188.50
2026-04-15 14:15:04,558 - Episodio: 437/800 | Reward:  266.78 | Temp: 0.030 | MA (100 ep):  188.61
2026-04-15 14:15:05,071 - Episodio: 438/800 | Reward:   77.97 | Temp: 0.030 | MA (100 ep):  187.96
2026-04-15 14:15:08,783 - Episodio: 439/800 | Reward:  182.34 | Temp: 0.029 | MA (100 ep):  187.73
2026-04-15 14:15:09,755 - Episodio: 440/800 | Reward:  241.31 | Temp: 0.029 | MA (100 ep):  190.56
2026-04-15 14:15:13,459 - Episodio: 441/800 | Reward:  160.56 | Temp: 0.029 | MA (100 ep):  189.42
2026-04-15 14:15:14,949 - Episodio: 442/800 | Reward:  267.90 | Temp: 0.029 | MA (100 ep):  189.34
2026-04-15 14:15:16,448 - Episodio: 443/800 | Reward:  254.91 | Temp: 0.028 | MA (100 ep):  190.41
2026-04-15 14:15:16,862 - Episodio: 444/800 | Reward:   23.78 | Temp: 0.028 | MA (100 ep):  189.13
2026-04-15 14:15:18,060 - Episodio: 445/800 | Reward:  312.41 | Temp: 0.028 | MA (100 ep):  190.24
2026-04-15 14:15:18,488 - Episodio: 446/800 | Reward:   56.79 | Temp: 0.028 | MA (100 ep):  190.43
2026-04-15 14:15:19,924 - Episodio: 447/800 | Reward:  223.88 | Temp: 0.028 | MA (100 ep):  193.53
2026-04-15 14:15:21,168 - Episodio: 448/800 | Reward:  272.63 | Temp: 0.027 | MA (100 ep):  194.48
2026-04-15 14:15:21,851 - Episodio: 449/800 | Reward:  270.05 | Temp: 0.027 | MA (100 ep):  194.66
2026-04-15 14:15:25,602 - Episodio: 450/800 | Reward:  151.39 | Temp: 0.027 | MA (100 ep):  194.72
2026-04-15 14:15:25,602 - --- Inizio Evaluation run all'Episodio 450 ---
2026-04-15 14:15:30,536 - *** EVALUATION | Epi: 450 | Mean Reward (50 Run):  211.32 ± 97.65 ***
2026-04-15 14:15:30,536 - --- Fine Evaluation ---
2026-04-15 14:15:31,559 - Episodio: 451/800 | Reward:  278.08 | Temp: 0.027 | MA (100 ep):  195.94
2026-04-15 14:15:33,479 - Episodio: 452/800 | Reward:  236.65 | Temp: 0.027 | MA (100 ep):  196.58
2026-04-15 14:15:34,804 - Episodio: 453/800 | Reward:  243.87 | Temp: 0.026 | MA (100 ep):  196.59
2026-04-15 14:15:37,247 - Episodio: 454/800 | Reward:  247.10 | Temp: 0.026 | MA (100 ep):  197.71
2026-04-15 14:15:41,073 - Episodio: 455/800 | Reward:  170.13 | Temp: 0.026 | MA (100 ep):  199.23
2026-04-15 14:15:41,534 - Episodio: 456/800 | Reward:   59.32 | Temp: 0.026 | MA (100 ep):  197.93
2026-04-15 14:15:42,160 - Episodio: 457/800 | Reward:  261.46 | Temp: 0.025 | MA (100 ep):  198.73
2026-04-15 14:15:43,255 - Episodio: 458/800 | Reward:  271.76 | Temp: 0.025 | MA (100 ep):  198.66
2026-04-15 14:15:47,087 - Episodio: 459/800 | Reward:  179.05 | Temp: 0.025 | MA (100 ep):  197.74
2026-04-15 14:15:48,745 - Episodio: 460/800 | Reward:  155.28 | Temp: 0.025 | MA (100 ep):  197.38
2026-04-15 14:15:49,302 - Episodio: 461/800 | Reward:   49.59 | Temp: 0.025 | MA (100 ep):  196.38
2026-04-15 14:15:50,749 - Episodio: 462/800 | Reward:  274.67 | Temp: 0.024 | MA (100 ep):  197.36
2026-04-15 14:15:51,642 - Episodio: 463/800 | Reward:  261.59 | Temp: 0.024 | MA (100 ep):  197.42
2026-04-15 14:15:51,924 - Episodio: 464/800 | Reward:  -44.46 | Temp: 0.024 | MA (100 ep):  194.16
2026-04-15 14:15:55,224 - Episodio: 465/800 | Reward:  294.89 | Temp: 0.024 | MA (100 ep):  195.69
2026-04-15 14:15:55,950 - Episodio: 466/800 | Reward:  283.97 | Temp: 0.024 | MA (100 ep):  195.86
2026-04-15 14:15:56,501 - Episodio: 467/800 | Reward:   80.51 | Temp: 0.023 | MA (100 ep):  194.10
2026-04-15 14:15:58,061 - Episodio: 468/800 | Reward:  270.20 | Temp: 0.023 | MA (100 ep):  195.26
2026-04-15 14:15:58,803 - Episodio: 469/800 | Reward:  293.97 | Temp: 0.023 | MA (100 ep):  196.51
2026-04-15 14:15:59,622 - Episodio: 470/800 | Reward:  178.37 | Temp: 0.023 | MA (100 ep):  196.34
2026-04-15 14:16:00,395 - Episodio: 471/800 | Reward:  273.27 | Temp: 0.023 | MA (100 ep):  196.30
2026-04-15 14:16:00,776 - Episodio: 472/800 | Reward:   35.91 | Temp: 0.023 | MA (100 ep):  194.99
2026-04-15 14:16:01,206 - Episodio: 473/800 | Reward:   36.96 | Temp: 0.022 | MA (100 ep):  193.58
2026-04-15 14:16:01,652 - Episodio: 474/800 | Reward:  -85.84 | Temp: 0.022 | MA (100 ep):  190.98
2026-04-15 14:16:02,090 - Episodio: 475/800 | Reward:  -87.55 | Temp: 0.022 | MA (100 ep):  188.79
2026-04-15 14:16:02,980 - Episodio: 476/800 | Reward:  254.72 | Temp: 0.022 | MA (100 ep):  189.67
2026-04-15 14:16:03,929 - Episodio: 477/800 | Reward:  261.50 | Temp: 0.022 | MA (100 ep):  189.70
2026-04-15 14:16:07,641 - Episodio: 478/800 | Reward:  164.28 | Temp: 0.022 | MA (100 ep):  191.14
2026-04-15 14:16:10,702 - Episodio: 479/800 | Reward:  235.08 | Temp: 0.021 | MA (100 ep):  191.02
2026-04-15 14:16:11,152 - Episodio: 480/800 | Reward:   25.90 | Temp: 0.021 | MA (100 ep):  189.81
2026-04-15 14:16:12,537 - Episodio: 481/800 | Reward:  252.58 | Temp: 0.021 | MA (100 ep):  190.97
2026-04-15 14:16:13,957 - Episodio: 482/800 | Reward:  254.40 | Temp: 0.021 | MA (100 ep):  191.84
2026-04-15 14:16:14,796 - Episodio: 483/800 | Reward:   35.55 | Temp: 0.021 | MA (100 ep):  190.46
2026-04-15 14:16:16,019 - Episodio: 484/800 | Reward:  225.97 | Temp: 0.020 | MA (100 ep):  191.08
2026-04-15 14:16:18,103 - Episodio: 485/800 | Reward:  179.50 | Temp: 0.020 | MA (100 ep):  190.11
2026-04-15 14:16:19,488 - Episodio: 486/800 | Reward:  274.73 | Temp: 0.020 | MA (100 ep):  191.42
2026-04-15 14:16:20,567 - Episodio: 487/800 | Reward:  302.28 | Temp: 0.020 | MA (100 ep):  191.47
2026-04-15 14:16:22,450 - Episodio: 488/800 | Reward:  280.56 | Temp: 0.020 | MA (100 ep):  194.12
2026-04-15 14:16:23,369 - Episodio: 489/800 | Reward:  260.88 | Temp: 0.020 | MA (100 ep):  195.14
2026-04-15 14:16:23,966 - Episodio: 490/800 | Reward:   51.03 | Temp: 0.020 | MA (100 ep):  194.11
2026-04-15 14:16:25,665 - Episodio: 491/800 | Reward:  299.65 | Temp: 0.019 | MA (100 ep):  195.77
2026-04-15 14:16:26,132 - Episodio: 492/800 | Reward:   15.31 | Temp: 0.019 | MA (100 ep):  193.04
2026-04-15 14:16:26,483 - Episodio: 493/800 | Reward:  -62.06 | Temp: 0.019 | MA (100 ep):  190.71
2026-04-15 14:16:27,419 - Episodio: 494/800 | Reward:  294.61 | Temp: 0.019 | MA (100 ep):  190.91
2026-04-15 14:16:29,270 - Episodio: 495/800 | Reward:  265.34 | Temp: 0.019 | MA (100 ep):  190.89
2026-04-15 14:16:30,042 - Episodio: 496/800 | Reward:  301.61 | Temp: 0.019 | MA (100 ep):  192.39
2026-04-15 14:16:30,911 - Episodio: 497/800 | Reward:  251.86 | Temp: 0.018 | MA (100 ep):  192.96
2026-04-15 14:16:31,447 - Episodio: 498/800 | Reward:  -48.27 | Temp: 0.018 | MA (100 ep):  190.99
2026-04-15 14:16:32,847 - Episodio: 499/800 | Reward:  281.04 | Temp: 0.018 | MA (100 ep):  191.04
2026-04-15 14:16:34,105 - Episodio: 500/800 | Reward:  237.98 | Temp: 0.018 | MA (100 ep):  191.61
2026-04-15 14:16:34,105 - --- Inizio Evaluation run all'Episodio 500 ---
2026-04-15 14:16:38,785 - *** EVALUATION | Epi: 500 | Mean Reward (50 Run):  180.56 ± 108.34 ***
2026-04-15 14:16:38,785 - --- Fine Evaluation ---
2026-04-15 14:16:39,425 - Episodio: 501/800 | Reward:  254.37 | Temp: 0.018 | MA (100 ep):  192.16
2026-04-15 14:16:40,341 - Episodio: 502/800 | Reward:  306.77 | Temp: 0.018 | MA (100 ep):  193.42
2026-04-15 14:16:40,716 - Episodio: 503/800 | Reward:   14.38 | Temp: 0.018 | MA (100 ep):  192.12
2026-04-15 14:16:42,445 - Episodio: 504/800 | Reward:  272.07 | Temp: 0.017 | MA (100 ep):  193.07
2026-04-15 14:16:42,796 - Episodio: 505/800 | Reward:   20.59 | Temp: 0.017 | MA (100 ep):  190.74
2026-04-15 14:16:43,773 - Episodio: 506/800 | Reward:  280.19 | Temp: 0.017 | MA (100 ep):  191.71
2026-04-15 14:16:44,391 - Episodio: 507/800 | Reward:  277.47 | Temp: 0.017 | MA (100 ep):  192.46
2026-04-15 14:16:45,598 - Episodio: 508/800 | Reward:  248.48 | Temp: 0.017 | MA (100 ep):  195.06
2026-04-15 14:16:45,914 - Episodio: 509/800 | Reward:   26.05 | Temp: 0.017 | MA (100 ep):  192.84
2026-04-15 14:16:46,505 - Episodio: 510/800 | Reward:   22.55 | Temp: 0.017 | MA (100 ep):  190.16
2026-04-15 14:16:46,827 - Episodio: 511/800 | Reward:  -11.47 | Temp: 0.016 | MA (100 ep):  188.53
2026-04-15 14:16:48,238 - Episodio: 512/800 | Reward:  284.13 | Temp: 0.016 | MA (100 ep):  189.50
2026-04-15 14:16:48,766 - Episodio: 513/800 | Reward:  -40.69 | Temp: 0.016 | MA (100 ep):  188.83
2026-04-15 14:16:49,779 - Episodio: 514/800 | Reward:  264.66 | Temp: 0.016 | MA (100 ep):  191.19
2026-04-15 14:16:51,226 - Episodio: 515/800 | Reward:  273.38 | Temp: 0.016 | MA (100 ep):  192.23
2026-04-15 14:16:52,198 - Episodio: 516/800 | Reward:  273.18 | Temp: 0.016 | MA (100 ep):  194.75
2026-04-15 14:16:53,245 - Episodio: 517/800 | Reward:  263.33 | Temp: 0.016 | MA (100 ep):  194.54
2026-04-15 14:16:53,922 - Episodio: 518/800 | Reward:   20.62 | Temp: 0.016 | MA (100 ep):  192.77
2026-04-15 14:16:55,128 - Episodio: 519/800 | Reward:  259.61 | Temp: 0.015 | MA (100 ep):  193.47
2026-04-15 14:16:57,111 - Episodio: 520/800 | Reward:  226.74 | Temp: 0.015 | MA (100 ep):  193.31
2026-04-15 14:16:58,162 - Episodio: 521/800 | Reward:  272.14 | Temp: 0.015 | MA (100 ep):  193.23
2026-04-15 14:16:58,838 - Episodio: 522/800 | Reward:   21.08 | Temp: 0.015 | MA (100 ep):  190.93
2026-04-15 14:16:59,411 - Episodio: 523/800 | Reward:    5.58 | Temp: 0.015 | MA (100 ep):  188.76
2026-04-15 14:17:02,361 - Episodio: 524/800 | Reward:  264.92 | Temp: 0.015 | MA (100 ep):  188.81
2026-04-15 14:17:03,632 - Episodio: 525/800 | Reward:  232.94 | Temp: 0.015 | MA (100 ep):  188.22
2026-04-15 14:17:05,311 - Episodio: 526/800 | Reward:  242.66 | Temp: 0.015 | MA (100 ep):  187.81
2026-04-15 14:17:06,531 - Episodio: 527/800 | Reward:  288.24 | Temp: 0.015 | MA (100 ep):  189.99
2026-04-15 14:17:07,471 - Episodio: 528/800 | Reward:  237.31 | Temp: 0.014 | MA (100 ep):  189.48
2026-04-15 14:17:08,754 - Episodio: 529/800 | Reward:  288.37 | Temp: 0.014 | MA (100 ep):  189.67
2026-04-15 14:17:09,288 - Episodio: 530/800 | Reward:  -23.89 | Temp: 0.014 | MA (100 ep):  187.44
2026-04-15 14:17:10,345 - Episodio: 531/800 | Reward:  274.30 | Temp: 0.014 | MA (100 ep):  187.68
2026-04-15 14:17:10,895 - Episodio: 532/800 | Reward:   -8.40 | Temp: 0.014 | MA (100 ep):  184.74
2026-04-15 14:17:11,946 - Episodio: 533/800 | Reward:  281.31 | Temp: 0.014 | MA (100 ep):  185.11
2026-04-15 14:17:13,370 - Episodio: 534/800 | Reward:  268.88 | Temp: 0.014 | MA (100 ep):  184.99
2026-04-15 14:17:13,883 - Episodio: 535/800 | Reward:   14.25 | Temp: 0.014 | MA (100 ep):  182.66
2026-04-15 14:17:14,824 - Episodio: 536/800 | Reward:  276.51 | Temp: 0.013 | MA (100 ep):  183.50
2026-04-15 14:17:15,661 - Episodio: 537/800 | Reward:  260.76 | Temp: 0.013 | MA (100 ep):  183.44
2026-04-15 14:17:16,868 - Episodio: 538/800 | Reward:  270.01 | Temp: 0.013 | MA (100 ep):  185.36
2026-04-15 14:17:20,191 - Episodio: 539/800 | Reward:  261.88 | Temp: 0.013 | MA (100 ep):  186.16
2026-04-15 14:17:21,958 - Episodio: 540/800 | Reward:  266.90 | Temp: 0.013 | MA (100 ep):  186.41
2026-04-15 14:17:22,842 - Episodio: 541/800 | Reward:  288.59 | Temp: 0.013 | MA (100 ep):  187.69
2026-04-15 14:17:23,477 - Episodio: 542/800 | Reward:   29.85 | Temp: 0.013 | MA (100 ep):  185.31
2026-04-15 14:17:25,063 - Episodio: 543/800 | Reward:  272.21 | Temp: 0.013 | MA (100 ep):  185.49
2026-04-15 14:17:26,330 - Episodio: 544/800 | Reward:  295.29 | Temp: 0.013 | MA (100 ep):  188.20
2026-04-15 14:17:27,169 - Episodio: 545/800 | Reward:  281.43 | Temp: 0.013 | MA (100 ep):  187.89
2026-04-15 14:17:28,028 - Episodio: 546/800 | Reward:  255.13 | Temp: 0.012 | MA (100 ep):  189.87
2026-04-15 14:17:28,374 - Episodio: 547/800 | Reward:   80.30 | Temp: 0.012 | MA (100 ep):  188.44
2026-04-15 14:17:29,701 - Episodio: 548/800 | Reward:  257.63 | Temp: 0.012 | MA (100 ep):  188.29
2026-04-15 14:17:30,864 - Episodio: 549/800 | Reward:  289.26 | Temp: 0.012 | MA (100 ep):  188.48
2026-04-15 14:17:31,284 - Episodio: 550/800 | Reward:  -25.93 | Temp: 0.012 | MA (100 ep):  186.71
2026-04-15 14:17:31,284 - --- Inizio Evaluation run all'Episodio 550 ---
2026-04-15 14:17:37,122 - *** EVALUATION | Epi: 550 | Mean Reward (50 Run):  177.63 ± 134.66 ***
2026-04-15 14:17:37,122 - --- Fine Evaluation ---
2026-04-15 14:17:38,606 - Episodio: 551/800 | Reward:  293.67 | Temp: 0.012 | MA (100 ep):  186.86
2026-04-15 14:17:39,191 - Episodio: 552/800 | Reward:   31.42 | Temp: 0.012 | MA (100 ep):  184.81
2026-04-15 14:17:40,211 - Episodio: 553/800 | Reward:  248.98 | Temp: 0.012 | MA (100 ep):  184.86
2026-04-15 14:17:42,026 - Episodio: 554/800 | Reward:  258.89 | Temp: 0.012 | MA (100 ep):  184.98
2026-04-15 14:17:43,289 - Episodio: 555/800 | Reward:  258.96 | Temp: 0.012 | MA (100 ep):  185.87
2026-04-15 14:17:44,527 - Episodio: 556/800 | Reward:  252.43 | Temp: 0.011 | MA (100 ep):  187.80
2026-04-15 14:17:45,455 - Episodio: 557/800 | Reward:  275.65 | Temp: 0.011 | MA (100 ep):  187.94
2026-04-15 14:17:45,883 - Episodio: 558/800 | Reward:  -50.82 | Temp: 0.011 | MA (100 ep):  184.72
2026-04-15 14:17:47,772 - Episodio: 559/800 | Reward:  272.20 | Temp: 0.011 | MA (100 ep):  185.65
2026-04-15 14:17:49,013 - Episodio: 560/800 | Reward:  251.56 | Temp: 0.011 | MA (100 ep):  186.61
2026-04-15 14:17:50,414 - Episodio: 561/800 | Reward:  278.98 | Temp: 0.011 | MA (100 ep):  188.90
2026-04-15 14:17:51,802 - Episodio: 562/800 | Reward:  250.57 | Temp: 0.011 | MA (100 ep):  188.66
2026-04-15 14:17:52,841 - Episodio: 563/800 | Reward:  247.48 | Temp: 0.011 | MA (100 ep):  188.52
2026-04-15 14:17:53,629 - Episodio: 564/800 | Reward:  294.91 | Temp: 0.011 | MA (100 ep):  191.92
2026-04-15 14:17:54,027 - Episodio: 565/800 | Reward:   37.15 | Temp: 0.011 | MA (100 ep):  189.34
2026-04-15 14:17:54,697 - Episodio: 566/800 | Reward:  272.94 | Temp: 0.011 | MA (100 ep):  189.23
2026-04-15 14:17:55,443 - Episodio: 567/800 | Reward:  246.88 | Temp: 0.011 | MA (100 ep):  190.89
2026-04-15 14:17:55,800 - Episodio: 568/800 | Reward:   37.31 | Temp: 0.010 | MA (100 ep):  188.56
2026-04-15 14:17:56,602 - Episodio: 569/800 | Reward:  310.18 | Temp: 0.010 | MA (100 ep):  188.72
2026-04-15 14:17:57,175 - Episodio: 570/800 | Reward:  253.60 | Temp: 0.010 | MA (100 ep):  189.48
2026-04-15 14:17:57,882 - Episodio: 571/800 | Reward:  284.81 | Temp: 0.010 | MA (100 ep):  189.59
2026-04-15 14:17:58,948 - Episodio: 572/800 | Reward:  306.96 | Temp: 0.010 | MA (100 ep):  192.30
2026-04-15 14:17:59,949 - Episodio: 573/800 | Reward:  279.10 | Temp: 0.010 | MA (100 ep):  194.72
2026-04-15 14:18:00,960 - Episodio: 574/800 | Reward:  284.81 | Temp: 0.010 | MA (100 ep):  198.43
2026-04-15 14:18:01,891 - Episodio: 575/800 | Reward:  299.24 | Temp: 0.010 | MA (100 ep):  202.30
2026-04-15 14:18:02,811 - Episodio: 576/800 | Reward:  296.42 | Temp: 0.010 | MA (100 ep):  202.72
2026-04-15 14:18:04,042 - Episodio: 577/800 | Reward:  288.81 | Temp: 0.010 | MA (100 ep):  202.99
2026-04-15 14:18:04,738 - Episodio: 578/800 | Reward:  248.92 | Temp: 0.010 | MA (100 ep):  203.84
2026-04-15 14:18:05,453 - Episodio: 579/800 | Reward:  265.27 | Temp: 0.010 | MA (100 ep):  204.14
2026-04-15 14:18:06,255 - Episodio: 580/800 | Reward:  250.47 | Temp: 0.010 | MA (100 ep):  206.38
2026-04-15 14:18:07,042 - Episodio: 581/800 | Reward:  302.16 | Temp: 0.010 | MA (100 ep):  206.88
2026-04-15 14:18:07,677 - Episodio: 582/800 | Reward:  252.43 | Temp: 0.010 | MA (100 ep):  206.86
2026-04-15 14:18:10,104 - Episodio: 583/800 | Reward:  277.12 | Temp: 0.010 | MA (100 ep):  209.27
2026-04-15 14:18:11,312 - Episodio: 584/800 | Reward:  239.77 | Temp: 0.010 | MA (100 ep):  209.41
2026-04-15 14:18:12,077 - Episodio: 585/800 | Reward:  260.43 | Temp: 0.010 | MA (100 ep):  210.22
2026-04-15 14:18:12,644 - Episodio: 586/800 | Reward:  263.97 | Temp: 0.010 | MA (100 ep):  210.11
2026-04-15 14:18:13,809 - Episodio: 587/800 | Reward:  244.89 | Temp: 0.010 | MA (100 ep):  209.54
2026-04-15 14:18:14,738 - Episodio: 588/800 | Reward:  298.17 | Temp: 0.010 | MA (100 ep):  209.72
2026-04-15 14:18:15,617 - Episodio: 589/800 | Reward:  289.90 | Temp: 0.010 | MA (100 ep):  210.01
2026-04-15 14:18:16,251 - Episodio: 590/800 | Reward:  289.17 | Temp: 0.010 | MA (100 ep):  212.39
2026-04-15 14:18:16,933 - Episodio: 591/800 | Reward:  285.98 | Temp: 0.010 | MA (100 ep):  212.25
2026-04-15 14:18:18,560 - Episodio: 592/800 | Reward:  262.70 | Temp: 0.010 | MA (100 ep):  214.73
2026-04-15 14:18:20,759 - Episodio: 593/800 | Reward:  248.78 | Temp: 0.010 | MA (100 ep):  217.83
2026-04-15 14:18:21,825 - Episodio: 594/800 | Reward:  261.07 | Temp: 0.010 | MA (100 ep):  217.50
2026-04-15 14:18:22,366 - Episodio: 595/800 | Reward:  287.45 | Temp: 0.010 | MA (100 ep):  217.72
2026-04-15 14:18:23,315 - Episodio: 596/800 | Reward:  291.58 | Temp: 0.010 | MA (100 ep):  217.62
2026-04-15 14:18:24,083 - Episodio: 597/800 | Reward:  285.24 | Temp: 0.010 | MA (100 ep):  217.95
2026-04-15 14:18:24,967 - Episodio: 598/800 | Reward:  262.20 | Temp: 0.010 | MA (100 ep):  221.06
2026-04-15 14:18:25,811 - Episodio: 599/800 | Reward:  315.79 | Temp: 0.010 | MA (100 ep):  221.40
2026-04-15 14:18:26,599 - Episodio: 600/800 | Reward:  272.35 | Temp: 0.010 | MA (100 ep):  221.75
2026-04-15 14:18:26,599 - --- Inizio Evaluation run all'Episodio 600 ---
2026-04-15 14:18:29,951 - *** EVALUATION | Epi: 600 | Mean Reward (50 Run):  261.07 ± 48.80 ***
2026-04-15 14:18:29,951 - --- Fine Evaluation ---
2026-04-15 14:18:30,610 - Episodio: 601/800 | Reward:  255.00 | Temp: 0.010 | MA (100 ep):  221.75
2026-04-15 14:18:31,382 - Episodio: 602/800 | Reward:  266.26 | Temp: 0.010 | MA (100 ep):  221.35
2026-04-15 14:18:31,983 - Episodio: 603/800 | Reward:  277.11 | Temp: 0.010 | MA (100 ep):  223.98
2026-04-15 14:18:32,708 - Episodio: 604/800 | Reward:  252.39 | Temp: 0.010 | MA (100 ep):  223.78
2026-04-15 14:18:33,951 - Episodio: 605/800 | Reward:  280.49 | Temp: 0.010 | MA (100 ep):  226.38
2026-04-15 14:18:34,848 - Episodio: 606/800 | Reward:  248.78 | Temp: 0.010 | MA (100 ep):  226.07
2026-04-15 14:18:35,619 - Episodio: 607/800 | Reward:  268.32 | Temp: 0.010 | MA (100 ep):  225.97
2026-04-15 14:18:36,401 - Episodio: 608/800 | Reward:  302.32 | Temp: 0.010 | MA (100 ep):  226.51
2026-04-15 14:18:37,032 - Episodio: 609/800 | Reward:  296.78 | Temp: 0.010 | MA (100 ep):  229.22
2026-04-15 14:18:37,725 - Episodio: 610/800 | Reward:  295.09 | Temp: 0.010 | MA (100 ep):  231.94
2026-04-15 14:18:41,448 - Episodio: 611/800 | Reward:  156.68 | Temp: 0.010 | MA (100 ep):  233.63
2026-04-15 14:18:42,502 - Episodio: 612/800 | Reward:  299.54 | Temp: 0.010 | MA (100 ep):  233.78
2026-04-15 14:18:43,448 - Episodio: 613/800 | Reward:  261.37 | Temp: 0.010 | MA (100 ep):  236.80
2026-04-15 14:18:44,139 - Episodio: 614/800 | Reward:  264.51 | Temp: 0.010 | MA (100 ep):  236.80
2026-04-15 14:18:44,951 - Episodio: 615/800 | Reward:  283.21 | Temp: 0.010 | MA (100 ep):  236.90
2026-04-15 14:18:45,736 - Episodio: 616/800 | Reward:  296.39 | Temp: 0.010 | MA (100 ep):  237.13
2026-04-15 14:18:46,517 - Episodio: 617/800 | Reward:  248.44 | Temp: 0.010 | MA (100 ep):  236.98
2026-04-15 14:18:47,260 - Episodio: 618/800 | Reward:  277.84 | Temp: 0.010 | MA (100 ep):  239.55
2026-04-15 14:18:48,113 - Episodio: 619/800 | Reward:  308.78 | Temp: 0.010 | MA (100 ep):  240.04
2026-04-15 14:18:48,769 - Episodio: 620/800 | Reward:  283.46 | Temp: 0.010 | MA (100 ep):  240.61
2026-04-15 14:18:49,534 - Episodio: 621/800 | Reward:  291.91 | Temp: 0.010 | MA (100 ep):  240.81
2026-04-15 14:18:50,683 - Episodio: 622/800 | Reward:  262.23 | Temp: 0.010 | MA (100 ep):  243.22
2026-04-15 14:18:51,502 - Episodio: 623/800 | Reward:  254.02 | Temp: 0.010 | MA (100 ep):  245.71
2026-04-15 14:18:52,129 - Episodio: 624/800 | Reward:  266.39 | Temp: 0.010 | MA (100 ep):  245.72
2026-04-15 14:18:52,733 - Episodio: 625/800 | Reward:  257.82 | Temp: 0.010 | MA (100 ep):  245.97
2026-04-15 14:18:53,300 - Episodio: 626/800 | Reward:  279.15 | Temp: 0.010 | MA (100 ep):  246.33
2026-04-15 14:18:54,038 - Episodio: 627/800 | Reward:  262.76 | Temp: 0.010 | MA (100 ep):  246.08
2026-04-15 14:18:54,737 - Episodio: 628/800 | Reward:  251.52 | Temp: 0.010 | MA (100 ep):  246.22
2026-04-15 14:18:55,290 - Episodio: 629/800 | Reward:  266.40 | Temp: 0.010 | MA (100 ep):  246.00
2026-04-15 14:18:55,910 - Episodio: 630/800 | Reward:  291.72 | Temp: 0.010 | MA (100 ep):  249.16
2026-04-15 14:18:56,583 - Episodio: 631/800 | Reward:  275.93 | Temp: 0.010 | MA (100 ep):  249.17
2026-04-15 14:18:57,299 - Episodio: 632/800 | Reward:  286.39 | Temp: 0.010 | MA (100 ep):  252.12
2026-04-15 14:18:57,975 - Episodio: 633/800 | Reward:  277.59 | Temp: 0.010 | MA (100 ep):  252.08
2026-04-15 14:19:00,084 - Episodio: 634/800 | Reward:  266.84 | Temp: 0.010 | MA (100 ep):  252.06
2026-04-15 14:19:00,888 - Episodio: 635/800 | Reward:  284.55 | Temp: 0.010 | MA (100 ep):  254.77
2026-04-15 14:19:01,600 - Episodio: 636/800 | Reward:  262.76 | Temp: 0.010 | MA (100 ep):  254.63
2026-04-15 14:19:02,352 - Episodio: 637/800 | Reward:  286.66 | Temp: 0.010 | MA (100 ep):  254.89
2026-04-15 14:19:03,055 - Episodio: 638/800 | Reward:  274.01 | Temp: 0.010 | MA (100 ep):  254.93
2026-04-15 14:19:03,954 - Episodio: 639/800 | Reward:  254.78 | Temp: 0.010 | MA (100 ep):  254.86
2026-04-15 14:19:04,643 - Episodio: 640/800 | Reward:  268.57 | Temp: 0.010 | MA (100 ep):  254.87
2026-04-15 14:19:05,368 - Episodio: 641/800 | Reward:  297.75 | Temp: 0.010 | MA (100 ep):  254.97
2026-04-15 14:19:06,046 - Episodio: 642/800 | Reward:  264.36 | Temp: 0.010 | MA (100 ep):  257.31
2026-04-15 14:19:06,738 - Episodio: 643/800 | Reward:  278.27 | Temp: 0.010 | MA (100 ep):  257.37
2026-04-15 14:19:07,300 - Episodio: 644/800 | Reward:  286.45 | Temp: 0.010 | MA (100 ep):  257.28
2026-04-15 14:19:07,826 - Episodio: 645/800 | Reward:  265.06 | Temp: 0.010 | MA (100 ep):  257.12
2026-04-15 14:19:08,642 - Episodio: 646/800 | Reward:  294.97 | Temp: 0.010 | MA (100 ep):  257.52
2026-04-15 14:19:09,431 - Episodio: 647/800 | Reward:  277.18 | Temp: 0.010 | MA (100 ep):  259.49
2026-04-15 14:19:10,115 - Episodio: 648/800 | Reward:  305.52 | Temp: 0.010 | MA (100 ep):  259.97
2026-04-15 14:19:10,796 - Episodio: 649/800 | Reward:  271.48 | Temp: 0.010 | MA (100 ep):  259.79
2026-04-15 14:19:11,889 - Episodio: 650/800 | Reward:  287.14 | Temp: 0.010 | MA (100 ep):  262.92
2026-04-15 14:19:11,889 - --- Inizio Evaluation run all'Episodio 650 ---
2026-04-15 14:19:15,230 - *** EVALUATION | Epi: 650 | Mean Reward (50 Run):  274.62 ± 34.14 ***
2026-04-15 14:19:15,230 - --- Fine Evaluation ---
2026-04-15 14:19:16,013 - Episodio: 651/800 | Reward:  272.39 | Temp: 0.010 | MA (100 ep):  262.71
2026-04-15 14:19:16,825 - Episodio: 652/800 | Reward:  299.16 | Temp: 0.010 | MA (100 ep):  265.38
2026-04-15 14:19:17,678 - Episodio: 653/800 | Reward:  261.39 | Temp: 0.010 | MA (100 ep):  265.51
2026-04-15 14:19:18,400 - Episodio: 654/800 | Reward:  242.67 | Temp: 0.010 | MA (100 ep):  265.34
2026-04-15 14:19:20,799 - Episodio: 655/800 | Reward: -178.02 | Temp: 0.010 | MA (100 ep):  260.97
2026-04-15 14:19:21,464 - Episodio: 656/800 | Reward:  292.23 | Temp: 0.010 | MA (100 ep):  261.37
2026-04-15 14:19:22,195 - Episodio: 657/800 | Reward:  270.53 | Temp: 0.010 | MA (100 ep):  261.32
2026-04-15 14:19:22,915 - Episodio: 658/800 | Reward:  311.69 | Temp: 0.010 | MA (100 ep):  264.95
2026-04-15 14:19:23,474 - Episodio: 659/800 | Reward:  285.80 | Temp: 0.010 | MA (100 ep):  265.08
2026-04-15 14:19:24,373 - Episodio: 660/800 | Reward:  307.54 | Temp: 0.010 | MA (100 ep):  265.64
2026-04-15 14:19:25,042 - Episodio: 661/800 | Reward:  270.39 | Temp: 0.010 | MA (100 ep):  265.56
2026-04-15 14:19:25,674 - Episodio: 662/800 | Reward:  257.33 | Temp: 0.010 | MA (100 ep):  265.62
2026-04-15 14:19:26,450 - Episodio: 663/800 | Reward:  277.73 | Temp: 0.010 | MA (100 ep):  265.93
2026-04-15 14:19:27,534 - Episodio: 664/800 | Reward:  250.85 | Temp: 0.010 | MA (100 ep):  265.49
2026-04-15 14:19:29,508 - Episodio: 665/800 | Reward:  241.12 | Temp: 0.010 | MA (100 ep):  267.53
2026-04-15 14:19:30,216 - Episodio: 666/800 | Reward:  276.89 | Temp: 0.010 | MA (100 ep):  267.57
2026-04-15 14:19:30,898 - Episodio: 667/800 | Reward:  290.65 | Temp: 0.010 | MA (100 ep):  268.00
2026-04-15 14:19:31,633 - Episodio: 668/800 | Reward:  288.84 | Temp: 0.010 | MA (100 ep):  270.52
2026-04-15 14:19:32,705 - Episodio: 669/800 | Reward:  301.99 | Temp: 0.010 | MA (100 ep):  270.44
2026-04-15 14:19:33,327 - Episodio: 670/800 | Reward:  261.70 | Temp: 0.010 | MA (100 ep):  270.52
2026-04-15 14:19:33,790 - Episodio: 671/800 | Reward:   29.07 | Temp: 0.010 | MA (100 ep):  267.96
2026-04-15 14:19:34,439 - Episodio: 672/800 | Reward:  265.51 | Temp: 0.010 | MA (100 ep):  267.55
2026-04-15 14:19:35,007 - Episodio: 673/800 | Reward:  257.14 | Temp: 0.010 | MA (100 ep):  267.33
2026-04-15 14:19:35,733 - Episodio: 674/800 | Reward:  287.58 | Temp: 0.010 | MA (100 ep):  267.35
2026-04-15 14:19:36,038 - Episodio: 675/800 | Reward:   22.65 | Temp: 0.010 | MA (100 ep):  264.59
2026-04-15 14:19:36,838 - Episodio: 676/800 | Reward:  299.06 | Temp: 0.010 | MA (100 ep):  264.61
2026-04-15 14:19:37,713 - Episodio: 677/800 | Reward:  263.37 | Temp: 0.010 | MA (100 ep):  264.36
2026-04-15 14:19:38,223 - Episodio: 678/800 | Reward:   30.23 | Temp: 0.010 | MA (100 ep):  262.17
2026-04-15 14:19:38,885 - Episodio: 679/800 | Reward:  297.47 | Temp: 0.010 | MA (100 ep):  262.49
2026-04-15 14:19:39,632 - Episodio: 680/800 | Reward:  287.58 | Temp: 0.010 | MA (100 ep):  262.87
2026-04-15 14:19:40,177 - Episodio: 681/800 | Reward:  301.95 | Temp: 0.010 | MA (100 ep):  262.86
2026-04-15 14:19:41,062 - Episodio: 682/800 | Reward:  302.11 | Temp: 0.010 | MA (100 ep):  263.36
2026-04-15 14:19:42,276 - Episodio: 683/800 | Reward:  252.95 | Temp: 0.010 | MA (100 ep):  263.12
2026-04-15 14:19:43,047 - Episodio: 684/800 | Reward:  280.75 | Temp: 0.010 | MA (100 ep):  263.53
2026-04-15 14:19:43,873 - Episodio: 685/800 | Reward:  294.28 | Temp: 0.010 | MA (100 ep):  263.87
2026-04-15 14:19:44,204 - Episodio: 686/800 | Reward:  -66.91 | Temp: 0.010 | MA (100 ep):  260.56
2026-04-15 14:19:44,847 - Episodio: 687/800 | Reward:  241.17 | Temp: 0.010 | MA (100 ep):  260.52
2026-04-15 14:19:45,544 - Episodio: 688/800 | Reward:  286.40 | Temp: 0.010 | MA (100 ep):  260.40
2026-04-15 14:19:46,186 - Episodio: 689/800 | Reward:  288.79 | Temp: 0.010 | MA (100 ep):  260.39
2026-04-15 14:19:46,900 - Episodio: 690/800 | Reward:  272.15 | Temp: 0.010 | MA (100 ep):  260.22
2026-04-15 14:19:47,528 - Episodio: 691/800 | Reward:  250.78 | Temp: 0.010 | MA (100 ep):  259.87
2026-04-15 14:19:48,270 - Episodio: 692/800 | Reward:  285.33 | Temp: 0.010 | MA (100 ep):  260.10
2026-04-15 14:19:48,966 - Episodio: 693/800 | Reward:  296.80 | Temp: 0.010 | MA (100 ep):  260.58
2026-04-15 14:19:49,789 - Episodio: 694/800 | Reward:  283.40 | Temp: 0.010 | MA (100 ep):  260.80
2026-04-15 14:19:50,497 - Episodio: 695/800 | Reward:  279.86 | Temp: 0.010 | MA (100 ep):  260.72
2026-04-15 14:19:51,447 - Episodio: 696/800 | Reward:  309.83 | Temp: 0.010 | MA (100 ep):  260.91
2026-04-15 14:19:52,265 - Episodio: 697/800 | Reward:  277.14 | Temp: 0.010 | MA (100 ep):  260.83
2026-04-15 14:19:52,974 - Episodio: 698/800 | Reward:  260.45 | Temp: 0.010 | MA (100 ep):  260.81
2026-04-15 14:19:53,851 - Episodio: 699/800 | Reward:  293.57 | Temp: 0.010 | MA (100 ep):  260.59
2026-04-15 14:19:54,423 - Episodio: 700/800 | Reward:  272.94 | Temp: 0.010 | MA (100 ep):  260.59
2026-04-15 14:19:54,423 - --- Inizio Evaluation run all'Episodio 700 ---
2026-04-15 14:19:57,499 - *** EVALUATION | Epi: 700 | Mean Reward (50 Run):  233.70 ± 95.02 ***
2026-04-15 14:19:57,499 - --- Fine Evaluation ---
2026-04-15 14:19:58,131 - Episodio: 701/800 | Reward:  288.62 | Temp: 0.010 | MA (100 ep):  260.93
2026-04-15 14:19:58,784 - Episodio: 702/800 | Reward:  278.65 | Temp: 0.010 | MA (100 ep):  261.05
2026-04-15 14:19:59,980 - Episodio: 703/800 | Reward:  284.95 | Temp: 0.010 | MA (100 ep):  261.13
2026-04-15 14:20:00,675 - Episodio: 704/800 | Reward:  265.22 | Temp: 0.010 | MA (100 ep):  261.26
2026-04-15 14:20:03,891 - Episodio: 705/800 | Reward:  263.99 | Temp: 0.010 | MA (100 ep):  261.09
2026-04-15 14:20:04,747 - Episodio: 706/800 | Reward:  285.86 | Temp: 0.010 | MA (100 ep):  261.46
2026-04-15 14:20:05,424 - Episodio: 707/800 | Reward:  268.32 | Temp: 0.010 | MA (100 ep):  261.46
2026-04-15 14:20:06,007 - Episodio: 708/800 | Reward:  277.19 | Temp: 0.010 | MA (100 ep):  261.21
2026-04-15 14:20:06,814 - Episodio: 709/800 | Reward:  305.50 | Temp: 0.010 | MA (100 ep):  261.30
2026-04-15 14:20:07,538 - Episodio: 710/800 | Reward:  278.43 | Temp: 0.010 | MA (100 ep):  261.13
2026-04-15 14:20:08,393 - Episodio: 711/800 | Reward:  269.50 | Temp: 0.010 | MA (100 ep):  262.26
2026-04-15 14:20:09,372 - Episodio: 712/800 | Reward:  308.11 | Temp: 0.010 | MA (100 ep):  262.35
2026-04-15 14:20:09,910 - Episodio: 713/800 | Reward:  261.09 | Temp: 0.010 | MA (100 ep):  262.34
2026-04-15 14:20:10,529 - Episodio: 714/800 | Reward:  286.55 | Temp: 0.010 | MA (100 ep):  262.57
2026-04-15 14:20:11,314 - Episodio: 715/800 | Reward:  280.57 | Temp: 0.010 | MA (100 ep):  262.54
2026-04-15 14:20:12,153 - Episodio: 716/800 | Reward:  293.51 | Temp: 0.010 | MA (100 ep):  262.51
2026-04-15 14:20:12,863 - Episodio: 717/800 | Reward:  283.98 | Temp: 0.010 | MA (100 ep):  262.87
2026-04-15 14:20:13,360 - Episodio: 718/800 | Reward:  255.78 | Temp: 0.010 | MA (100 ep):  262.64
2026-04-15 14:20:14,032 - Episodio: 719/800 | Reward:  269.93 | Temp: 0.010 | MA (100 ep):  262.26
2026-04-15 14:20:14,648 - Episodio: 720/800 | Reward:  259.31 | Temp: 0.010 | MA (100 ep):  262.01
2026-04-15 14:20:15,245 - Episodio: 721/800 | Reward:  275.64 | Temp: 0.010 | MA (100 ep):  261.85
2026-04-15 14:20:15,799 - Episodio: 722/800 | Reward:  269.81 | Temp: 0.010 | MA (100 ep):  261.93
2026-04-15 14:20:16,602 - Episodio: 723/800 | Reward:  302.45 | Temp: 0.010 | MA (100 ep):  262.41
2026-04-15 14:20:17,344 - Episodio: 724/800 | Reward:  285.31 | Temp: 0.010 | MA (100 ep):  262.60
2026-04-15 14:20:18,024 - Episodio: 725/800 | Reward:  285.36 | Temp: 0.010 | MA (100 ep):  262.88
2026-04-15 14:20:18,636 - Episodio: 726/800 | Reward:  299.98 | Temp: 0.010 | MA (100 ep):  263.09
2026-04-15 14:20:19,301 - Episodio: 727/800 | Reward:  276.87 | Temp: 0.010 | MA (100 ep):  263.23
2026-04-15 14:20:20,029 - Episodio: 728/800 | Reward:  269.08 | Temp: 0.010 | MA (100 ep):  263.40
2026-04-15 14:20:20,659 - Episodio: 729/800 | Reward:  276.43 | Temp: 0.010 | MA (100 ep):  263.50
2026-04-15 14:20:21,598 - Episodio: 730/800 | Reward:  300.39 | Temp: 0.010 | MA (100 ep):  263.59
2026-04-15 14:20:22,164 - Episodio: 731/800 | Reward:  263.73 | Temp: 0.010 | MA (100 ep):  263.47
2026-04-15 14:20:22,911 - Episodio: 732/800 | Reward:  303.20 | Temp: 0.010 | MA (100 ep):  263.64
2026-04-15 14:20:23,557 - Episodio: 733/800 | Reward:  286.88 | Temp: 0.010 | MA (100 ep):  263.73
2026-04-15 14:20:24,160 - Episodio: 734/800 | Reward:   25.26 | Temp: 0.010 | MA (100 ep):  261.31
2026-04-15 14:20:24,757 - Episodio: 735/800 | Reward:  267.91 | Temp: 0.010 | MA (100 ep):  261.15
2026-04-15 14:20:25,528 - Episodio: 736/800 | Reward:  253.83 | Temp: 0.010 | MA (100 ep):  261.06
2026-04-15 14:20:26,540 - Episodio: 737/800 | Reward:  313.07 | Temp: 0.010 | MA (100 ep):  261.32
2026-04-15 14:20:27,178 - Episodio: 738/800 | Reward:  297.16 | Temp: 0.010 | MA (100 ep):  261.55
2026-04-15 14:20:27,711 - Episodio: 739/800 | Reward:  289.69 | Temp: 0.010 | MA (100 ep):  261.90
2026-04-15 14:20:28,449 - Episodio: 740/800 | Reward:  318.64 | Temp: 0.010 | MA (100 ep):  262.40
2026-04-15 14:20:29,174 - Episodio: 741/800 | Reward:  285.87 | Temp: 0.010 | MA (100 ep):  262.28
2026-04-15 14:20:29,828 - Episodio: 742/800 | Reward:  280.08 | Temp: 0.010 | MA (100 ep):  262.44
2026-04-15 14:20:30,466 - Episodio: 743/800 | Reward:  305.85 | Temp: 0.010 | MA (100 ep):  262.72
2026-04-15 14:20:31,285 - Episodio: 744/800 | Reward:  283.37 | Temp: 0.010 | MA (100 ep):  262.69
2026-04-15 14:20:31,955 - Episodio: 745/800 | Reward:  272.39 | Temp: 0.010 | MA (100 ep):  262.76
2026-04-15 14:20:32,605 - Episodio: 746/800 | Reward:  270.72 | Temp: 0.010 | MA (100 ep):  262.52
2026-04-15 14:20:33,188 - Episodio: 747/800 | Reward:  274.68 | Temp: 0.010 | MA (100 ep):  262.49
2026-04-15 14:20:33,898 - Episodio: 748/800 | Reward:  268.02 | Temp: 0.010 | MA (100 ep):  262.12
2026-04-15 14:20:34,665 - Episodio: 749/800 | Reward:  293.83 | Temp: 0.010 | MA (100 ep):  262.34
2026-04-15 14:20:35,477 - Episodio: 750/800 | Reward:  301.92 | Temp: 0.010 | MA (100 ep):  262.49
2026-04-15 14:20:35,477 - --- Inizio Evaluation run all'Episodio 750 ---
2026-04-15 14:20:38,097 - *** EVALUATION | Epi: 750 | Mean Reward (50 Run):  255.05 ± 71.41 ***
2026-04-15 14:20:38,097 - --- Fine Evaluation ---
2026-04-15 14:20:38,719 - Episodio: 751/800 | Reward:  262.39 | Temp: 0.010 | MA (100 ep):  262.39
2026-04-15 14:20:39,343 - Episodio: 752/800 | Reward:  276.00 | Temp: 0.010 | MA (100 ep):  262.16
2026-04-15 14:20:39,974 - Episodio: 753/800 | Reward:  273.11 | Temp: 0.010 | MA (100 ep):  262.27
2026-04-15 14:20:40,681 - Episodio: 754/800 | Reward:  281.87 | Temp: 0.010 | MA (100 ep):  262.67
2026-04-15 14:20:41,374 - Episodio: 755/800 | Reward:  272.41 | Temp: 0.010 | MA (100 ep):  267.17
2026-04-15 14:20:41,856 - Episodio: 756/800 | Reward:  250.24 | Temp: 0.010 | MA (100 ep):  266.75
2026-04-15 14:20:42,681 - Episodio: 757/800 | Reward:  309.58 | Temp: 0.010 | MA (100 ep):  267.14
2026-04-15 14:20:44,079 - Episodio: 758/800 | Reward:  256.62 | Temp: 0.010 | MA (100 ep):  266.59
2026-04-15 14:20:44,660 - Episodio: 759/800 | Reward:  304.43 | Temp: 0.010 | MA (100 ep):  266.78
2026-04-15 14:20:45,325 - Episodio: 760/800 | Reward:  290.01 | Temp: 0.010 | MA (100 ep):  266.60
2026-04-15 14:20:45,891 - Episodio: 761/800 | Reward:  285.69 | Temp: 0.010 | MA (100 ep):  266.75
2026-04-15 14:20:46,570 - Episodio: 762/800 | Reward:  289.96 | Temp: 0.010 | MA (100 ep):  267.08
2026-04-15 14:20:48,964 - Episodio: 763/800 | Reward:  264.07 | Temp: 0.010 | MA (100 ep):  266.94
2026-04-15 14:20:49,674 - Episodio: 764/800 | Reward:  271.43 | Temp: 0.010 | MA (100 ep):  267.15
2026-04-15 14:20:50,338 - Episodio: 765/800 | Reward:  305.17 | Temp: 0.010 | MA (100 ep):  267.79
2026-04-15 14:20:50,910 - Episodio: 766/800 | Reward:  256.83 | Temp: 0.010 | MA (100 ep):  267.59
2026-04-15 14:20:51,506 - Episodio: 767/800 | Reward:   27.05 | Temp: 0.010 | MA (100 ep):  264.95
2026-04-15 14:20:52,142 - Episodio: 768/800 | Reward:  228.01 | Temp: 0.010 | MA (100 ep):  264.34
2026-04-15 14:20:52,774 - Episodio: 769/800 | Reward:  283.63 | Temp: 0.010 | MA (100 ep):  264.16
2026-04-15 14:20:53,314 - Episodio: 770/800 | Reward:  285.06 | Temp: 0.010 | MA (100 ep):  264.39
2026-04-15 14:20:54,147 - Episodio: 771/800 | Reward:  279.04 | Temp: 0.010 | MA (100 ep):  266.89
2026-04-15 14:20:54,704 - Episodio: 772/800 | Reward:  269.49 | Temp: 0.010 | MA (100 ep):  266.93
2026-04-15 14:20:55,399 - Episodio: 773/800 | Reward:  294.96 | Temp: 0.010 | MA (100 ep):  267.31
2026-04-15 14:20:56,079 - Episodio: 774/800 | Reward:  295.58 | Temp: 0.010 | MA (100 ep):  267.39
2026-04-15 14:20:56,643 - Episodio: 775/800 | Reward:  256.48 | Temp: 0.010 | MA (100 ep):  269.73
2026-04-15 14:20:57,168 - Episodio: 776/800 | Reward:    3.39 | Temp: 0.010 | MA (100 ep):  266.77
2026-04-15 14:20:57,583 - Episodio: 777/800 | Reward:   72.13 | Temp: 0.010 | MA (100 ep):  264.86
2026-04-15 14:20:58,229 - Episodio: 778/800 | Reward:  268.79 | Temp: 0.010 | MA (100 ep):  267.25
2026-04-15 14:20:58,801 - Episodio: 779/800 | Reward:  277.00 | Temp: 0.010 | MA (100 ep):  267.04
2026-04-15 14:20:59,236 - Episodio: 780/800 | Reward:   48.40 | Temp: 0.010 | MA (100 ep):  264.65
2026-04-15 14:20:59,881 - Episodio: 781/800 | Reward:  292.80 | Temp: 0.010 | MA (100 ep):  264.56
2026-04-15 14:21:00,492 - Episodio: 782/800 | Reward:  258.67 | Temp: 0.010 | MA (100 ep):  264.12
2026-04-15 14:21:01,237 - Episodio: 783/800 | Reward:  283.36 | Temp: 0.010 | MA (100 ep):  264.43
2026-04-15 14:21:02,053 - Episodio: 784/800 | Reward:  242.09 | Temp: 0.010 | MA (100 ep):  264.04
2026-04-15 14:21:02,812 - Episodio: 785/800 | Reward:  289.35 | Temp: 0.010 | MA (100 ep):  263.99
2026-04-15 14:21:03,941 - Episodio: 786/800 | Reward:  237.31 | Temp: 0.010 | MA (100 ep):  267.03
2026-04-15 14:21:04,639 - Episodio: 787/800 | Reward:  288.84 | Temp: 0.010 | MA (100 ep):  267.51
2026-04-15 14:21:05,201 - Episodio: 788/800 | Reward:  287.35 | Temp: 0.010 | MA (100 ep):  267.52
2026-04-15 14:21:05,910 - Episodio: 789/800 | Reward:  252.76 | Temp: 0.010 | MA (100 ep):  267.16
2026-04-15 14:21:06,612 - Episodio: 790/800 | Reward:  296.29 | Temp: 0.010 | MA (100 ep):  267.40
2026-04-15 14:21:07,162 - Episodio: 791/800 | Reward:  272.24 | Temp: 0.010 | MA (100 ep):  267.62
2026-04-15 14:21:07,882 - Episodio: 792/800 | Reward:  305.81 | Temp: 0.010 | MA (100 ep):  267.82
2026-04-15 14:21:08,875 - Episodio: 793/800 | Reward:  295.64 | Temp: 0.010 | MA (100 ep):  267.81
2026-04-15 14:21:09,294 - Episodio: 794/800 | Reward:    9.06 | Temp: 0.010 | MA (100 ep):  265.07
2026-04-15 14:21:10,105 - Episodio: 795/800 | Reward:  268.53 | Temp: 0.010 | MA (100 ep):  264.95
2026-04-15 14:21:10,784 - Episodio: 796/800 | Reward:  264.62 | Temp: 0.010 | MA (100 ep):  264.50
2026-04-15 14:21:11,552 - Episodio: 797/800 | Reward:  279.04 | Temp: 0.010 | MA (100 ep):  264.52
2026-04-15 14:21:11,920 - Episodio: 798/800 | Reward:   38.94 | Temp: 0.010 | MA (100 ep):  262.30
2026-04-15 14:21:12,596 - Episodio: 799/800 | Reward:  310.70 | Temp: 0.010 | MA (100 ep):  262.48
2026-04-15 14:21:13,190 - Episodio: 800/800 | Reward:  269.75 | Temp: 0.010 | MA (100 ep):  262.44
2026-04-15 14:21:13,190 - --- Inizio Evaluation run all'Episodio 800 ---
2026-04-15 14:21:16,299 - *** EVALUATION | Epi: 800 | Mean Reward (50 Run):  270.94 ± 42.63 ***
2026-04-15 14:21:16,299 - --- Fine Evaluation ---
2026-04-15 14:21:16,315 - Model run 5 saved in temp/model_expected_sarsa_run5_20260415_124055.pth.
2026-04-15 14:21:16,747 - Plot saved in: temp/reward_plot_expected_sarsa_20260415_124055.png
2026-04-15 14:21:16,747 - Training completed for expected_sarsa with 5 runs. Final plot saved in temp/reward_plot_expected_sarsa_20260415_124055.png.
